retention_value,treatment_cost,capacity,policy,metric,replicates,mean,std,mcse,median,minimum,maximum,q025,q975
40.0,5.0,0.1,DR-learner,incremental_profit,10,1969.1549304730186,129.197171097492,40.855732791855075,2006.5287710688433,1783.4087930671085,2140.0876879674456,1787.916320557951,2134.6047792337795
40.0,5.0,0.1,DR-learner,profit_per_customer,10,0.6563849768243395,0.043065723699164,0.013618577597285023,0.6688429236896144,0.5944695976890362,0.7133625626558152,0.5959721068526503,0.7115349264112598
40.0,5.0,0.1,DR-learner,regret_vs_oracle,10,550.7354864174415,115.36186475047597,36.48062477357962,525.597278627718,384.0062959891202,717.2185718763394,391.61136643280906,713.154058645438
40.0,5.0,0.1,DR-learner,oracle_profit_captured,10,0.7812372186178971,0.04691552083769962,0.014835990346022159,0.7927566624292179,0.7154640695585789,0.8463806142385524,0.7161188202089808,0.8441934624363533
40.0,5.0,0.1,DR-learner,treatment_rate,10,0.09626666666666667,0.004652889716729745,0.0014713729206441652,0.098,0.08733333333333333,0.1,0.08793333333333334,0.1
40.0,5.0,0.1,DR-learner,dr_incremental_profit,10,1620.5275681940966,741.6001216861669,234.5145497586317,1410.0644191765969,740.7107470381975,3195.248452687725,804.8794135537692,2993.4252858093773
40.0,5.0,0.1,DR-learner,observational_estimation_error,10,-348.6273622789219,681.2450198908496,215.42859075017967,-586.1615242121293,-1062.7315015437666,1159.4850482943702,-1017.4409253934373,951.375067474756
40.0,5.0,0.1,Oracle,incremental_profit,10,2519.89041689046,28.43710155410563,8.992601096448773,2522.2492101181074,2480.6305005568993,2564.829591306998,2481.065281812971,2563.2691500968394
40.0,5.0,0.1,Oracle,profit_per_customer,10,0.83996347229682,0.009479033851368538,0.002997533698816256,0.8407497367060358,0.8268768335189665,0.8549431971023326,0.8270217606043238,0.8544230500322798
40.0,5.0,0.1,Oracle,regret_vs_oracle,10,0.0,0.0,0.0,0.0,0.0,0.0,0.0,0.0
40.0,5.0,0.1,Oracle,oracle_profit_captured,10,1.0,0.0,0.0,1.0,1.0,1.0,1.0,1.0
40.0,5.0,0.1,Oracle,treatment_rate,10,0.1,0.0,0.0,0.1,0.1,0.1,0.1,0.1
40.0,5.0,0.1,Oracle,dr_incremental_profit,0,,,,,,,,
40.0,5.0,0.1,Oracle,observational_estimation_error,0,,,,,,,,
40.0,5.0,0.1,Random,incremental_profit,10,379.1591836284837,66.07392520606159,20.894409759876492,391.5155985774767,233.56275330764356,443.48414680096334,252.35980948243244,442.2289925016649
40.0,5.0,0.1,Random,profit_per_customer,10,0.1263863945428279,0.022024641735353862,0.0069648032532921645,0.13050519952582557,0.07785425110254786,0.14782804893365445,0.08411993649414415,0.14740966416722162
40.0,5.0,0.1,Random,regret_vs_oracle,10,2140.731233261976,48.17701445169706,15.234909653421077,2128.012058326495,2082.755137209778,2247.0677472492557,2085.160877597072,2234.363254950132
40.0,5.0,0.1,Random,oracle_profit_captured,10,0.15028103348906635,0.025124785656108466,0.007945154839683074,0.15584703327327248,0.09415459225193311,0.1748112446788003,0.10142155045505329,0.17456718616148448
40.0,5.0,0.1,Random,treatment_rate,10,0.1,0.0,0.0,0.1,0.1,0.1,0.1,0.1
40.0,5.0,0.1,Random,dr_incremental_profit,10,325.4837066880167,601.4007377042839,190.179611765104,303.6687175767553,-740.5094509020765,1205.1966530841223,-618.7706225429149,1183.4710353992002
40.0,5.0,0.1,Random,observational_estimation_error,10,-53.67547694046702,604.9477158743265,191.30126474792706,-31.82350481800455,-1183.99359770304,798.9066717706464,-1047.2376098779941,786.3204295371547
40.0,5.0,0.1,S-learner,incremental_profit,10,2003.9673659585158,131.52901930117204,41.59312793999519,2006.2835134704474,1771.6109284935137,2177.5017982012323,1793.6029234455584,2177.35349189395
40.0,5.0,0.1,S-learner,profit_per_customer,10,0.6679891219861721,0.043843006433724005,0.013864375979998393,0.6687611711568158,0.5905369761645046,0.7258339327337441,0.5978676411485195,0.7257844972979833
40.0,5.0,0.1,S-learner,regret_vs_oracle,10,515.9230509319439,119.87811508587572,37.908788527915874,502.90817537590647,322.2237024945953,710.9519332014834,335.4599879792325,698.3109629865431
40.0,5.0,0.1,S-learner,oracle_profit_captured,10,0.7950869079700844,0.04855178071173997,0.015353421150612931,0.8018808005591229,0.7136217800680088,0.8710963654189627,0.7196907791642585,0.8665812463177858
40.0,5.0,0.1,S-learner,treatment_rate,10,0.0965,0.004764192572115191,0.0015065699739539996,0.09883333333333333,0.087,0.1,0.0876,0.1
40.0,5.0,0.1,S-learner,dr_incremental_profit,10,1872.1704378954316,874.403589752948,276.5106937846784,1829.4252585520167,656.2225287331449,3578.5599834779155,761.2712628707997,3366.2396402547415
40.0,5.0,0.1,S-learner,observational_estimation_error,10,-131.79692806308418,908.4047169586513,287.2627942829923,-150.52225625638448,-1357.052667929745,1495.0009734228242,-1288.8066128309351,1352.868948551005
40.0,5.0,0.1,T-learner,incremental_profit,10,1877.9306455375652,120.58676694242408,38.132883921395845,1854.7690355437837,1723.1394030239949,2060.6909071580412,1729.3287635325503,2057.5767721904726
40.0,5.0,0.1,T-learner,profit_per_customer,10,0.625976881845855,0.04019558898080802,0.012710961307131948,0.6182563451812613,0.5743798010079982,0.6868969690526804,0.5764429211775167,0.6858589240634909
40.0,5.0,0.1,T-learner,regret_vs_oracle,10,641.9597713528947,115.32268139325251,36.4682339080598,668.5608082819085,452.875193393646,800.9835686136889,462.8490376034325,794.015224089773
40.0,5.0,0.1,T-learner,oracle_profit_captured,10,0.7451833007833326,0.04600625922825235,0.014548456578541773,0.7328942027513996,0.6826685634519619,0.8188300302302861,0.6853349866187455,0.8158577825394111
40.0,5.0,0.1,T-learner,treatment_rate,10,0.09736666666666667,0.003411852977597476,0.0010789226450835464,0.1,0.093,0.1,0.093,0.1
40.0,5.0,0.1,T-learner,dr_incremental_profit,10,1829.1922570487927,575.131579181799,181.87257445039643,1707.6686883548919,987.6773142626531,2817.5539436812605,1060.636582327325,2732.860724240183
40.0,5.0,0.1,T-learner,observational_estimation_error,10,-48.73838848877226,579.8209098671314,183.35547101713328,-118.32491345656797,-1073.0135928953882,964.8742171293302,-935.7349896013436,852.5477847410535
40.0,5.0,0.1,Treat nobody,incremental_profit,10,0.0,0.0,0.0,0.0,0.0,0.0,0.0,0.0
40.0,5.0,0.1,Treat nobody,profit_per_customer,10,0.0,0.0,0.0,0.0,0.0,0.0,0.0,0.0
40.0,5.0,0.1,Treat nobody,regret_vs_oracle,10,2519.89041689046,28.43710155410563,8.992601096448773,2522.2492101181074,2480.6305005568993,2564.829591306998,2481.065281812971,2563.2691500968394
40.0,5.0,0.1,Treat nobody,oracle_profit_captured,10,0.0,0.0,0.0,0.0,0.0,0.0,0.0,0.0
40.0,5.0,0.1,Treat nobody,treatment_rate,10,0.0,0.0,0.0,0.0,0.0,0.0,0.0,0.0
40.0,5.0,0.1,Treat nobody,dr_incremental_profit,10,0.0,0.0,0.0,0.0,0.0,0.0,0.0,0.0
40.0,5.0,0.1,Treat nobody,observational_estimation_error,10,0.0,0.0,0.0,0.0,0.0,0.0,0.0,0.0
40.0,5.0,0.2,DR-learner,incremental_profit,10,3477.2785072844717,184.20976833946477,58.252243520468184,3469.1577896956824,3202.4073450932083,3759.2802978450454,3223.4655233049907,3740.671038264942
40.0,5.0,0.2,DR-learner,profit_per_customer,10,1.1590928357614905,0.06140325611315496,0.01941741450682274,1.1563859298985606,1.0674691150310693,1.2530934326150152,1.0744885077683302,1.246890346088314
40.0,5.0,0.2,DR-learner,regret_vs_oracle,10,882.7476221916837,153.83577047259942,48.64714203002915,865.0594703857078,678.0481973647811,1189.5428281403292,686.6891467437018,1146.2657082597934
40.0,5.0,0.2,DR-learner,oracle_profit_captured,10,0.7973470755704933,0.03615494337471384,0.011433196973851032,0.8003999941652684,0.7291538425481412,0.8471945004529762,0.7378324996795311,0.844360326627699
40.0,5.0,0.2,DR-learner,treatment_rate,10,0.19466666666666668,0.007284348179148343,0.0023035131515809016,0.19866666666666666,0.179,0.2,0.180725,0.2
40.0,5.0,0.2,DR-learner,dr_incremental_profit,10,2986.7149581550466,1283.2561775084964,405.80123424081864,2774.194162658413,1259.0981805254892,6117.7048647976735,1439.1928219928247,5584.484574193819
40.0,5.0,0.2,DR-learner,observational_estimation_error,10,-490.5635491294246,1192.9304987065148,377.2377466193135,-753.9233943490649,-1943.309164567719,2441.132387308643,-1798.3979063883544,1923.099614894927
40.0,5.0,0.2,Oracle,incremental_profit,10,4360.026129476154,61.21787097231913,19.358790577883507,4354.607431069193,4266.741021151445,4446.1827214208715,4272.694138701163,4444.190520523386
40.0,5.0,0.2,Oracle,profit_per_customer,10,1.4533420431587183,0.020405956990773057,0.00645293019262784,1.4515358103563978,1.4222470070504818,1.4820609071402906,1.4242313795670543,1.4813968401744622
40.0,5.0,0.2,Oracle,regret_vs_oracle,10,0.0,0.0,0.0,0.0,0.0,0.0,0.0,0.0
40.0,5.0,0.2,Oracle,oracle_profit_captured,10,1.0,0.0,0.0,1.0,1.0,1.0,1.0,1.0
40.0,5.0,0.2,Oracle,treatment_rate,10,0.2,0.0,0.0,0.2,0.2,0.2,0.2,0.2
40.0,5.0,0.2,Oracle,dr_incremental_profit,0,,,,,,,,
40.0,5.0,0.2,Oracle,observational_estimation_error,0,,,,,,,,
40.0,5.0,0.2,Random,incremental_profit,10,706.4237298985306,123.38601252947043,39.018083099920005,695.5886278041655,548.1317504116123,887.2976982525815,551.3292438895338,884.9011495018923
40.0,5.0,0.2,Random,profit_per_customer,10,0.23547457663284352,0.041128670843156814,0.013006027699973336,0.23186287593472182,0.18271058347053742,0.2957658994175272,0.18377641462984462,0.2949670498339641
40.0,5.0,0.2,Random,regret_vs_oracle,10,3653.6023995776245,89.6429629670109,28.34759391818799,3634.275180325383,3536.612742699201,3783.455312230367,3541.624005804746,3780.272836838869
40.0,5.0,0.2,Random,oracle_profit_captured,10,0.16179275638631144,0.026620974957642745,0.008418291440045552,0.15824864116971,0.12654293737715813,0.19956393019516455,0.12742198288618137,0.1993558715521149
40.0,5.0,0.2,Random,treatment_rate,10,0.2,0.0,0.0,0.2,0.2,0.2,0.2,0.2
40.0,5.0,0.2,Random,dr_incremental_profit,10,202.40945317266915,946.3182528529672,299.25210704065097,377.6330333408496,-1177.2344315696673,1250.3473615815983,-1140.8670615316717,1233.3662037006472
40.0,5.0,0.2,Random,observational_estimation_error,10,-504.0142767258616,912.0610850378066,288.4190393923988,-309.6510468420454,-1739.5772641053754,617.6804428958371,-1726.986698308722,561.6198574265736
40.0,5.0,0.2,S-learner,incremental_profit,10,3543.878871349756,197.9736472623772,62.604764203987024,3475.6562216665097,3323.290747352383,3794.8816124208843,3327.832314952366,3788.7203729202083
40.0,5.0,0.2,S-learner,profit_per_customer,10,1.1812929571165856,0.06599121575412574,0.020868254734662344,1.1585520738888366,1.1077635824507943,1.2649605374736281,1.1092774383174553,1.2629067909734029
40.0,5.0,0.2,S-learner,regret_vs_oracle,10,816.1472581263987,171.31671460466745,54.17510194077818,804.3139495954192,565.3107488770956,1034.3452483882456,584.6585799047463,1028.4408266861167
40.0,5.0,0.2,S-learner,oracle_profit_captured,10,0.8126365818981643,0.04002207000902116,0.01265608979032225,0.8120717697140833,0.7626361519412667,0.8694910801279626,0.7639186587231604,0.8658963592161194
40.0,5.0,0.2,S-learner,treatment_rate,10,0.19503333333333334,0.00794650322973866,0.0025129049639858437,0.2,0.17633333333333334,0.2,0.17888333333333334,0.2
40.0,5.0,0.2,S-learner,dr_incremental_profit,10,3315.9548099382605,1021.347781316249,322.97852721189133,3123.2436513851885,2276.2013060256186,5525.191660913933,2293.6896656850267,5193.717960084293
40.0,5.0,0.2,S-learner,observational_estimation_error,10,-227.9240614114959,979.4412001911554,309.7265026812996,-324.41442909819307,-1412.3489648085615,1730.3100484930492,-1392.9923423919142,1451.1864711186445
40.0,5.0,0.2,T-learner,incremental_profit,10,3315.4243600405107,164.99485817542322,52.17595540507909,3313.5580412447107,2993.963114857538,3565.3943627042636,3042.8724095546213,3551.9914442008157
40.0,5.0,0.2,T-learner,profit_per_customer,10,1.105141453346837,0.05499828605847438,0.017391985135026353,1.1045193470815704,0.9979877049525127,1.1884647875680878,1.0142908031848736,1.1839971480669385
40.0,5.0,0.2,T-learner,regret_vs_oracle,10,1044.6017694356444,159.15209234441178,50.32831061897883,1044.6659457815604,766.1926999377156,1363.6728808830903,802.0677436800036,1319.1713831769712
40.0,5.0,0.2,T-learner,oracle_profit_captured,10,0.7604166580289298,0.036390010519736365,0.011507531731985461,0.7634865179600749,0.68706131438789,0.8231150179236177,0.697743949303153,0.8156811926386943
40.0,5.0,0.2,T-learner,treatment_rate,10,0.19663333333333333,0.004484403699847944,0.0014180929639205579,0.2,0.18933333333333333,0.2,0.18978333333333333,0.2
40.0,5.0,0.2,T-learner,dr_incremental_profit,10,3363.8449136879476,1200.80021153245,379.72636832545305,2908.0050749715183,2126.4137226715247,6035.260145655329,2144.561275619791,5716.453784600312
40.0,5.0,0.2,T-learner,observational_estimation_error,10,48.42055364743669,1182.6243437047492,373.97865424688194,-567.2726991955251,-1099.6480039283415,2636.21056610262,-1029.2782633380514,2349.5778236689384
40.0,5.0,0.2,Treat nobody,incremental_profit,10,0.0,0.0,0.0,0.0,0.0,0.0,0.0,0.0
40.0,5.0,0.2,Treat nobody,profit_per_customer,10,0.0,0.0,0.0,0.0,0.0,0.0,0.0,0.0
40.0,5.0,0.2,Treat nobody,regret_vs_oracle,10,4360.026129476154,61.21787097231913,19.358790577883507,4354.607431069193,4266.741021151445,4446.1827214208715,4272.694138701163,4444.190520523386
40.0,5.0,0.2,Treat nobody,oracle_profit_captured,10,0.0,0.0,0.0,0.0,0.0,0.0,0.0,0.0
40.0,5.0,0.2,Treat nobody,treatment_rate,10,0.0,0.0,0.0,0.0,0.0,0.0,0.0,0.0
40.0,5.0,0.2,Treat nobody,dr_incremental_profit,10,0.0,0.0,0.0,0.0,0.0,0.0,0.0,0.0
40.0,5.0,0.2,Treat nobody,observational_estimation_error,10,0.0,0.0,0.0,0.0,0.0,0.0,0.0,0.0
40.0,5.0,0.3,DR-learner,incremental_profit,10,4604.495034197945,205.3818528339899,64.9474445020916,4569.574467282088,4342.294909551434,4918.084161173518,4352.970398227868,4893.501240966539
40.0,5.0,0.3,DR-learner,profit_per_customer,10,1.5348316780659816,0.06846061761132999,0.021649148167363873,1.5231914890940295,1.4474316365171447,1.6393613870578392,1.4509901327426225,1.6311670803221796
40.0,5.0,0.3,DR-learner,regret_vs_oracle,10,1075.381886729267,162.92876477091906,51.522599303390614,1067.535574314952,837.855344543872,1314.974348845286,844.3818700871745,1295.7064546342242
40.0,5.0,0.3,DR-learner,oracle_profit_captured,10,0.8105156013870124,0.02960741820353078,0.009362687716028798,0.8123480952177876,0.7694934545875097,0.8516198836252253,0.7727464821331871,0.8512896295021793
40.0,5.0,0.3,DR-learner,treatment_rate,10,0.29606666666666664,0.0053628811125327495,0.0016958919136301257,0.3,0.28733333333333333,0.3,0.28770833333333334,0.3
40.0,5.0,0.3,DR-learner,dr_incremental_profit,10,4181.005952953355,1508.7468228893392,477.10763728729756,3762.607244332673,2662.6987650360416,7444.9752146611345,2758.6186104014855,7150.347162719426
40.0,5.0,0.3,DR-learner,observational_estimation_error,10,-423.48908124459086,1496.7326001852234,473.3084064811462,-907.8474168955602,-1989.655998673451,2660.4325565307854,-1904.5656145163637,2432.797914226101
40.0,5.0,0.3,Oracle,incremental_profit,10,5679.876920927212,86.51793926373499,27.35937465375138,5671.2151936782975,5534.268170127496,5785.8045106979625,5549.80328296316,5785.611410120637
40.0,5.0,0.3,Oracle,profit_per_customer,10,1.8932923069757375,0.028839313087911666,0.009119791551250462,1.8904050645594326,1.8447560567091654,1.9286015035659876,1.8499344276543868,1.9285371367068789
40.0,5.0,0.3,Oracle,regret_vs_oracle,10,0.0,0.0,0.0,0.0,0.0,0.0,0.0,0.0
40.0,5.0,0.3,Oracle,oracle_profit_captured,10,1.0,0.0,0.0,1.0,1.0,1.0,1.0,1.0
40.0,5.0,0.3,Oracle,treatment_rate,10,0.29999999999999993,5.851389114294502e-17,1.850371707708594e-17,0.3,0.3,0.3,0.3,0.3
40.0,5.0,0.3,Oracle,dr_incremental_profit,0,,,,,,,,
40.0,5.0,0.3,Oracle,observational_estimation_error,0,,,,,,,,
40.0,5.0,0.3,Random,incremental_profit,10,1122.3071443041506,145.37396693073478,45.97128479951193,1122.1653808528254,949.3630601252107,1413.7655932790867,951.1020033600214,1374.523492219403
40.0,5.0,0.3,Random,profit_per_customer,10,0.3741023814347169,0.048457988976911594,0.01532376159983731,0.3740551269509418,0.3164543533750702,0.4712551977596956,0.3170340011200071,0.45817449740646765
40.0,5.0,0.3,Random,regret_vs_oracle,10,4557.569776623061,92.87214195593658,29.36874997592447,4563.066630035639,4371.180692630759,4685.567189079871,4392.236584414306,4678.453334123078
40.0,5.0,0.3,Random,oracle_profit_captured,10,0.19735620126580958,0.023190221369309733,0.007333391897052752,0.19855681773087958,0.16942887903293186,0.24438698708794188,0.16979079533100783,0.2375963511002697
40.0,5.0,0.3,Random,treatment_rate,10,0.29999999999999993,5.851389114294502e-17,1.850371707708594e-17,0.3,0.3,0.3,0.3,0.3
40.0,5.0,0.3,Random,dr_incremental_profit,10,1099.9235954449452,1047.7820813819862,331.33778686789816,766.4582631917611,-3.0037867639806564,3416.711672784812,-0.8864039736375133,3060.413823308377
40.0,5.0,0.3,Random,observational_estimation_error,10,-22.38354885920561,1034.5867122387983,327.1650447619803,-418.97038180996685,-1184.9234354482746,2228.8199436809523,-1134.394948023482,1926.1910447247133
40.0,5.0,0.3,S-learner,incremental_profit,10,4649.451088209725,298.44634151103094,94.37701985193159,4629.984191845818,3980.5358438588682,4968.469571796901,4091.888387188382,4966.106065964114
40.0,5.0,0.3,S-learner,profit_per_customer,10,1.5498170294032414,0.0994821138370103,0.03145900661731053,1.543328063948606,1.3268452812862894,1.6561565239323002,1.3639627957294604,1.6553686886547048
40.0,5.0,0.3,S-learner,regret_vs_oracle,10,1030.4258327174873,274.05668119435074,86.6643320560783,960.143860952131,678.2125107783595,1671.7905288632992,711.5347517751111,1568.9379549640446
40.0,5.0,0.3,S-learner,oracle_profit_captured,10,0.8184585803246904,0.04878782167287641,0.015428063856441574,0.8310398213165338,0.7042296536641491,0.8798918549228736,0.7227471732965659,0.8747738691313132
40.0,5.0,0.3,S-learner,treatment_rate,10,0.2897333333333333,0.017382267109803114,0.005496755496440997,0.2991666666666667,0.247,0.3,0.25277499999999997,0.3
40.0,5.0,0.3,S-learner,dr_incremental_profit,10,4600.242483259787,1802.4668708697197,569.9900718944917,4241.033563298652,1818.2544268368704,8375.306763502056,2127.3238619207377,7853.66847629066
40.0,5.0,0.3,S-learner,observational_estimation_error,10,-49.20860494993731,1668.8107754180553,527.7243034152787,-440.5906040224165,-2162.281417021998,3417.341662073093,-1984.8619016231237,2976.3909209030635
40.0,5.0,0.3,T-learner,incremental_profit,10,4399.072603669978,216.70381843853792,68.5277643921373,4431.869426512817,3958.5893429463567,4667.744175037717,4009.616536764557,4666.1833486726
40.0,5.0,0.3,T-learner,profit_per_customer,10,1.4663575345566593,0.07223460614617931,0.022842588130712434,1.4772898088376056,1.319529780982119,1.5559147250125722,1.3365388455881857,1.5553944495575331
40.0,5.0,0.3,T-learner,regret_vs_oracle,10,1280.804317257234,187.3420325602677,59.242752437587164,1275.391650943031,978.9379075375437,1693.7370297758107,1011.6081796529423,1625.162587606284
40.0,5.0,0.3,T-learner,oracle_profit_captured,10,0.7743936895612614,0.033734495542648124,0.010667784163156592,0.7767911745912544,0.7003469159265648,0.8266348462297202,0.7128460695520373,0.821919680881404
40.0,5.0,0.3,T-learner,treatment_rate,10,0.2948333333333333,0.007367345368433437,0.0023297591673342036,0.3,0.2816666666666667,0.3,0.28234166666666666,0.3
40.0,5.0,0.3,T-learner,dr_incremental_profit,10,4229.819475818089,1511.2297132276,477.8927961522306,4112.200244937799,2047.481573009035,7843.019667567789,2310.795251707986,7212.484241001982
40.0,5.0,0.3,T-learner,observational_estimation_error,10,-169.25312785188953,1463.2588816202133,462.7230872390567,-444.7053479798476,-1911.1077699373218,3328.0266501410206,-1771.4694797761647,2771.6548565151056
40.0,5.0,0.3,Treat nobody,incremental_profit,10,0.0,0.0,0.0,0.0,0.0,0.0,0.0,0.0
40.0,5.0,0.3,Treat nobody,profit_per_customer,10,0.0,0.0,0.0,0.0,0.0,0.0,0.0,0.0
40.0,5.0,0.3,Treat nobody,regret_vs_oracle,10,5679.876920927212,86.51793926373499,27.35937465375138,5671.2151936782975,5534.268170127496,5785.8045106979625,5549.80328296316,5785.611410120637
40.0,5.0,0.3,Treat nobody,oracle_profit_captured,10,0.0,0.0,0.0,0.0,0.0,0.0,0.0,0.0
40.0,5.0,0.3,Treat nobody,treatment_rate,10,0.0,0.0,0.0,0.0,0.0,0.0,0.0,0.0
40.0,5.0,0.3,Treat nobody,dr_incremental_profit,10,0.0,0.0,0.0,0.0,0.0,0.0,0.0,0.0
40.0,5.0,0.3,Treat nobody,observational_estimation_error,10,0.0,0.0,0.0,0.0,0.0,0.0,0.0,0.0
40.0,10.0,0.1,DR-learner,incremental_profit,10,525.1549304730185,96.43472269972652,30.495336925787765,556.9536805567957,373.4422485819641,640.0876879674456,374.0544317725454,634.6047792337795
40.0,10.0,0.1,DR-learner,profit_per_customer,10,0.17505164349100616,0.03214490756657551,0.010165112308595922,0.18565122685226523,0.12448074952732137,0.2133625626558152,0.12468481059084846,0.21153492641125984
40.0,10.0,0.1,DR-learner,regret_vs_oracle,10,494.73548641744145,94.8526396343758,29.995038332378837,454.79345667345547,384.0062959891202,647.9599088753585,391.61136643280906,647.7931080505791
40.0,10.0,0.1,DR-learner,oracle_profit_captured,10,0.5148051655615047,0.09279366301671256,0.029343932756294284,0.552349019468863,0.36588280954517166,0.6158882656070644,0.36620226955096297,0.6134515154805252
40.0,10.0,0.1,DR-learner,treatment_rate,10,0.09626666666666667,0.004652889716729745,0.0014713729206441652,0.098,0.08733333333333333,0.1,0.08793333333333334,0.1
40.0,10.0,0.1,DR-learner,dr_incremental_profit,10,176.52756819409652,712.6735529409467,225.36716554579823,8.983600484453788,-689.2892529618024,1695.248452687725,-640.8705864462307,1493.4252858093769
40.0,10.0,0.1,DR-learner,observational_estimation_error,10,-348.6273622789219,681.2450198908494,215.42859075017964,-586.161524212129,-1062.7315015437666,1159.48504829437,-1017.4409253934372,951.3750674747557
40.0,10.0,0.1,Oracle,incremental_profit,10,1019.8904168904598,28.43710155410563,8.992601096448773,1022.2492101181074,980.6305005568993,1064.8295913069978,981.0652818129713,1063.2691500968394
40.0,10.0,0.1,Oracle,profit_per_customer,10,0.33996347229682,0.009479033851368555,0.0029975336988162615,0.3407497367060358,0.3268768335189664,0.35494319710233263,0.32702176060432375,0.35442305003227986
40.0,10.0,0.1,Oracle,regret_vs_oracle,10,0.0,0.0,0.0,0.0,0.0,0.0,0.0,0.0
40.0,10.0,0.1,Oracle,oracle_profit_captured,10,1.0,0.0,0.0,1.0,1.0,1.0,1.0,1.0
40.0,10.0,0.1,Oracle,treatment_rate,10,0.1,0.0,0.0,0.1,0.1,0.1,0.1,0.1
40.0,10.0,0.1,Oracle,dr_incremental_profit,0,,,,,,,,
40.0,10.0,0.1,Oracle,observational_estimation_error,0,,,,,,,,
40.0,10.0,0.1,Random,incremental_profit,10,-1120.8408163715162,66.07392520606159,20.894409759876492,-1108.4844014225232,-1266.4372466923564,-1056.5158531990367,-1247.6401905175676,-1057.7710074983352
40.0,10.0,0.1,Random,profit_per_customer,10,-0.37361360545717204,0.022024641735353862,0.0069648032532921645,-0.3694948004741745,-0.42214574889745216,-0.3521719510663456,-0.4158800635058559,-0.3525903358327784
40.0,10.0,0.1,Random,regret_vs_oracle,10,2140.731233261976,48.17701445169706,15.234909653421077,2128.012058326495,2082.755137209778,2247.0677472492557,2085.160877597072,2234.363254950132
40.0,10.0,0.1,Random,oracle_profit_captured,10,-1.1009918874300968,0.09127942981745577,0.02886509017446478,-1.0879281066687587,-1.2914520259905722,-0.9974635337870923,-1.2649906946741276,-1.002283784421758
40.0,10.0,0.1,Random,treatment_rate,10,0.1,0.0,0.0,0.1,0.1,0.1,0.1,0.1
40.0,10.0,0.1,Random,dr_incremental_profit,10,-1174.5162933119832,601.4007377042839,190.179611765104,-1196.3312824232446,-2240.5094509020764,-294.8033469158778,-2118.7706225429147,-316.5289646007998
40.0,10.0,0.1,Random,observational_estimation_error,10,-53.67547694046698,604.9477158743264,191.30126474792704,-31.823504818004608,-1183.9935977030398,798.9066717706463,-1047.237609877994,786.3204295371546
40.0,10.0,0.1,S-learner,incremental_profit,10,204.47783278978972,124.18754807731177,39.27155089559696,163.36887062309233,48.94329442051446,422.2481635370068,55.83981896462609,403.63623858301287
40.0,10.0,0.1,S-learner,profit_per_customer,10,0.06815927759659657,0.04139584935910392,0.013090516965198983,0.05445629020769745,0.01631443147350482,0.14074938784566893,0.018613272988208696,0.13454541286100427
40.0,10.0,0.1,S-learner,regret_vs_oracle,10,815.4125841006702,141.92048045090084,44.87919648502469,853.6654655101075,585.4603986895168,1015.8862968864834,597.9797597678453,1007.4293311322134
40.0,10.0,0.1,S-learner,oracle_profit_captured,10,0.2022943341569139,0.12494394541836518,0.03951074473697935,0.15978730559662374,0.04596349953088763,0.41901813616037265,0.05255040325316159,0.40264190659658217
40.0,10.0,0.1,S-learner,treatment_rate,10,0.028600000000000004,0.018475074967688992,0.005842331684025894,0.025666666666666667,0.006,0.065,0.0063,0.06072500000000001
40.0,10.0,0.1,S-learner,dr_incremental_profit,10,168.92598543806596,376.4284389553631,119.03712431606012,168.96757149791713,-380.1106208623928,722.6408627807231,-354.03277404084986,711.7500739999349
40.0,10.0,0.1,S-learner,observational_estimation_error,10,-35.55184735172374,381.04883404223716,120.49822153249747,-44.62425374719011,-719.6391179372042,542.0125391289276,-635.076125062556,508.2118197796874
40.0,10.0,0.1,T-learner,incremental_profit,10,282.4162465039898,86.04342294074236,27.209319416992898,265.25927511653083,167.39303091342708,407.6362540418522,167.5999200410223,403.09007357186505
40.0,10.0,0.1,T-learner,profit_per_customer,10,0.09413874883466325,0.028681140980247453,0.009069773138997633,0.08841975837217694,0.05579767697114236,0.13587875134728408,0.0558666400136741,0.13436335785728837
40.0,10.0,0.1,T-learner,regret_vs_oracle,10,737.4741703864702,94.1436835627169,29.77084673763407,756.0878259407707,600.0723081846713,856.7299407242567,602.8222998102519,855.7440675813009
40.0,10.0,0.1,T-learner,oracle_profit_captured,10,0.2773808248175341,0.08595535390052624,0.027181469541150107,0.2572580319175696,0.16345012810888077,0.4045180018528208,0.16377757691263775,0.4006973633425107
40.0,10.0,0.1,T-learner,treatment_rate,10,0.051533333333333334,0.012016655108639843,0.0038000000000000004,0.04833333333333333,0.036,0.06633333333333333,0.036225,0.06603333333333333
40.0,10.0,0.1,T-learner,dr_incremental_profit,10,166.62224220940422,348.25227864491785,110.12704008615572,150.55819827140238,-652.3896266213806,643.0199392076347,-493.1778676645024,609.529302486825
40.0,10.0,0.1,T-learner,observational_estimation_error,10,-115.7940042945855,355.90655657363106,112.54753529602469,-70.2997966551358,-933.3107188061138,393.76919118651404,-789.6457206106343,361.31881867327286
40.0,10.0,0.1,Treat nobody,incremental_profit,10,0.0,0.0,0.0,0.0,0.0,0.0,0.0,0.0
40.0,10.0,0.1,Treat nobody,profit_per_customer,10,0.0,0.0,0.0,0.0,0.0,0.0,0.0,0.0
40.0,10.0,0.1,Treat nobody,regret_vs_oracle,10,1019.8904168904598,28.43710155410563,8.992601096448773,1022.2492101181074,980.6305005568993,1064.8295913069978,981.0652818129713,1063.2691500968394
40.0,10.0,0.1,Treat nobody,oracle_profit_captured,10,0.0,0.0,0.0,0.0,0.0,0.0,0.0,0.0
40.0,10.0,0.1,Treat nobody,treatment_rate,10,0.0,0.0,0.0,0.0,0.0,0.0,0.0,0.0
40.0,10.0,0.1,Treat nobody,dr_incremental_profit,10,0.0,0.0,0.0,0.0,0.0,0.0,0.0,0.0
40.0,10.0,0.1,Treat nobody,observational_estimation_error,10,0.0,0.0,0.0,0.0,0.0,0.0,0.0,0.0
40.0,10.0,0.2,DR-learner,incremental_profit,10,558.0554007662954,155.8563149858487,49.286094307591554,610.035822450327,242.40734509320828,759.2802978450454,270.2926550676615,740.6710382649421
40.0,10.0,0.2,DR-learner,profit_per_customer,10,0.18601846692209847,0.05195210499528291,0.01642869810253052,0.203345274150109,0.08080244836440276,0.25309343261501516,0.09009755168922048,0.24689034608831403
40.0,10.0,0.2,DR-learner,regret_vs_oracle,10,801.9707287098597,153.5502470540934,48.556851597249505,762.4131561345407,669.6980562225244,1149.5428281403292,671.5768379795322,1112.5739741278255
40.0,10.0,0.2,DR-learner,oracle_profit_captured,10,0.410045012467946,0.11010298486232832,0.03481762093479981,0.45284157103355616,0.17414944137697796,0.528258015043529,0.19595150178721446,0.5194455580317594
40.0,10.0,0.2,DR-learner,treatment_rate,10,0.19313333333333335,0.007936787296670654,0.0025098325161769792,0.19616666666666666,0.179,0.2,0.17982499999999998,0.2
40.0,10.0,0.2,DR-learner,dr_incremental_profit,10,64.87364060709838,1285.4360074700662,406.4905569998624,-125.80583734158697,-1700.9018194745108,3117.7048647976735,-1566.5885843197448,2584.484574193819
40.0,10.0,0.2,DR-learner,observational_estimation_error,10,-493.1817601591971,1201.2751444594733,379.8765553039735,-753.9233943490649,-1943.309164567719,2441.132387308643,-1836.8812393874061,1923.0996148949273
40.0,10.0,0.2,Oracle,incremental_profit,10,1360.0261294761553,61.21787097231913,19.358790577883507,1354.607431069193,1266.7410211514452,1446.1827214208715,1272.694138701163,1444.1905205233863
40.0,10.0,0.2,Oracle,profit_per_customer,10,0.4533420431587184,0.02040595699077304,0.006452930192627835,0.4515358103563976,0.42224700705048174,0.4820609071402905,0.4242313795670543,0.4813968401744621
40.0,10.0,0.2,Oracle,regret_vs_oracle,10,0.0,0.0,0.0,0.0,0.0,0.0,0.0,0.0
40.0,10.0,0.2,Oracle,oracle_profit_captured,10,1.0,0.0,0.0,1.0,1.0,1.0,1.0,1.0
40.0,10.0,0.2,Oracle,treatment_rate,10,0.2,0.0,0.0,0.2,0.2,0.2,0.2,0.2
40.0,10.0,0.2,Oracle,dr_incremental_profit,0,,,,,,,,
40.0,10.0,0.2,Oracle,observational_estimation_error,0,,,,,,,,
40.0,10.0,0.2,Random,incremental_profit,10,-2293.576270101469,123.38601252947045,39.01808309992001,-2304.4113721958347,-2451.8682495883877,-2112.7023017474185,-2448.6707561104663,-2115.098850498108
40.0,10.0,0.2,Random,profit_per_customer,10,-0.7645254233671563,0.04112867084315681,0.013006027699973334,-0.7681371240652781,-0.8172894165294625,-0.7042341005824728,-0.8162235853701554,-0.705032950166036
40.0,10.0,0.2,Random,regret_vs_oracle,10,3653.6023995776245,89.6429629670109,28.34759391818799,3634.275180325383,3536.612742699201,3783.455312230367,3541.624005804746,3780.272836838869
40.0,10.0,0.2,Random,oracle_profit_captured,10,-1.6921671854322493,0.15466200453397227,0.04890842018146411,-1.6627450983912033,-1.8688374670004566,-1.460881996758814,-1.866775555158774,-1.47023519151528
40.0,10.0,0.2,Random,treatment_rate,10,0.2,0.0,0.0,0.2,0.2,0.2,0.2,0.2
40.0,10.0,0.2,Random,dr_incremental_profit,10,-2797.590546827331,946.3182528529672,299.25210704065097,-2622.3669666591504,-4177.234431569667,-1749.6526384184015,-4140.867061531671,-1766.6337962993528
40.0,10.0,0.2,Random,observational_estimation_error,10,-504.0142767258614,912.0610850378066,288.4190393923988,-309.65104684204516,-1739.5772641053754,617.6804428958374,-1726.986698308722,561.6198574265737
40.0,10.0,0.2,S-learner,incremental_profit,10,204.47783278978972,124.18754807731177,39.27155089559696,163.36887062309233,48.94329442051446,422.2481635370068,55.83981896462609,403.63623858301287
40.0,10.0,0.2,S-learner,profit_per_customer,10,0.06815927759659657,0.04139584935910392,0.013090516965198983,0.05445629020769745,0.01631443147350482,0.14074938784566893,0.018613272988208696,0.13454541286100427
40.0,10.0,0.2,S-learner,regret_vs_oracle,10,1155.5482966863653,164.42604992464553,51.99608244264371,1162.65374321969,888.550360885145,1397.239427000357,903.2024651529476,1388.3507015587602
40.0,10.0,0.2,S-learner,oracle_profit_captured,10,0.15248907913828752,0.09542941871354707,0.030177431892070415,0.12057448930558615,0.03384309167546116,0.32213048433446273,0.03868815444637946,0.30872470402514796
40.0,10.0,0.2,S-learner,treatment_rate,10,0.028600000000000004,0.018475074967688992,0.005842331684025894,0.025666666666666667,0.006,0.065,0.0063,0.06072500000000001
40.0,10.0,0.2,S-learner,dr_incremental_profit,10,168.92598543806596,376.4284389553631,119.03712431606012,168.96757149791713,-380.1106208623928,722.6408627807231,-354.03277404084986,711.7500739999349
40.0,10.0,0.2,S-learner,observational_estimation_error,10,-35.55184735172374,381.04883404223716,120.49822153249747,-44.62425374719011,-719.6391179372042,542.0125391289276,-635.076125062556,508.2118197796874
40.0,10.0,0.2,T-learner,incremental_profit,10,282.4162465039898,86.04342294074236,27.209319416992898,265.25927511653083,167.39303091342708,407.6362540418522,167.5999200410223,403.09007357186505
40.0,10.0,0.2,T-learner,profit_per_customer,10,0.09413874883466325,0.028681140980247453,0.009069773138997633,0.08841975837217694,0.05579767697114236,0.13587875134728408,0.0558666400136741,0.13436335785728837
40.0,10.0,0.2,T-learner,regret_vs_oracle,10,1077.6098829721655,111.88558972969652,35.381330089698395,1069.3144688097154,903.1622703802996,1224.5571423201104,912.3858719497479,1218.3414793130296
40.0,10.0,0.2,T-learner,oracle_profit_captured,10,0.20836638915688943,0.06540872824309776,0.020684056010317257,0.19428110359593495,0.12025791880507375,0.3109831499250072,0.12121920731089969,0.30647666305278026
40.0,10.0,0.2,T-learner,treatment_rate,10,0.051533333333333334,0.012016655108639843,0.0038000000000000004,0.04833333333333333,0.036,0.06633333333333333,0.036225,0.06603333333333333
40.0,10.0,0.2,T-learner,dr_incremental_profit,10,166.62224220940422,348.25227864491785,110.12704008615572,150.55819827140238,-652.3896266213806,643.0199392076347,-493.1778676645024,609.529302486825
40.0,10.0,0.2,T-learner,observational_estimation_error,10,-115.7940042945855,355.90655657363106,112.54753529602469,-70.2997966551358,-933.3107188061138,393.76919118651404,-789.6457206106343,361.31881867327286
40.0,10.0,0.2,Treat nobody,incremental_profit,10,0.0,0.0,0.0,0.0,0.0,0.0,0.0,0.0
40.0,10.0,0.2,Treat nobody,profit_per_customer,10,0.0,0.0,0.0,0.0,0.0,0.0,0.0,0.0
40.0,10.0,0.2,Treat nobody,regret_vs_oracle,10,1360.0261294761553,61.21787097231913,19.358790577883507,1354.607431069193,1266.7410211514452,1446.1827214208715,1272.694138701163,1444.1905205233863
40.0,10.0,0.2,Treat nobody,oracle_profit_captured,10,0.0,0.0,0.0,0.0,0.0,0.0,0.0,0.0
40.0,10.0,0.2,Treat nobody,treatment_rate,10,0.0,0.0,0.0,0.0,0.0,0.0,0.0,0.0
40.0,10.0,0.2,Treat nobody,dr_incremental_profit,10,0.0,0.0,0.0,0.0,0.0,0.0,0.0,0.0
40.0,10.0,0.2,Treat nobody,observational_estimation_error,10,0.0,0.0,0.0,0.0,0.0,0.0,0.0,0.0
40.0,10.0,0.3,DR-learner,incremental_profit,10,474.6388305285882,167.77726069580075,53.0558283382577,456.8428337260616,132.48649657771966,751.4144533095932,185.1039974681578,717.8906849806971
40.0,10.0,0.3,DR-learner,profit_per_customer,10,0.15821294350952939,0.05592575356526691,0.017685276112752564,0.15228094457535385,0.04416216552590656,0.25047148443653106,0.06170133248938593,0.23929689499356568
40.0,10.0,0.3,DR-learner,regret_vs_oracle,10,890.9719987810633,160.6664406678316,50.807189606265226,849.6793542785822,695.4808881073186,1266.5854822545298,709.2372004735213,1204.6663507098867
40.0,10.0,0.3,DR-learner,oracle_profit_captured,10,0.34675160723600157,0.11568962613742008,0.036584272024759536,0.34279535076590156,0.0946959831818667,0.5193288220651467,0.13409871631704356,0.502215301474325
40.0,10.0,0.3,DR-learner,treatment_rate,10,0.2217,0.025605000476131925,0.00809701209942727,0.22,0.18266666666666667,0.26,0.18544166666666667,0.25805
40.0,10.0,0.3,DR-learner,dr_incremental_profit,10,-71.53281134971667,1279.9338181140572,404.75061195161004,-283.6468890951304,-1637.621925020687,2955.7941586382767,-1517.5466661180312,2490.730141623326
40.0,10.0,0.3,DR-learner,observational_estimation_error,10,-546.171641878305,1218.729362740191,385.39606375845506,-814.993207938462,-2034.7404706006257,2356.56832438106,-1907.7405015629088,1924.3122047109919
40.0,10.0,0.3,Oracle,incremental_profit,10,1365.6108293096513,64.86928737420176,20.51346982944809,1358.3856898648064,1266.791668986035,1455.7522299835655,1273.4187292141014,1453.7594300560684
40.0,10.0,0.3,Oracle,profit_per_customer,10,0.4552036097698838,0.021623095791400593,0.006837823276482699,0.4527952299549355,0.4222638896620116,0.48525074332785517,0.4244729097380338,0.48458647668535615
40.0,10.0,0.3,Oracle,regret_vs_oracle,10,0.0,0.0,0.0,0.0,0.0,0.0,0.0,0.0
40.0,10.0,0.3,Oracle,oracle_profit_captured,10,1.0,0.0,0.0,1.0,1.0,1.0,1.0,1.0
40.0,10.0,0.3,Oracle,treatment_rate,10,0.2132,0.006429484552041345,0.0020331815365318045,0.21383333333333332,0.20166666666666666,0.223,0.20294166666666666,0.22225
40.0,10.0,0.3,Oracle,dr_incremental_profit,0,,,,,,,,
40.0,10.0,0.3,Oracle,observational_estimation_error,0,,,,,,,,
40.0,10.0,0.3,Random,incremental_profit,10,-3377.6928556958496,145.37396693073478,45.97128479951193,-3377.8346191471746,-3550.6369398747893,-3086.2344067209133,-3548.8979966399784,-3125.4765077805973
40.0,10.0,0.3,Random,profit_per_customer,10,-1.1258976185652831,0.04845798897691156,0.0153237615998373,-1.1259448730490582,-1.1835456466249297,-1.0287448022403045,-1.1829659988799928,-1.0418255025935323
40.0,10.0,0.3,Random,regret_vs_oracle,10,4743.3036850055005,105.65349466701764,33.41056859042288,4742.222335530162,4533.129748137825,4892.280797940422,4560.415746788474,4882.066115625579
40.0,10.0,0.3,Random,oracle_profit_captured,10,-2.481848686358413,0.2094316398399743,0.06622809959983805,-2.4784343694450763,-2.796756870142227,-2.1330045915405558,-2.783799960384797,-2.1649955904790077
40.0,10.0,0.3,Random,treatment_rate,10,0.29999999999999993,5.851389114294502e-17,1.850371707708594e-17,0.3,0.3,0.3,0.3,0.3
40.0,10.0,0.3,Random,dr_incremental_profit,10,-3400.0764045550545,1047.7820813819862,331.33778686789816,-3733.541736808239,-4503.00378676398,-1083.2883272151876,-4500.886403973637,-1439.5861766916225
40.0,10.0,0.3,Random,observational_estimation_error,10,-22.38354885920544,1034.5867122387983,327.1650447619803,-418.97038180996697,-1184.9234354482742,2228.8199436809527,-1134.3949480234817,1926.1910447247137
40.0,10.0,0.3,S-learner,incremental_profit,10,204.47783278978972,124.18754807731177,39.27155089559696,163.36887062309233,48.94329442051446,422.2481635370068,55.83981896462609,403.63623858301287
40.0,10.0,0.3,S-learner,profit_per_customer,10,0.06815927759659657,0.04139584935910392,0.013090516965198983,0.05445629020769745,0.01631443147350482,0.14074938784566893,0.018613272988208696,0.13454541286100427
40.0,10.0,0.3,S-learner,regret_vs_oracle,10,1161.1329965198615,166.7921032995476,52.7442942156656,1163.38106005803,890.069972862585,1406.808935563051,905.0655028765951,1397.9196110914422
40.0,10.0,0.3,S-learner,oracle_profit_captured,10,0.1519643831585982,0.09524435948912871,0.03011891102695179,0.1202608334333867,0.03362062129286039,0.32175747010207834,0.03843335619942746,0.30829680546472976
40.0,10.0,0.3,S-learner,treatment_rate,10,0.028600000000000004,0.018475074967688992,0.005842331684025894,0.025666666666666667,0.006,0.065,0.0063,0.06072500000000001
40.0,10.0,0.3,S-learner,dr_incremental_profit,10,168.92598543806596,376.4284389553631,119.03712431606012,168.96757149791713,-380.1106208623928,722.6408627807231,-354.03277404084986,711.7500739999349
40.0,10.0,0.3,S-learner,observational_estimation_error,10,-35.55184735172374,381.04883404223716,120.49822153249747,-44.62425374719011,-719.6391179372042,542.0125391289276,-635.076125062556,508.2118197796874
40.0,10.0,0.3,T-learner,incremental_profit,10,282.4162465039898,86.04342294074236,27.209319416992898,265.25927511653083,167.39303091342708,407.6362540418522,167.5999200410223,403.09007357186505
40.0,10.0,0.3,T-learner,profit_per_customer,10,0.09413874883466325,0.028681140980247453,0.009069773138997633,0.08841975837217694,0.05579767697114236,0.13587875134728408,0.0558666400136741,0.13436335785728837
40.0,10.0,0.3,T-learner,regret_vs_oracle,10,1083.1945828056619,113.85629445840566,36.004521643536904,1076.3577980516734,904.6818823577396,1231.6789479188224,914.6285950734449,1226.0140180786375
40.0,10.0,0.3,T-learner,oracle_profit_captured,10,0.20755452513177813,0.06521573560626515,0.02062302637991398,0.19363109809749857,0.11964576050843609,0.310623043860555,0.12061781566086718,0.30596569539841434
40.0,10.0,0.3,T-learner,treatment_rate,10,0.051533333333333334,0.012016655108639843,0.0038000000000000004,0.04833333333333333,0.036,0.06633333333333333,0.036225,0.06603333333333333
40.0,10.0,0.3,T-learner,dr_incremental_profit,10,166.62224220940422,348.25227864491785,110.12704008615572,150.55819827140238,-652.3896266213806,643.0199392076347,-493.1778676645024,609.529302486825
40.0,10.0,0.3,T-learner,observational_estimation_error,10,-115.7940042945855,355.90655657363106,112.54753529602469,-70.2997966551358,-933.3107188061138,393.76919118651404,-789.6457206106343,361.31881867327286
40.0,10.0,0.3,Treat nobody,incremental_profit,10,0.0,0.0,0.0,0.0,0.0,0.0,0.0,0.0
40.0,10.0,0.3,Treat nobody,profit_per_customer,10,0.0,0.0,0.0,0.0,0.0,0.0,0.0,0.0
40.0,10.0,0.3,Treat nobody,regret_vs_oracle,10,1365.6108293096513,64.86928737420176,20.51346982944809,1358.3856898648064,1266.791668986035,1455.7522299835655,1273.4187292141014,1453.7594300560684
40.0,10.0,0.3,Treat nobody,oracle_profit_captured,10,0.0,0.0,0.0,0.0,0.0,0.0,0.0,0.0
40.0,10.0,0.3,Treat nobody,treatment_rate,10,0.0,0.0,0.0,0.0,0.0,0.0,0.0,0.0
40.0,10.0,0.3,Treat nobody,dr_incremental_profit,10,0.0,0.0,0.0,0.0,0.0,0.0,0.0,0.0
40.0,10.0,0.3,Treat nobody,observational_estimation_error,10,0.0,0.0,0.0,0.0,0.0,0.0,0.0,0.0
40.0,20.0,0.1,DR-learner,incremental_profit,10,-24.40287896001354,22.92390466768198,7.249175161444036,-19.668527682514195,-68.46053896658367,0.0,-62.9954241124411,0.0
40.0,20.0,0.1,DR-learner,profit_per_customer,10,-0.00813429298667118,0.007641301555893994,0.0024163917204813455,-0.006556175894171398,-0.02282017965552789,0.0,-0.020998474704147032,0.0
40.0,20.0,0.1,DR-learner,regret_vs_oracle,10,24.40287896001354,22.92390466768198,7.249175161444036,19.668527682514195,0.0,68.46053896658367,0.0,62.99542411244111
40.0,20.0,0.1,DR-learner,oracle_profit_captured,0,,,,,,,,
40.0,20.0,0.1,DR-learner,treatment_rate,10,0.0012333333333333332,0.0011444983806060526,0.0003619221661089407,0.001,0.0,0.0033333333333333335,0.0,0.003108333333333334
40.0,20.0,0.1,DR-learner,dr_incremental_profit,10,-43.03845123204,84.4683503572783,26.71123773260969,-7.561130178744566,-216.6433622959308,31.162416781572006,-206.91432473331488,29.203704895905187
40.0,20.0,0.1,DR-learner,observational_estimation_error,10,-18.63557227202646,74.77685723047371,23.646518511752735,10.945558842978226,-172.4722226810919,38.47768277456451,-163.60135516427457,38.28699943343811
40.0,20.0,0.1,Oracle,incremental_profit,10,0.0,0.0,0.0,0.0,0.0,0.0,0.0,0.0
40.0,20.0,0.1,Oracle,profit_per_customer,10,0.0,0.0,0.0,0.0,0.0,0.0,0.0,0.0
40.0,20.0,0.1,Oracle,regret_vs_oracle,10,0.0,0.0,0.0,0.0,0.0,0.0,0.0,0.0
40.0,20.0,0.1,Oracle,oracle_profit_captured,0,,,,,,,,
40.0,20.0,0.1,Oracle,treatment_rate,10,0.0,0.0,0.0,0.0,0.0,0.0,0.0,0.0
40.0,20.0,0.1,Oracle,dr_incremental_profit,0,,,,,,,,
40.0,20.0,0.1,Oracle,observational_estimation_error,0,,,,,,,,
40.0,20.0,0.1,Random,incremental_profit,10,-4120.840816371516,66.07392520606145,20.89440975987645,-4108.484401422524,-4266.437246692356,-4056.5158531990364,-4247.640190517567,-4057.7710074983347
40.0,20.0,0.1,Random,profit_per_customer,10,-1.3736136054571721,0.022024641735353803,0.006964803253292145,-1.3694948004741745,-1.422145748897452,-1.3521719510663455,-1.4158800635058557,-1.3525903358327782
40.0,20.0,0.1,Random,regret_vs_oracle,10,4120.840816371516,66.07392520606145,20.89440975987645,4108.484401422524,4056.5158531990364,4266.437246692356,4057.771007498335,4247.640190517567
40.0,20.0,0.1,Random,oracle_profit_captured,0,,,,,,,,
40.0,20.0,0.1,Random,treatment_rate,10,0.1,0.0,0.0,0.1,0.1,0.1,0.1,0.1
40.0,20.0,0.1,Random,dr_incremental_profit,10,-4174.516293311984,601.4007377042838,190.17961176510394,-4196.331282423244,-5240.509450902076,-3294.803346915878,-5118.770622542915,-3316.5289646008
40.0,20.0,0.1,Random,observational_estimation_error,10,-53.675476940467206,604.9477158743263,191.30126474792698,-31.82350481800495,-1183.99359770304,798.906671770646,-1047.237609877994,786.3204295371543
40.0,20.0,0.1,S-learner,incremental_profit,10,0.0,0.0,0.0,0.0,0.0,0.0,0.0,0.0
40.0,20.0,0.1,S-learner,profit_per_customer,10,0.0,0.0,0.0,0.0,0.0,0.0,0.0,0.0
40.0,20.0,0.1,S-learner,regret_vs_oracle,10,0.0,0.0,0.0,0.0,0.0,0.0,0.0,0.0
40.0,20.0,0.1,S-learner,oracle_profit_captured,0,,,,,,,,
40.0,20.0,0.1,S-learner,treatment_rate,10,0.0,0.0,0.0,0.0,0.0,0.0,0.0,0.0
40.0,20.0,0.1,S-learner,dr_incremental_profit,10,0.0,0.0,0.0,0.0,0.0,0.0,0.0,0.0
40.0,20.0,0.1,S-learner,observational_estimation_error,10,0.0,0.0,0.0,0.0,0.0,0.0,0.0,0.0
40.0,20.0,0.1,T-learner,incremental_profit,10,0.0,0.0,0.0,0.0,0.0,0.0,0.0,0.0
40.0,20.0,0.1,T-learner,profit_per_customer,10,0.0,0.0,0.0,0.0,0.0,0.0,0.0,0.0
40.0,20.0,0.1,T-learner,regret_vs_oracle,10,0.0,0.0,0.0,0.0,0.0,0.0,0.0,0.0
40.0,20.0,0.1,T-learner,oracle_profit_captured,0,,,,,,,,
40.0,20.0,0.1,T-learner,treatment_rate,10,0.0,0.0,0.0,0.0,0.0,0.0,0.0,0.0
40.0,20.0,0.1,T-learner,dr_incremental_profit,10,0.0,0.0,0.0,0.0,0.0,0.0,0.0,0.0
40.0,20.0,0.1,T-learner,observational_estimation_error,10,0.0,0.0,0.0,0.0,0.0,0.0,0.0,0.0
40.0,20.0,0.1,Treat nobody,incremental_profit,10,0.0,0.0,0.0,0.0,0.0,0.0,0.0,0.0
40.0,20.0,0.1,Treat nobody,profit_per_customer,10,0.0,0.0,0.0,0.0,0.0,0.0,0.0,0.0
40.0,20.0,0.1,Treat nobody,regret_vs_oracle,10,0.0,0.0,0.0,0.0,0.0,0.0,0.0,0.0
40.0,20.0,0.1,Treat nobody,oracle_profit_captured,0,,,,,,,,
40.0,20.0,0.1,Treat nobody,treatment_rate,10,0.0,0.0,0.0,0.0,0.0,0.0,0.0,0.0
40.0,20.0,0.1,Treat nobody,dr_incremental_profit,10,0.0,0.0,0.0,0.0,0.0,0.0,0.0,0.0
40.0,20.0,0.1,Treat nobody,observational_estimation_error,10,0.0,0.0,0.0,0.0,0.0,0.0,0.0,0.0
40.0,20.0,0.2,DR-learner,incremental_profit,10,-24.40287896001354,22.92390466768198,7.249175161444036,-19.668527682514195,-68.46053896658367,0.0,-62.9954241124411,0.0
40.0,20.0,0.2,DR-learner,profit_per_customer,10,-0.00813429298667118,0.007641301555893994,0.0024163917204813455,-0.006556175894171398,-0.02282017965552789,0.0,-0.020998474704147032,0.0
40.0,20.0,0.2,DR-learner,regret_vs_oracle,10,24.40287896001354,22.92390466768198,7.249175161444036,19.668527682514195,0.0,68.46053896658367,0.0,62.99542411244111
40.0,20.0,0.2,DR-learner,oracle_profit_captured,0,,,,,,,,
40.0,20.0,0.2,DR-learner,treatment_rate,10,0.0012333333333333332,0.0011444983806060526,0.0003619221661089407,0.001,0.0,0.0033333333333333335,0.0,0.003108333333333334
40.0,20.0,0.2,DR-learner,dr_incremental_profit,10,-43.03845123204,84.4683503572783,26.71123773260969,-7.561130178744566,-216.6433622959308,31.162416781572006,-206.91432473331488,29.203704895905187
40.0,20.0,0.2,DR-learner,observational_estimation_error,10,-18.63557227202646,74.77685723047371,23.646518511752735,10.945558842978226,-172.4722226810919,38.47768277456451,-163.60135516427457,38.28699943343811
40.0,20.0,0.2,Oracle,incremental_profit,10,0.0,0.0,0.0,0.0,0.0,0.0,0.0,0.0
40.0,20.0,0.2,Oracle,profit_per_customer,10,0.0,0.0,0.0,0.0,0.0,0.0,0.0,0.0
40.0,20.0,0.2,Oracle,regret_vs_oracle,10,0.0,0.0,0.0,0.0,0.0,0.0,0.0,0.0
40.0,20.0,0.2,Oracle,oracle_profit_captured,0,,,,,,,,
40.0,20.0,0.2,Oracle,treatment_rate,10,0.0,0.0,0.0,0.0,0.0,0.0,0.0,0.0
40.0,20.0,0.2,Oracle,dr_incremental_profit,0,,,,,,,,
40.0,20.0,0.2,Oracle,observational_estimation_error,0,,,,,,,,
40.0,20.0,0.2,Random,incremental_profit,10,-8293.576270101468,123.3860125294704,39.01808309992,-8304.411372195835,-8451.868249588388,-8112.7023017474185,-8448.670756110467,-8115.098850498108
40.0,20.0,0.2,Random,profit_per_customer,10,-2.7645254233671563,0.04112867084315682,0.01300602769997334,-2.7681371240652783,-2.8172894165294626,-2.7042341005824726,-2.8162235853701554,-2.7050329501660357
40.0,20.0,0.2,Random,regret_vs_oracle,10,8293.576270101468,123.3860125294704,39.01808309992,8304.411372195835,8112.7023017474185,8451.868249588388,8115.098850498108,8448.670756110467
40.0,20.0,0.2,Random,oracle_profit_captured,0,,,,,,,,
40.0,20.0,0.2,Random,treatment_rate,10,0.2,0.0,0.0,0.2,0.2,0.2,0.2,0.2
40.0,20.0,0.2,Random,dr_incremental_profit,10,-8797.590546827332,946.3182528529672,299.25210704065097,-8622.36696665915,-10177.234431569668,-7749.652638418402,-10140.867061531673,-7766.633796299353
40.0,20.0,0.2,Random,observational_estimation_error,10,-504.01427672586203,912.0610850378066,288.4190393923988,-309.6510468420456,-1739.5772641053773,617.6804428958367,-1726.9866983087234,561.6198574265733
40.0,20.0,0.2,S-learner,incremental_profit,10,0.0,0.0,0.0,0.0,0.0,0.0,0.0,0.0
40.0,20.0,0.2,S-learner,profit_per_customer,10,0.0,0.0,0.0,0.0,0.0,0.0,0.0,0.0
40.0,20.0,0.2,S-learner,regret_vs_oracle,10,0.0,0.0,0.0,0.0,0.0,0.0,0.0,0.0
40.0,20.0,0.2,S-learner,oracle_profit_captured,0,,,,,,,,
40.0,20.0,0.2,S-learner,treatment_rate,10,0.0,0.0,0.0,0.0,0.0,0.0,0.0,0.0
40.0,20.0,0.2,S-learner,dr_incremental_profit,10,0.0,0.0,0.0,0.0,0.0,0.0,0.0,0.0
40.0,20.0,0.2,S-learner,observational_estimation_error,10,0.0,0.0,0.0,0.0,0.0,0.0,0.0,0.0
40.0,20.0,0.2,T-learner,incremental_profit,10,0.0,0.0,0.0,0.0,0.0,0.0,0.0,0.0
40.0,20.0,0.2,T-learner,profit_per_customer,10,0.0,0.0,0.0,0.0,0.0,0.0,0.0,0.0
40.0,20.0,0.2,T-learner,regret_vs_oracle,10,0.0,0.0,0.0,0.0,0.0,0.0,0.0,0.0
40.0,20.0,0.2,T-learner,oracle_profit_captured,0,,,,,,,,
40.0,20.0,0.2,T-learner,treatment_rate,10,0.0,0.0,0.0,0.0,0.0,0.0,0.0,0.0
40.0,20.0,0.2,T-learner,dr_incremental_profit,10,0.0,0.0,0.0,0.0,0.0,0.0,0.0,0.0
40.0,20.0,0.2,T-learner,observational_estimation_error,10,0.0,0.0,0.0,0.0,0.0,0.0,0.0,0.0
40.0,20.0,0.2,Treat nobody,incremental_profit,10,0.0,0.0,0.0,0.0,0.0,0.0,0.0,0.0
40.0,20.0,0.2,Treat nobody,profit_per_customer,10,0.0,0.0,0.0,0.0,0.0,0.0,0.0,0.0
40.0,20.0,0.2,Treat nobody,regret_vs_oracle,10,0.0,0.0,0.0,0.0,0.0,0.0,0.0,0.0
40.0,20.0,0.2,Treat nobody,oracle_profit_captured,0,,,,,,,,
40.0,20.0,0.2,Treat nobody,treatment_rate,10,0.0,0.0,0.0,0.0,0.0,0.0,0.0,0.0
40.0,20.0,0.2,Treat nobody,dr_incremental_profit,10,0.0,0.0,0.0,0.0,0.0,0.0,0.0,0.0
40.0,20.0,0.2,Treat nobody,observational_estimation_error,10,0.0,0.0,0.0,0.0,0.0,0.0,0.0,0.0
40.0,20.0,0.3,DR-learner,incremental_profit,10,-24.40287896001354,22.92390466768198,7.249175161444036,-19.668527682514195,-68.46053896658367,0.0,-62.9954241124411,0.0
40.0,20.0,0.3,DR-learner,profit_per_customer,10,-0.00813429298667118,0.007641301555893994,0.0024163917204813455,-0.006556175894171398,-0.02282017965552789,0.0,-0.020998474704147032,0.0
40.0,20.0,0.3,DR-learner,regret_vs_oracle,10,24.40287896001354,22.92390466768198,7.249175161444036,19.668527682514195,0.0,68.46053896658367,0.0,62.99542411244111
40.0,20.0,0.3,DR-learner,oracle_profit_captured,0,,,,,,,,
40.0,20.0,0.3,DR-learner,treatment_rate,10,0.0012333333333333332,0.0011444983806060526,0.0003619221661089407,0.001,0.0,0.0033333333333333335,0.0,0.003108333333333334
40.0,20.0,0.3,DR-learner,dr_incremental_profit,10,-43.03845123204,84.4683503572783,26.71123773260969,-7.561130178744566,-216.6433622959308,31.162416781572006,-206.91432473331488,29.203704895905187
40.0,20.0,0.3,DR-learner,observational_estimation_error,10,-18.63557227202646,74.77685723047371,23.646518511752735,10.945558842978226,-172.4722226810919,38.47768277456451,-163.60135516427457,38.28699943343811
40.0,20.0,0.3,Oracle,incremental_profit,10,0.0,0.0,0.0,0.0,0.0,0.0,0.0,0.0
40.0,20.0,0.3,Oracle,profit_per_customer,10,0.0,0.0,0.0,0.0,0.0,0.0,0.0,0.0
40.0,20.0,0.3,Oracle,regret_vs_oracle,10,0.0,0.0,0.0,0.0,0.0,0.0,0.0,0.0
40.0,20.0,0.3,Oracle,oracle_profit_captured,0,,,,,,,,
40.0,20.0,0.3,Oracle,treatment_rate,10,0.0,0.0,0.0,0.0,0.0,0.0,0.0,0.0
40.0,20.0,0.3,Oracle,dr_incremental_profit,0,,,,,,,,
40.0,20.0,0.3,Oracle,observational_estimation_error,0,,,,,,,,
40.0,20.0,0.3,Random,incremental_profit,10,-12377.692855695848,145.37396693073495,45.971284799511984,-12377.834619147176,-12550.636939874788,-12086.234406720912,-12548.897996639978,-12125.476507780597
40.0,20.0,0.3,Random,profit_per_customer,10,-4.125897618565284,0.04845798897691168,0.015323761599837336,-4.125944873049058,-4.183545646624929,-4.028744802240304,-4.182965998879992,-4.041825502593532
40.0,20.0,0.3,Random,regret_vs_oracle,10,12377.692855695848,145.37396693073495,45.971284799511984,12377.834619147176,12086.234406720912,12550.636939874788,12125.476507780597,12548.897996639978
40.0,20.0,0.3,Random,oracle_profit_captured,0,,,,,,,,
40.0,20.0,0.3,Random,treatment_rate,10,0.29999999999999993,5.851389114294502e-17,1.850371707708594e-17,0.3,0.3,0.3,0.3,0.3
40.0,20.0,0.3,Random,dr_incremental_profit,10,-12400.076404555055,1047.782081381986,331.3377868678981,-12733.541736808238,-13503.00378676398,-10083.288327215188,-13500.886403973638,-10439.586176691622
40.0,20.0,0.3,Random,observational_estimation_error,10,-22.383548859205074,1034.5867122387983,327.1650447619803,-418.97038180996515,-1184.9234354482742,2228.819943680952,-1134.394948023482,1926.1910447247128
40.0,20.0,0.3,S-learner,incremental_profit,10,0.0,0.0,0.0,0.0,0.0,0.0,0.0,0.0
40.0,20.0,0.3,S-learner,profit_per_customer,10,0.0,0.0,0.0,0.0,0.0,0.0,0.0,0.0
40.0,20.0,0.3,S-learner,regret_vs_oracle,10,0.0,0.0,0.0,0.0,0.0,0.0,0.0,0.0
40.0,20.0,0.3,S-learner,oracle_profit_captured,0,,,,,,,,
40.0,20.0,0.3,S-learner,treatment_rate,10,0.0,0.0,0.0,0.0,0.0,0.0,0.0,0.0
40.0,20.0,0.3,S-learner,dr_incremental_profit,10,0.0,0.0,0.0,0.0,0.0,0.0,0.0,0.0
40.0,20.0,0.3,S-learner,observational_estimation_error,10,0.0,0.0,0.0,0.0,0.0,0.0,0.0,0.0
40.0,20.0,0.3,T-learner,incremental_profit,10,0.0,0.0,0.0,0.0,0.0,0.0,0.0,0.0
40.0,20.0,0.3,T-learner,profit_per_customer,10,0.0,0.0,0.0,0.0,0.0,0.0,0.0,0.0
40.0,20.0,0.3,T-learner,regret_vs_oracle,10,0.0,0.0,0.0,0.0,0.0,0.0,0.0,0.0
40.0,20.0,0.3,T-learner,oracle_profit_captured,0,,,,,,,,
40.0,20.0,0.3,T-learner,treatment_rate,10,0.0,0.0,0.0,0.0,0.0,0.0,0.0,0.0
40.0,20.0,0.3,T-learner,dr_incremental_profit,10,0.0,0.0,0.0,0.0,0.0,0.0,0.0,0.0
40.0,20.0,0.3,T-learner,observational_estimation_error,10,0.0,0.0,0.0,0.0,0.0,0.0,0.0,0.0
40.0,20.0,0.3,Treat nobody,incremental_profit,10,0.0,0.0,0.0,0.0,0.0,0.0,0.0,0.0
40.0,20.0,0.3,Treat nobody,profit_per_customer,10,0.0,0.0,0.0,0.0,0.0,0.0,0.0,0.0
40.0,20.0,0.3,Treat nobody,regret_vs_oracle,10,0.0,0.0,0.0,0.0,0.0,0.0,0.0,0.0
40.0,20.0,0.3,Treat nobody,oracle_profit_captured,0,,,,,,,,
40.0,20.0,0.3,Treat nobody,treatment_rate,10,0.0,0.0,0.0,0.0,0.0,0.0,0.0,0.0
40.0,20.0,0.3,Treat nobody,dr_incremental_profit,10,0.0,0.0,0.0,0.0,0.0,0.0,0.0,0.0
40.0,20.0,0.3,Treat nobody,observational_estimation_error,10,0.0,0.0,0.0,0.0,0.0,0.0,0.0,0.0
80.0,5.0,0.1,DR-learner,incremental_profit,10,5382.309860946038,310.10558841555047,98.06399745398653,5438.057542137687,4916.817586134217,5780.175375934891,4942.374781895593,5769.209558467559
80.0,5.0,0.1,DR-learner,profit_per_customer,10,1.794103286982012,0.10336852947185016,0.03268799915132885,1.8126858473792287,1.6389391953780723,1.9267251253116304,1.647458260631864,1.9230698528225196
80.0,5.0,0.1,DR-learner,regret_vs_oracle,10,1157.470972834883,276.5310938653345,87.44681004722725,1096.194557255436,768.0125919782404,1548.3081372557772,783.2227328656181,1538.43716371758
80.0,5.0,0.1,DR-learner,oracle_profit_captured,10,0.8228253642435817,0.04323245894382001,0.013671303911218865,0.8325670623030479,0.760513839405443,0.8818342361818261,0.7626505243977529,0.8800027026310768
80.0,5.0,0.1,DR-learner,treatment_rate,10,0.09626666666666667,0.004652889716729745,0.0014713729206441652,0.098,0.08733333333333333,0.1,0.08793333333333334,0.1
80.0,5.0,0.1,DR-learner,dr_incremental_profit,10,4685.055136388192,1516.1235405203672,479.4403602242946,4214.464736551143,2911.4214940763954,7890.49690537545,3055.5088271075388,7486.850571618755
80.0,5.0,0.1,DR-learner,observational_estimation_error,10,-697.2547245578437,1362.4900397816991,430.85718150035933,-1172.323048424258,-2125.463003087533,2318.9700965887405,-2034.8818507868743,1902.7501349495124
80.0,5.0,0.1,Oracle,incremental_profit,10,6539.78083378092,56.87420310821126,17.985202192897546,6544.498420236215,6461.261001113799,6629.659182613996,6462.130563625942,6626.538300193679
80.0,5.0,0.1,Oracle,profit_per_customer,10,2.17992694459364,0.018958067702737124,0.005995067397632527,2.181499473412072,2.153753667037933,2.2098863942046654,2.1540435212086475,2.2088461000645596
80.0,5.0,0.1,Oracle,regret_vs_oracle,10,0.0,0.0,0.0,0.0,0.0,0.0,0.0,0.0
80.0,5.0,0.1,Oracle,oracle_profit_captured,10,1.0,0.0,0.0,1.0,1.0,1.0,1.0,1.0
80.0,5.0,0.1,Oracle,treatment_rate,10,0.1,0.0,0.0,0.1,0.1,0.1,0.1,0.1
80.0,5.0,0.1,Oracle,dr_incremental_profit,0,,,,,,,,
80.0,5.0,0.1,Oracle,observational_estimation_error,0,,,,,,,,
80.0,5.0,0.1,Random,incremental_profit,10,2258.3183672569676,132.14785041212318,41.788819519752984,2283.0311971549536,1967.1255066152871,2386.9682936019267,2004.7196189648648,2384.4579850033297
80.0,5.0,0.1,Random,profit_per_customer,10,0.7527727890856559,0.044049283470707724,0.013929606506584329,0.761010399051651,0.6557085022050957,0.7956560978673088,0.6682398729882882,0.7948193283344432
80.0,5.0,0.1,Random,regret_vs_oracle,10,4281.462466523952,96.35402890339412,30.469819306842155,4256.02411665299,4165.510274419556,4494.135494498511,4170.321755194144,4468.726509900264
80.0,5.0,0.1,Random,oracle_profit_captured,10,0.34522335159265594,0.01813272352092487,0.005734070650823043,0.34995494546227307,0.304449163449084,0.3632005115963292,0.3096498067466548,0.36317785078803455
80.0,5.0,0.1,Random,treatment_rate,10,0.1,0.0,0.0,0.1,0.1,0.1,0.1,0.1
80.0,5.0,0.1,Random,dr_incremental_profit,10,2150.9674133760336,1202.8014754085677,380.359223530208,2107.3374351535103,18.981098195846585,3910.3933061682446,262.45875491416996,3866.9420707984004
80.0,5.0,0.1,Random,observational_estimation_error,10,-107.350953880934,1209.8954317486528,382.60252949585407,-63.647009636009216,-2367.98719540608,1597.8133435412929,-2094.475219755988,1572.6408590743094
80.0,5.0,0.1,S-learner,incremental_profit,10,5455.434731917032,315.9617381803997,99.91587461158484,5446.378396001687,4848.221856987027,5855.003596402465,4918.1678586734,5854.7069837879
80.0,5.0,0.1,S-learner,profit_per_customer,10,1.8184782439723441,0.10532057939346656,0.03330529153719494,1.8154594653338958,1.616073952329009,1.9516678654674882,1.6393892862244666,1.9515689945959667
80.0,5.0,0.1,S-learner,regret_vs_oracle,10,1084.3461018638877,289.7060092392701,91.61308410338779,1058.8282023714128,644.4474049891905,1616.9038664029667,670.919975958465,1558.2734299557817
80.0,5.0,0.1,S-learner,oracle_profit_captured,10,0.834048034736686,0.04506541215267737,0.014250934609669223,0.8377935422544932,0.749903724137457,0.9008458706972017,0.7593367989504445,0.8972367595125856
80.0,5.0,0.1,S-learner,treatment_rate,10,0.0965,0.004764192572115191,0.0015065699739539996,0.09883333333333333,0.087,0.1,0.0876,0.1
80.0,5.0,0.1,S-learner,dr_incremental_profit,10,5191.840875790864,1732.1851839887984,547.7650510602431,5082.738308230706,2757.44505746629,8622.11996695583,2979.9175257415995,8198.499329815822
80.0,5.0,0.1,S-learner,observational_estimation_error,10,-263.59385612616876,1816.8094339173022,574.5255885659843,-301.04451251276987,-2714.1053358594895,2990.0019468456476,-2577.61322566187,2705.7378971020094
80.0,5.0,0.1,T-learner,incremental_profit,10,5216.36129107513,258.7684580054686,81.82977139069126,5164.538071087567,4946.27880604799,5621.3818143160825,4946.746079090686,5615.153544380945
80.0,5.0,0.1,T-learner,profit_per_customer,10,1.7387870970250436,0.08625615266848953,0.027276590463563757,1.7215126903625224,1.6487596020159965,1.8737939381053608,1.648915359696895,1.8717178481269818
80.0,5.0,0.1,T-learner,regret_vs_oracle,10,1323.4195427057894,244.5878405092301,77.34546639911649,1389.621616563817,905.750386787292,1601.9671372273779,925.698075206865,1588.030448179546
80.0,5.0,0.1,T-learner,oracle_profit_captured,10,0.7975804535136891,0.0376664845967414,0.011911188277735168,0.7863594972129242,0.7553593510224679,0.8606420162882444,0.7574316458096434,0.858178234471497
80.0,5.0,0.1,T-learner,treatment_rate,10,0.09736666666666667,0.003411852977597476,0.0010789226450835464,0.1,0.093,0.1,0.093,0.1
80.0,5.0,0.1,T-learner,dr_incremental_profit,10,5118.884514097585,1135.752548115484,359.1564910384907,4862.837376709784,3475.354628525307,7045.10788736252,3599.8981646546504,6895.971448480365
80.0,5.0,0.1,T-learner,observational_estimation_error,10,-97.47677697754452,1159.6418197342625,366.7109420342665,-236.64982691313617,-2146.0271857907755,1929.7484342586595,-1871.4699792026865,1705.0955694821064
80.0,5.0,0.1,Treat nobody,incremental_profit,10,0.0,0.0,0.0,0.0,0.0,0.0,0.0,0.0
80.0,5.0,0.1,Treat nobody,profit_per_customer,10,0.0,0.0,0.0,0.0,0.0,0.0,0.0,0.0
80.0,5.0,0.1,Treat nobody,regret_vs_oracle,10,6539.78083378092,56.87420310821126,17.985202192897546,6544.498420236215,6461.261001113799,6629.659182613996,6462.130563625942,6626.538300193679
80.0,5.0,0.1,Treat nobody,oracle_profit_captured,10,0.0,0.0,0.0,0.0,0.0,0.0,0.0,0.0
80.0,5.0,0.1,Treat nobody,treatment_rate,10,0.0,0.0,0.0,0.0,0.0,0.0,0.0,0.0
80.0,5.0,0.1,Treat nobody,dr_incremental_profit,10,0.0,0.0,0.0,0.0,0.0,0.0,0.0,0.0
80.0,5.0,0.1,Treat nobody,observational_estimation_error,10,0.0,0.0,0.0,0.0,0.0,0.0,0.0,0.0
80.0,5.0,0.2,DR-learner,incremental_profit,10,9874.557014568942,436.09845830063193,137.90644123179598,9803.493048675928,9276.998496513374,10518.56059569009,9296.757140089809,10481.342076529883
80.0,5.0,0.2,DR-learner,profit_per_customer,10,3.291519004856314,0.14536615276687734,0.045968813743932004,3.2678310162253092,3.0923328321711243,3.5061868652300303,3.0989190466966026,3.493780692176628
80.0,5.0,0.2,DR-learner,regret_vs_oracle,10,1845.4952443833674,360.5977529377946,114.03102184221044,1882.6189407714155,1356.0963947295622,2419.0856562806584,1373.3782934874037,2394.406416519587
80.0,5.0,0.2,DR-learner,oracle_profit_captured,10,0.8423721945498104,0.031567344195628975,0.009982470734068346,0.8386349787812045,0.7947126515707574,0.8857991101702014,0.7960553211094624,0.8838514419732907
80.0,5.0,0.2,DR-learner,treatment_rate,10,0.19466666666666668,0.007284348179148343,0.0023035131515809016,0.19866666666666666,0.179,0.2,0.180725,0.2
80.0,5.0,0.2,DR-learner,dr_incremental_profit,10,8893.429916310095,2581.7773194786323,816.429674091668,8421.097062666242,5478.196361050979,15235.409729595347,5847.38564398565,14168.969148387638
80.0,5.0,0.2,DR-learner,observational_estimation_error,10,-981.1270982588487,2385.860997413029,754.4754932386269,-1507.8467886981293,-3886.6183291354373,4882.264774617286,-3596.7958127767083,3846.1992297898546
80.0,5.0,0.2,Oracle,incremental_profit,10,11720.052258952308,122.43574194463827,38.717581155767014,11709.214862138386,11533.48204230289,11892.365442841743,11545.388277402326,11888.381041046772
80.0,5.0,0.2,Oracle,profit_per_customer,10,3.906684086317437,0.040811913981546113,0.01290586038525568,3.9030716207127956,3.8444940141009636,3.964121814280581,3.8484627591341085,3.9627936803489243
80.0,5.0,0.2,Oracle,regret_vs_oracle,10,0.0,0.0,0.0,0.0,0.0,0.0,0.0,0.0
80.0,5.0,0.2,Oracle,oracle_profit_captured,10,1.0,0.0,0.0,1.0,1.0,1.0,1.0,1.0
80.0,5.0,0.2,Oracle,treatment_rate,10,0.2,0.0,0.0,0.2,0.2,0.2,0.2,0.2
80.0,5.0,0.2,Oracle,dr_incremental_profit,0,,,,,,,,
80.0,5.0,0.2,Oracle,observational_estimation_error,0,,,,,,,,
80.0,5.0,0.2,Random,incremental_profit,10,4412.847459797062,246.7720250589409,78.03616619984003,4391.177255608331,4096.263500823225,4774.595396505163,4102.658487779067,4769.802299003784
80.0,5.0,0.2,Random,profit_per_customer,10,1.4709491532656873,0.08225734168631361,0.02601205539994667,1.4637257518694438,1.365421166941075,1.5915317988350544,1.3675528292596892,1.589934099667928
80.0,5.0,0.2,Random,regret_vs_oracle,10,7307.204799155249,179.2859259340218,56.69518783637598,7268.550360650766,7073.225485398402,7566.910624460734,7083.248011609492,7560.545673677738
80.0,5.0,0.2,Random,oracle_profit_captured,10,0.3764148489757636,0.018362624771682393,0.005806771809754571,0.37467688402311966,0.3512134395681497,0.4019181850458911,0.352046417447219,0.40182051136633234
80.0,5.0,0.2,Random,treatment_rate,10,0.2,0.0,0.0,0.2,0.2,0.2,0.2,0.2
80.0,5.0,0.2,Random,dr_incremental_profit,10,3404.8189063453383,1892.6365057059343,598.5042140813019,3755.266066681699,645.5311368606652,5500.694723163197,718.2658769366567,5466.732407401294
80.0,5.0,0.2,Random,observational_estimation_error,10,-1008.0285534517232,1824.1221700756132,576.8380787847976,-619.302093684091,-3479.154528210751,1235.3608857916743,-3453.973396617444,1123.2397148531472
80.0,5.0,0.2,S-learner,incremental_profit,10,10013.257742699512,474.26297157108087,149.97512000443,9848.81244333302,9352.167439592622,10589.763224841769,9376.785601992855,10577.440745840417
80.0,5.0,0.2,S-learner,profit_per_customer,10,3.3377525808998376,0.15808765719036033,0.04999170666814335,3.2829374811110066,3.117389146530874,3.5299210749472563,3.125595200664285,3.5258135819468057
80.0,5.0,0.2,S-learner,regret_vs_oracle,10,1706.7945162527976,413.1263933465095,130.64203645056014,1711.1278991908384,1130.6214977541913,2269.4296092516815,1169.3171598094925,2265.8883089447636
80.0,5.0,0.2,S-learner,oracle_profit_captured,10,0.8542280237580757,0.035834227175677365,0.011331777606704316,0.8519827353081936,0.804723085844956,0.9030605660509536,0.8053766878186993,0.9002270940235014
80.0,5.0,0.2,S-learner,treatment_rate,10,0.19503333333333334,0.00794650322973866,0.0025129049639858437,0.2,0.17633333333333334,0.2,0.17888333333333334,0.2
80.0,5.0,0.2,S-learner,dr_incremental_profit,10,9557.409619876522,2093.0695624005334,661.8867118357612,9178.987302770376,7367.402612051236,14050.383321827867,7444.004331370053,13387.435920168587
80.0,5.0,0.2,S-learner,observational_estimation_error,10,-455.8481228229916,1958.8824003823113,619.4530053625994,-648.8288581963861,-2824.697929617124,3460.6200969860984,-2785.984684783829,2902.372942237289
80.0,5.0,0.2,T-learner,incremental_profit,10,9580.348720081021,373.77785454740393,118.19893593009212,9560.495140223353,8827.926229715076,10130.788725408527,8941.494819109243,10103.982888401631
80.0,5.0,0.2,T-learner,profit_per_customer,10,3.1934495733603407,0.1245926181824679,0.039399645310030686,3.186831713407784,2.9426420765716923,3.3769295751361756,2.9804982730364142,3.367994296133877
80.0,5.0,0.2,T-learner,regret_vs_oracle,10,2139.703538871289,348.2304131031577,110.12012559473216,2120.3184440061686,1532.3853998754312,2887.3457617661807,1606.7748815378584,2762.3427663539424
80.0,5.0,0.2,T-learner,oracle_profit_captured,10,0.8174035539679194,0.029874477340937802,0.009447139230445406,0.8188265645404869,0.7535400147887552,0.8686133480118884,0.7644709182994679,0.8628752769285116
80.0,5.0,0.2,T-learner,treatment_rate,10,0.19663333333333333,0.004484403699847944,0.0014180929639205579,0.2,0.18933333333333333,0.2,0.18978333333333333,0.2
80.0,5.0,0.2,T-learner,dr_incremental_profit,10,9677.189827375896,2411.192045666861,762.4858740388008,8790.108695527877,7252.8274453430495,15070.520291310659,7253.122551239582,14404.782569200623
80.0,5.0,0.2,T-learner,observational_estimation_error,10,96.84110729487301,2365.248687409498,747.9573084937638,-1134.5453983910502,-2199.296007856683,5272.42113220524,-2058.5565266761027,4699.155647337876
80.0,5.0,0.2,Treat nobody,incremental_profit,10,0.0,0.0,0.0,0.0,0.0,0.0,0.0,0.0
80.0,5.0,0.2,Treat nobody,profit_per_customer,10,0.0,0.0,0.0,0.0,0.0,0.0,0.0,0.0
80.0,5.0,0.2,Treat nobody,regret_vs_oracle,10,11720.052258952308,122.43574194463827,38.717581155767014,11709.214862138386,11533.48204230289,11892.365442841743,11545.388277402326,11888.381041046772
80.0,5.0,0.2,Treat nobody,oracle_profit_captured,10,0.0,0.0,0.0,0.0,0.0,0.0,0.0,0.0
80.0,5.0,0.2,Treat nobody,treatment_rate,10,0.0,0.0,0.0,0.0,0.0,0.0,0.0,0.0
80.0,5.0,0.2,Treat nobody,dr_incremental_profit,10,0.0,0.0,0.0,0.0,0.0,0.0,0.0,0.0
80.0,5.0,0.2,Treat nobody,observational_estimation_error,10,0.0,0.0,0.0,0.0,0.0,0.0,0.0,0.0
80.0,5.0,0.3,DR-learner,incremental_profit,10,13649.99006839589,463.5052684073836,146.57323556550176,13570.619514881131,13019.589819102868,14336.168322347035,13055.364570089616,14287.002481933077
80.0,5.0,0.3,DR-learner,profit_per_customer,10,4.549996689465297,0.15450175613579448,0.04885774518850057,4.52353983829371,4.33986327303429,4.778722774115678,4.351788190029873,4.762334160644359
80.0,5.0,0.3,DR-learner,regret_vs_oracle,10,2209.763773458534,362.8126750215499,114.73144170465774,2210.071148629904,1675.710689087744,2629.948697690572,1688.763740174349,2629.0746481502747
80.0,5.0,0.3,DR-learner,oracle_profit_captured,10,0.8605584341229152,0.02356071351121756,0.007450551799415057,0.8603871712108755,0.8338423453293533,0.8938977996350296,0.8340336257635289,0.8934963352341139
80.0,5.0,0.3,DR-learner,treatment_rate,10,0.29606666666666664,0.0053628811125327495,0.0016958919136301257,0.3,0.28733333333333333,0.3,0.28770833333333334,0.3
80.0,5.0,0.3,DR-learner,dr_incremental_profit,10,12803.011905906707,3017.0918774731244,954.0882242808734,12025.214488665344,9740.397530072085,19389.950429322267,9908.612220802972,18766.94432543885
80.0,5.0,0.3,DR-learner,observational_estimation_error,10,-846.9781624891818,2993.4652003704455,946.6168129622921,-1815.6948337911217,-3979.3119973469,5320.865113061569,-3809.131229032725,4865.595828452201
80.0,5.0,0.3,Oracle,incremental_profit,10,15859.753841854425,173.03587852746998,54.71874930750276,15842.430387356595,15568.536340254992,16071.609021395925,15599.60656592632,16071.222820241273
80.0,5.0,0.3,Oracle,profit_per_customer,10,5.286584613951475,0.05767862617582331,0.018239583102500918,5.280810129118866,5.18951211341833,5.357203007131975,5.1998688553087735,5.357074273413757
80.0,5.0,0.3,Oracle,regret_vs_oracle,10,0.0,0.0,0.0,0.0,0.0,0.0,0.0,0.0
80.0,5.0,0.3,Oracle,oracle_profit_captured,10,1.0,0.0,0.0,1.0,1.0,1.0,1.0,1.0
80.0,5.0,0.3,Oracle,treatment_rate,10,0.29999999999999993,5.851389114294502e-17,1.850371707708594e-17,0.3,0.3,0.3,0.3,0.3
80.0,5.0,0.3,Oracle,dr_incremental_profit,0,,,,,,,,
80.0,5.0,0.3,Oracle,observational_estimation_error,0,,,,,,,,
80.0,5.0,0.3,Random,incremental_profit,10,6744.614288608301,290.74793386146956,91.94256959902386,6744.330761705651,6398.726120250421,7327.531186558173,6402.204006720043,7249.046984438805
80.0,5.0,0.3,Random,profit_per_customer,10,2.2482047628694337,0.09691597795382312,0.0306475231996746,2.2481102539018836,2.1329087067501407,2.442510395519391,2.1340680022400145,2.4163489948129353
80.0,5.0,0.3,Random,regret_vs_oracle,10,9115.139553246123,185.74428391187317,58.73749995184894,9126.133260071278,8742.361385261518,9371.134378159742,8784.473168828612,9356.906668246156
80.0,5.0,0.3,Random,oracle_profit_captured,10,0.42516862325414023,0.014867076544692976,0.0047013824029295895,0.42678908082429545,0.40706483533078847,0.455978853238123,0.40713804980492946,0.45116922715230806
80.0,5.0,0.3,Random,treatment_rate,10,0.29999999999999993,5.851389114294502e-17,1.850371707708594e-17,0.3,0.3,0.3,0.3,0.3
80.0,5.0,0.3,Random,dr_incremental_profit,10,6699.847190889889,2095.5641627639725,662.6755737357963,6032.916526383522,4493.9924264720385,11333.423345569623,4498.227192052725,10620.827646616754
80.0,5.0,0.3,Random,observational_estimation_error,10,-44.76709771841115,2069.1734244775967,654.3300895239606,-837.9407636199339,-2369.8468708965493,4457.639887361904,-2268.7898960469643,3852.382089449426
80.0,5.0,0.3,S-learner,incremental_profit,10,13825.986051614547,517.7942190810618,163.7409091564373,13677.468383691636,13086.817431663203,14436.939143593801,13107.550122179264,14432.212131928229
80.0,5.0,0.3,S-learner,profit_per_customer,10,4.608662017204849,0.17259807302702068,0.0545803030521458,4.559156127897212,4.362272477221068,4.812313047864601,4.369183374059754,4.81073737730941
80.0,5.0,0.3,S-learner,regret_vs_oracle,10,2033.767790239876,439.29384334359037,138.91691070549433,1960.1129024996408,1356.425021556719,2717.835313781132,1423.0695035502222,2679.1052998654377
80.0,5.0,0.3,S-learner,oracle_profit_captured,10,0.8716720755439085,0.028161298743760207,0.008905384589872074,0.8746767521990527,0.8280357463364993,0.9141142439715414,0.8303019388717227,0.9102976804303136
80.0,5.0,0.3,S-learner,treatment_rate,10,0.2947333333333333,0.009405540788857603,0.002974293151840687,0.3,0.27266666666666667,0.3,0.2755916666666667,0.3
80.0,5.0,0.3,S-learner,dr_incremental_profit,10,13654.781278837128,3563.9955475401284,1127.034350092572,12746.217332163156,8561.136341357462,21250.613527004112,9083.73402679636,20207.33695258132
80.0,5.0,0.3,S-learner,observational_estimation_error,10,-171.2047727774174,3388.977530971339,1071.6887937003257,-881.1812080448335,-4525.681090305741,6834.683324146186,-4125.590451849099,5952.781841806127
80.0,5.0,0.3,T-learner,incremental_profit,10,13220.645207339956,514.9304943358898,162.83531987778443,13271.238853025634,12142.178685892713,13835.488350075433,12286.983073529114,13832.3666973452
80.0,5.0,0.3,T-learner,profit_per_customer,10,4.406881735779986,0.1716434981119631,0.05427843995926143,4.4237462843418776,4.0473928952975715,4.611829450025144,4.095661024509705,4.610788899115066
80.0,5.0,0.3,T-learner,regret_vs_oracle,10,2639.108634514468,442.0985515592397,139.8038373188582,2564.590806758666,1957.8758150750873,3662.4740595516214,2023.2163593058847,3464.543480747619
80.0,5.0,0.3,T-learner,oracle_profit_captured,10,0.8335084392871372,0.028460961561563997,0.009000146293304477,0.8390514470194563,0.7682660847700483,0.8760317438006453,0.7801888136937385,0.8724456976281979
80.0,5.0,0.3,T-learner,treatment_rate,10,0.2948333333333333,0.007367345368433437,0.0023297591673342036,0.3,0.2816666666666667,0.3,0.28234166666666666,0.3
80.0,5.0,0.3,T-learner,dr_incremental_profit,10,12882.138951636178,3059.3342821948427,967.4464455572015,12631.900489875596,8319.963146018072,20186.039335135574,8908.465503415973,18905.843482003962
80.0,5.0,0.3,T-learner,observational_estimation_error,10,-338.5062557037794,2926.5177632404257,925.4461744781132,-889.4106959596966,-3822.2155398746418,6656.0533002820375,-3542.938959552328,5543.3097130302085
80.0,5.0,0.3,Treat nobody,incremental_profit,10,0.0,0.0,0.0,0.0,0.0,0.0,0.0,0.0
80.0,5.0,0.3,Treat nobody,profit_per_customer,10,0.0,0.0,0.0,0.0,0.0,0.0,0.0,0.0
80.0,5.0,0.3,Treat nobody,regret_vs_oracle,10,15859.753841854425,173.03587852746998,54.71874930750276,15842.430387356595,15568.536340254992,16071.609021395925,15599.60656592632,16071.222820241273
80.0,5.0,0.3,Treat nobody,oracle_profit_captured,10,0.0,0.0,0.0,0.0,0.0,0.0,0.0,0.0
80.0,5.0,0.3,Treat nobody,treatment_rate,10,0.0,0.0,0.0,0.0,0.0,0.0,0.0,0.0
80.0,5.0,0.3,Treat nobody,dr_incremental_profit,10,0.0,0.0,0.0,0.0,0.0,0.0,0.0,0.0
80.0,5.0,0.3,Treat nobody,observational_estimation_error,10,0.0,0.0,0.0,0.0,0.0,0.0,0.0,0.0
80.0,10.0,0.1,DR-learner,incremental_profit,10,3938.309860946037,258.394342194984,81.71146558371015,4013.0575421376866,3566.817586134217,4280.175375934891,3575.832641115902,4269.209558467559
80.0,10.0,0.1,DR-learner,profit_per_customer,10,1.312769953648679,0.086131447398328,0.027237155194570047,1.3376858473792288,1.1889391953780724,1.4267251253116304,1.1919442137053007,1.4230698528225196
80.0,10.0,0.1,DR-learner,regret_vs_oracle,10,1101.470972834883,230.72372950095195,72.96124954715924,1051.194557255436,768.0125919782404,1434.4371437526788,783.2227328656181,1426.308117290876
80.0,10.0,0.1,DR-learner,oracle_profit_captured,10,0.7812372186178971,0.04691552083769962,0.014835990346022159,0.7927566624292179,0.7154640695585789,0.8463806142385524,0.7161188202089808,0.8441934624363533
80.0,10.0,0.1,DR-learner,treatment_rate,10,0.09626666666666667,0.004652889716729745,0.0014713729206441652,0.098,0.08733333333333333,0.1,0.08793333333333334,0.1
80.0,10.0,0.1,DR-learner,dr_incremental_profit,10,3241.055136388193,1483.2002433723337,469.0290995172634,2820.1288383531937,1481.421494076395,6390.49690537545,1609.7588271075383,5986.850571618755
80.0,10.0,0.1,DR-learner,observational_estimation_error,10,-697.2547245578438,1362.4900397816991,430.85718150035933,-1172.3230484242586,-2125.4630030875333,2318.9700965887405,-2034.8818507868746,1902.750134949512
80.0,10.0,0.1,Oracle,incremental_profit,10,5039.78083378092,56.87420310821126,17.985202192897546,5044.498420236215,4961.261001113799,5129.659182613996,4962.130563625942,5126.538300193679
80.0,10.0,0.1,Oracle,profit_per_customer,10,1.67992694459364,0.018958067702737075,0.005995067397632512,1.6814994734120716,1.653753667037933,1.7098863942046651,1.6540435212086475,1.7088461000645596
80.0,10.0,0.1,Oracle,regret_vs_oracle,10,0.0,0.0,0.0,0.0,0.0,0.0,0.0,0.0
80.0,10.0,0.1,Oracle,oracle_profit_captured,10,1.0,0.0,0.0,1.0,1.0,1.0,1.0,1.0
80.0,10.0,0.1,Oracle,treatment_rate,10,0.1,0.0,0.0,0.1,0.1,0.1,0.1,0.1
80.0,10.0,0.1,Oracle,dr_incremental_profit,0,,,,,,,,
80.0,10.0,0.1,Oracle,observational_estimation_error,0,,,,,,,,
80.0,10.0,0.1,Random,incremental_profit,10,758.3183672569673,132.14785041212318,41.788819519752984,783.0311971549534,467.1255066152871,886.9682936019267,504.7196189648649,884.4579850033298
80.0,10.0,0.1,Random,profit_per_customer,10,0.2527727890856558,0.044049283470707724,0.013929606506584329,0.26101039905165113,0.15570850220509572,0.2956560978673089,0.1682398729882883,0.29481932833444324
80.0,10.0,0.1,Random,regret_vs_oracle,10,4281.462466523952,96.35402890339412,30.469819306842155,4256.02411665299,4165.510274419556,4494.135494498511,4170.321755194144,4468.726509900264
80.0,10.0,0.1,Random,oracle_profit_captured,10,0.15028103348906635,0.025124785656108466,0.007945154839683074,0.15584703327327248,0.09415459225193311,0.1748112446788003,0.10142155045505329,0.17456718616148448
80.0,10.0,0.1,Random,treatment_rate,10,0.1,0.0,0.0,0.1,0.1,0.1,0.1,0.1
80.0,10.0,0.1,Random,dr_incremental_profit,10,650.9674133760334,1202.8014754085677,380.359223530208,607.3374351535106,-1481.018901804153,2410.3933061682446,-1237.5412450858298,2366.9420707984004
80.0,10.0,0.1,Random,observational_estimation_error,10,-107.35095388093404,1209.895431748653,382.6025294958541,-63.6470096360091,-2367.98719540608,1597.8133435412929,-2094.4752197559883,1572.6408590743094
80.0,10.0,0.1,S-learner,incremental_profit,10,4007.9347319170315,263.0580386023441,83.18625587999038,4012.5670269408947,3543.2218569870274,4355.003596402465,3587.205846891117,4354.7069837879
80.0,10.0,0.1,S-learner,profit_per_customer,10,1.3359782439723442,0.08768601286744801,0.027728751959996786,1.3375223423136315,1.1810739523290092,1.4516678654674882,1.195735282297039,1.4515689945959667
80.0,10.0,0.1,S-learner,regret_vs_oracle,10,1031.8461018638877,239.75623017175144,75.81757705583175,1005.8163507518129,644.4474049891905,1421.9038664029667,670.919975958465,1396.6219259730863
80.0,10.0,0.1,S-learner,oracle_profit_captured,10,0.7950869079700844,0.04855178071173997,0.015353421150612931,0.8018808005591229,0.7136217800680088,0.8710963654189627,0.7196907791642585,0.8665812463177858
80.0,10.0,0.1,S-learner,treatment_rate,10,0.0965,0.004764192572115191,0.0015065699739539996,0.09883333333333333,0.087,0.1,0.0876,0.1
80.0,10.0,0.1,S-learner,dr_incremental_profit,10,3744.3408757908633,1748.807179505896,553.0213875693568,3658.8505171040333,1312.4450574662899,7157.119966955831,1522.5425257415993,6732.479280509483
80.0,10.0,0.1,S-learner,observational_estimation_error,10,-263.59385612616836,1816.8094339173026,574.5255885659845,-301.04451251276896,-2714.10533585949,2990.0019468456485,-2577.6132256618703,2705.73789710201
80.0,10.0,0.1,T-learner,incremental_profit,10,3755.8612910751303,241.17353388484815,76.26576784279169,3709.5380710875675,3446.2788060479897,4121.3818143160825,3458.6575270651006,4115.153544380945
80.0,10.0,0.1,T-learner,profit_per_customer,10,1.25195376369171,0.08039117796161604,0.025421922614263896,1.2365126903625225,1.1487596020159965,1.3737939381053608,1.1528858423550334,1.3717178481269818
80.0,10.0,0.1,T-learner,regret_vs_oracle,10,1283.9195427057894,230.64536278650502,72.9364678161196,1337.121616563817,905.750386787292,1601.9671372273779,925.698075206865,1588.030448179546
80.0,10.0,0.1,T-learner,oracle_profit_captured,10,0.7451833007833326,0.04600625922825235,0.014548456578541773,0.7328942027513996,0.6826685634519619,0.8188300302302861,0.6853349866187455,0.8158577825394111
80.0,10.0,0.1,T-learner,treatment_rate,10,0.09736666666666667,0.003411852977597476,0.0010789226450835464,0.1,0.093,0.1,0.093,0.1
80.0,10.0,0.1,T-learner,dr_incremental_profit,10,3658.3845140975855,1150.263158363598,363.74514890079286,3415.3373767097837,1975.3546285253062,5635.107887362521,2121.27316465465,5465.721448480366
80.0,10.0,0.1,T-learner,observational_estimation_error,10,-97.47677697754452,1159.6418197342628,366.71094203426657,-236.64982691313594,-2146.0271857907765,1929.7484342586604,-1871.4699792026872,1705.095569482107
80.0,10.0,0.1,Treat nobody,incremental_profit,10,0.0,0.0,0.0,0.0,0.0,0.0,0.0,0.0
80.0,10.0,0.1,Treat nobody,profit_per_customer,10,0.0,0.0,0.0,0.0,0.0,0.0,0.0,0.0
80.0,10.0,0.1,Treat nobody,regret_vs_oracle,10,5039.78083378092,56.87420310821126,17.985202192897546,5044.498420236215,4961.261001113799,5129.659182613996,4962.130563625942,5126.538300193679
80.0,10.0,0.1,Treat nobody,oracle_profit_captured,10,0.0,0.0,0.0,0.0,0.0,0.0,0.0,0.0
80.0,10.0,0.1,Treat nobody,treatment_rate,10,0.0,0.0,0.0,0.0,0.0,0.0,0.0,0.0
80.0,10.0,0.1,Treat nobody,dr_incremental_profit,10,0.0,0.0,0.0,0.0,0.0,0.0,0.0,0.0
80.0,10.0,0.1,Treat nobody,observational_estimation_error,10,0.0,0.0,0.0,0.0,0.0,0.0,0.0,0.0
80.0,10.0,0.2,DR-learner,incremental_profit,10,6954.5570145689435,368.41953667892955,116.50448704093637,6938.315579391365,6404.814690186417,7518.560595690091,6446.931046609981,7481.342076529884
80.0,10.0,0.2,DR-learner,profit_per_customer,10,2.318185671522981,0.12280651222630992,0.03883482901364548,2.312771859797121,2.1349382300621387,2.5061868652300303,2.1489770155366603,2.493780692176628
80.0,10.0,0.2,DR-learner,regret_vs_oracle,10,1765.4952443833674,307.67154094519884,97.2942840600583,1730.1189407714155,1356.0963947295622,2379.0856562806584,1373.3782934874037,2292.531416519587
80.0,10.0,0.2,DR-learner,oracle_profit_captured,10,0.7973470755704933,0.03615494337471384,0.011433196973851032,0.8003999941652684,0.7291538425481412,0.8471945004529762,0.7378324996795311,0.844360326627699
80.0,10.0,0.2,DR-learner,treatment_rate,10,0.19466666666666668,0.007284348179148343,0.0023035131515809016,0.19866666666666666,0.179,0.2,0.180725,0.2
80.0,10.0,0.2,DR-learner,dr_incremental_profit,10,5973.429916310093,2566.512355016993,811.6024684816373,5548.388325316826,2518.1963610509783,12235.409729595347,2878.3856439856495,11168.969148387638
80.0,10.0,0.2,DR-learner,observational_estimation_error,10,-981.1270982588492,2385.8609974130295,754.475493238627,-1507.8467886981298,-3886.618329135438,4882.264774617286,-3596.7958127767088,3846.199229789854
80.0,10.0,0.2,Oracle,incremental_profit,10,8720.052258952308,122.43574194463827,38.717581155767014,8709.214862138386,8533.48204230289,8892.365442841743,8545.388277402326,8888.381041046772
80.0,10.0,0.2,Oracle,profit_per_customer,10,2.9066840863174366,0.040811913981546113,0.01290586038525568,2.9030716207127956,2.8444940141009636,2.964121814280581,2.8484627591341085,2.9627936803489243
80.0,10.0,0.2,Oracle,regret_vs_oracle,10,0.0,0.0,0.0,0.0,0.0,0.0,0.0,0.0
80.0,10.0,0.2,Oracle,oracle_profit_captured,10,1.0,0.0,0.0,1.0,1.0,1.0,1.0,1.0
80.0,10.0,0.2,Oracle,treatment_rate,10,0.2,0.0,0.0,0.2,0.2,0.2,0.2,0.2
80.0,10.0,0.2,Oracle,dr_incremental_profit,0,,,,,,,,
80.0,10.0,0.2,Oracle,observational_estimation_error,0,,,,,,,,
80.0,10.0,0.2,Random,incremental_profit,10,1412.8474597970612,246.77202505894087,78.03616619984001,1391.177255608331,1096.2635008232246,1774.595396505163,1102.6584877790676,1769.8022990037846
80.0,10.0,0.2,Random,profit_per_customer,10,0.47094915326568704,0.08225734168631363,0.026012055399946672,0.46372575186944365,0.36542116694107485,0.5915317988350544,0.36755282925968924,0.5899340996679282
80.0,10.0,0.2,Random,regret_vs_oracle,10,7307.204799155249,179.2859259340218,56.69518783637598,7268.550360650766,7073.225485398402,7566.910624460734,7083.248011609492,7560.545673677738
80.0,10.0,0.2,Random,oracle_profit_captured,10,0.16179275638631144,0.026620974957642745,0.008418291440045552,0.15824864116971,0.12654293737715813,0.19956393019516455,0.12742198288618137,0.1993558715521149
80.0,10.0,0.2,Random,treatment_rate,10,0.2,0.0,0.0,0.2,0.2,0.2,0.2,0.2
80.0,10.0,0.2,Random,dr_incremental_profit,10,404.8189063453383,1892.6365057059345,598.5042140813019,755.2660666816992,-2354.4688631393346,2500.6947231631966,-2281.7341230633433,2466.7324074012945
80.0,10.0,0.2,Random,observational_estimation_error,10,-1008.0285534517232,1824.1221700756132,576.8380787847976,-619.3020936840908,-3479.154528210751,1235.3608857916743,-3453.973396617444,1123.2397148531472
80.0,10.0,0.2,S-learner,incremental_profit,10,7087.757742699512,395.9472945247544,125.20952840797405,6951.3124433330195,6646.581494704766,7589.7632248417685,6655.664629904732,7577.440745840417
80.0,10.0,0.2,S-learner,profit_per_customer,10,2.362585914233171,0.13198243150825148,0.04173650946932469,2.3171041477776733,2.2155271649015886,2.5299210749472563,2.2185548766349106,2.5258135819468057
80.0,10.0,0.2,S-learner,regret_vs_oracle,10,1632.2945162527974,342.6334292093349,108.35020388155635,1608.6278991908384,1130.6214977541913,2068.6904967764913,1169.3171598094925,2056.8816533722334
80.0,10.0,0.2,S-learner,oracle_profit_captured,10,0.8126365818981643,0.04002207000902116,0.01265608979032225,0.8120717697140833,0.7626361519412667,0.8694910801279626,0.7639186587231604,0.8658963592161194
80.0,10.0,0.2,S-learner,treatment_rate,10,0.19503333333333334,0.00794650322973866,0.0025129049639858437,0.2,0.17633333333333334,0.2,0.17888333333333334,0.2
80.0,10.0,0.2,S-learner,dr_incremental_profit,10,6631.909619876521,2042.695562632498,645.9570544237827,6246.487302770377,4552.402612051237,11050.383321827867,4587.3793313700535,10387.435920168586
80.0,10.0,0.2,S-learner,observational_estimation_error,10,-455.8481228229918,1958.8824003823108,619.4530053625992,-648.8288581963861,-2824.697929617123,3460.6200969860984,-2785.9846847838285,2902.372942237289
80.0,10.0,0.2,T-learner,incremental_profit,10,6630.848720081021,329.98971635084644,104.35191081015817,6627.116082489421,5987.926229715076,7130.788725408527,6085.744819109243,7103.9828884016315
80.0,10.0,0.2,T-learner,profit_per_customer,10,2.210282906693674,0.10999657211694876,0.03478397027005271,2.209038694163141,1.9959754099050253,2.3769295751361756,2.0285816063697473,2.367994296133877
80.0,10.0,0.2,T-learner,regret_vs_oracle,10,2089.203538871289,318.30418468882357,100.65662123795767,2089.3318915631207,1532.3853998754312,2727.3457617661807,1604.1354873600071,2638.3427663539424
80.0,10.0,0.2,T-learner,oracle_profit_captured,10,0.7604166580289298,0.036390010519736365,0.011507531731985461,0.7634865179600749,0.68706131438789,0.8231150179236177,0.697743949303153,0.8156811926386943
80.0,10.0,0.2,T-learner,treatment_rate,10,0.19663333333333333,0.004484403699847944,0.0014180929639205579,0.2,0.18933333333333333,0.2,0.18978333333333333,0.2
80.0,10.0,0.2,T-learner,dr_incremental_profit,10,6727.689827375895,2401.6004230649,759.4527366509061,5816.010149943037,4252.8274453430495,12070.520291310659,4289.122551239582,11432.907569200624
80.0,10.0,0.2,T-learner,observational_estimation_error,10,96.84110729487338,2365.2486874094984,747.9573084937639,-1134.5453983910502,-2199.296007856683,5272.42113220524,-2058.5565266761027,4699.155647337877
80.0,10.0,0.2,Treat nobody,incremental_profit,10,0.0,0.0,0.0,0.0,0.0,0.0,0.0,0.0
80.0,10.0,0.2,Treat nobody,profit_per_customer,10,0.0,0.0,0.0,0.0,0.0,0.0,0.0,0.0
80.0,10.0,0.2,Treat nobody,regret_vs_oracle,10,8720.052258952308,122.43574194463827,38.717581155767014,8709.214862138386,8533.48204230289,8892.365442841743,8545.388277402326,8888.381041046772
80.0,10.0,0.2,Treat nobody,oracle_profit_captured,10,0.0,0.0,0.0,0.0,0.0,0.0,0.0,0.0
80.0,10.0,0.2,Treat nobody,treatment_rate,10,0.0,0.0,0.0,0.0,0.0,0.0,0.0,0.0
80.0,10.0,0.2,Treat nobody,dr_incremental_profit,10,0.0,0.0,0.0,0.0,0.0,0.0,0.0,0.0
80.0,10.0,0.2,Treat nobody,observational_estimation_error,10,0.0,0.0,0.0,0.0,0.0,0.0,0.0,0.0
80.0,10.0,0.3,DR-learner,incremental_profit,10,9208.99006839589,410.7637056679798,129.8948890041832,9139.148934564177,8684.589819102868,9836.168322347035,8705.940796455736,9787.002481933077
80.0,10.0,0.3,DR-learner,profit_per_customer,10,3.0696633561319633,0.13692123522265998,0.043298296334727746,3.046382978188059,2.8948632730342894,3.2787227741156784,2.901980265485245,3.262334160644359
80.0,10.0,0.3,DR-learner,regret_vs_oracle,10,2150.763773458534,325.8575295418381,103.04519860678123,2135.071148629904,1675.710689087744,2629.948697690572,1688.763740174349,2591.4129092684484
80.0,10.0,0.3,DR-learner,oracle_profit_captured,10,0.8105156013870124,0.02960741820353078,0.009362687716028798,0.8123480952177876,0.7694934545875097,0.8516198836252253,0.7727464821331871,0.8512896295021793
80.0,10.0,0.3,DR-learner,treatment_rate,10,0.29606666666666664,0.0053628811125327495,0.0016958919136301257,0.3,0.28733333333333333,0.3,0.28770833333333334,0.3
80.0,10.0,0.3,DR-learner,dr_incremental_profit,10,8362.01190590671,3017.4936457786785,954.2152745745951,7525.214488665346,5325.397530072083,14889.950429322269,5517.237220802971,14300.694325438852
80.0,10.0,0.3,DR-learner,observational_estimation_error,10,-846.9781624891817,2993.465200370447,946.6168129622924,-1815.6948337911203,-3979.311997346902,5320.865113061571,-3809.1312290327273,4865.595828452202
80.0,10.0,0.3,Oracle,incremental_profit,10,11359.753841854425,173.03587852746998,54.71874930750276,11342.430387356595,11068.536340254992,11571.609021395925,11099.60656592632,11571.222820241273
80.0,10.0,0.3,Oracle,profit_per_customer,10,3.786584613951475,0.05767862617582333,0.018239583102500925,3.780810129118865,3.689512113418331,3.857203007131975,3.6998688553087735,3.8570742734137577
80.0,10.0,0.3,Oracle,regret_vs_oracle,10,0.0,0.0,0.0,0.0,0.0,0.0,0.0,0.0
80.0,10.0,0.3,Oracle,oracle_profit_captured,10,1.0,0.0,0.0,1.0,1.0,1.0,1.0,1.0
80.0,10.0,0.3,Oracle,treatment_rate,10,0.29999999999999993,5.851389114294502e-17,1.850371707708594e-17,0.3,0.3,0.3,0.3,0.3
80.0,10.0,0.3,Oracle,dr_incremental_profit,0,,,,,,,,
80.0,10.0,0.3,Oracle,observational_estimation_error,0,,,,,,,,
80.0,10.0,0.3,Random,incremental_profit,10,2244.614288608301,290.74793386146956,91.94256959902386,2244.3307617056507,1898.7261202504214,2827.5311865581734,1902.2040067200428,2749.046984438806
80.0,10.0,0.3,Random,profit_per_customer,10,0.7482047628694338,0.09691597795382319,0.03064752319967462,0.7481102539018836,0.6329087067501404,0.9425103955193912,0.6340680022400143,0.9163489948129353
80.0,10.0,0.3,Random,regret_vs_oracle,10,9115.139553246123,185.74428391187317,58.73749995184894,9126.133260071278,8742.361385261518,9371.134378159742,8784.473168828612,9356.906668246156
80.0,10.0,0.3,Random,oracle_profit_captured,10,0.19735620126580958,0.023190221369309733,0.007333391897052752,0.19855681773087958,0.16942887903293186,0.24438698708794188,0.16979079533100783,0.2375963511002697
80.0,10.0,0.3,Random,treatment_rate,10,0.29999999999999993,5.851389114294502e-17,1.850371707708594e-17,0.3,0.3,0.3,0.3,0.3
80.0,10.0,0.3,Random,dr_incremental_profit,10,2199.8471908898905,2095.5641627639725,662.6755737357963,1532.9165263835223,-6.007573527961313,6833.423345569624,-1.7728079472750267,6120.827646616754
80.0,10.0,0.3,Random,observational_estimation_error,10,-44.76709771841122,2069.1734244775967,654.3300895239606,-837.9407636199337,-2369.8468708965493,4457.639887361905,-2268.789896046964,3852.3820894494265
80.0,10.0,0.3,S-learner,incremental_profit,10,9298.90217641945,596.8926830220619,188.75403970386319,9259.968383691636,7961.0716877177365,9936.939143593801,8183.776774376764,9932.212131928229
80.0,10.0,0.3,S-learner,profit_per_customer,10,3.099634058806483,0.1989642276740206,0.06291801323462105,3.086656127897212,2.653690562572579,3.3123130478646003,2.727925591458921,3.3107373773094095
80.0,10.0,0.3,S-learner,regret_vs_oracle,10,2060.8516654349746,548.1133623887015,173.3286641121566,1920.287721904262,1356.425021556719,3343.5810577265984,1423.0695035502222,3137.875909928089
80.0,10.0,0.3,S-learner,oracle_profit_captured,10,0.8184585803246904,0.04878782167287641,0.015428063856441574,0.8310398213165338,0.7042296536641491,0.8798918549228736,0.7227471732965659,0.8747738691313132
80.0,10.0,0.3,S-learner,treatment_rate,10,0.2897333333333333,0.017382267109803114,0.005496755496440997,0.2991666666666667,0.247,0.3,0.25277499999999997,0.3
80.0,10.0,0.3,S-learner,dr_incremental_profit,10,9200.484966519574,3604.9337417394395,1139.9801437889835,8482.067126597303,3636.5088536737408,16750.613527004112,4254.647723841475,15707.33695258132
80.0,10.0,0.3,S-learner,observational_estimation_error,10,-98.41720989987462,3337.6215508361106,1055.4486068305573,-881.181208044833,-4324.562834043996,6834.683324146186,-3969.7238032462474,5952.781841806127
80.0,10.0,0.3,T-learner,incremental_profit,10,8798.145207339956,433.40763687707584,137.0555287842746,8863.738853025634,7917.1786858927135,9335.488350075433,8019.233073529114,9332.3666973452
80.0,10.0,0.3,T-learner,profit_per_customer,10,2.9327150691133186,0.14446921229235862,0.04568517626142487,2.9545796176752113,2.639059561964238,3.1118294500251444,2.6730776911763714,3.1107888991150663
80.0,10.0,0.3,T-learner,regret_vs_oracle,10,2561.608634514468,374.6840651205354,118.48550487517433,2550.783301886062,1957.8758150750873,3387.4740595516214,2023.2163593058847,3250.325175212568
80.0,10.0,0.3,T-learner,oracle_profit_captured,10,0.7743936895612614,0.033734495542648124,0.010667784163156592,0.7767911745912544,0.7003469159265648,0.8266348462297202,0.7128460695520373,0.821919680881404
80.0,10.0,0.3,T-learner,treatment_rate,10,0.2948333333333333,0.007367345368433437,0.0023297591673342036,0.3,0.2816666666666667,0.3,0.28234166666666666,0.3
80.0,10.0,0.3,T-learner,dr_incremental_profit,10,8459.638951636178,3022.4594264552,955.7855923044611,8224.400489875597,4094.96314601807,15686.039335135578,4621.590503415972,14424.968482003964
80.0,10.0,0.3,T-learner,observational_estimation_error,10,-338.50625570377906,2926.5177632404266,925.4461744781134,-889.4106959596952,-3822.2155398746436,6656.053300282041,-3542.9389595523294,5543.309713030211
80.0,10.0,0.3,Treat nobody,incremental_profit,10,0.0,0.0,0.0,0.0,0.0,0.0,0.0,0.0
80.0,10.0,0.3,Treat nobody,profit_per_customer,10,0.0,0.0,0.0,0.0,0.0,0.0,0.0,0.0
80.0,10.0,0.3,Treat nobody,regret_vs_oracle,10,11359.753841854425,173.03587852746998,54.71874930750276,11342.430387356595,11068.536340254992,11571.609021395925,11099.60656592632,11571.222820241273
80.0,10.0,0.3,Treat nobody,oracle_profit_captured,10,0.0,0.0,0.0,0.0,0.0,0.0,0.0,0.0
80.0,10.0,0.3,Treat nobody,treatment_rate,10,0.0,0.0,0.0,0.0,0.0,0.0,0.0,0.0
80.0,10.0,0.3,Treat nobody,dr_incremental_profit,10,0.0,0.0,0.0,0.0,0.0,0.0,0.0,0.0
80.0,10.0,0.3,Treat nobody,observational_estimation_error,10,0.0,0.0,0.0,0.0,0.0,0.0,0.0,0.0
80.0,20.0,0.1,DR-learner,incremental_profit,10,1050.309860946037,192.86944539945304,60.99067385157553,1113.9073611135914,746.8844971639282,1280.1753759348912,748.1088635450908,1269.209558467559
80.0,20.0,0.1,DR-learner,profit_per_customer,10,0.3501032869820123,0.06428981513315102,0.020330224617191844,0.37130245370453047,0.24896149905464274,0.4267251253116304,0.24936962118169692,0.4230698528225197
80.0,20.0,0.1,DR-learner,regret_vs_oracle,10,989.4709728348829,189.7052792687516,59.99007666475767,909.5869133469109,768.0125919782404,1295.919817750717,783.2227328656181,1295.5862161011582
80.0,20.0,0.1,DR-learner,oracle_profit_captured,10,0.5148051655615047,0.09279366301671256,0.029343932756294284,0.552349019468863,0.36588280954517166,0.6158882656070644,0.36620226955096297,0.6134515154805252
80.0,20.0,0.1,DR-learner,treatment_rate,10,0.09626666666666667,0.004652889716729745,0.0014713729206441652,0.098,0.08733333333333333,0.1,0.08793333333333334,0.1
80.0,20.0,0.1,DR-learner,dr_incremental_profit,10,353.05513638819303,1425.3471058818934,450.73433109159646,17.967200968907576,-1378.5785059236048,3390.49690537545,-1281.7411728924615,2986.8505716187537
80.0,20.0,0.1,DR-learner,observational_estimation_error,10,-697.2547245578438,1362.490039781699,430.8571815003593,-1172.323048424258,-2125.4630030875333,2318.97009658874,-2034.8818507868743,1902.7501349495114
80.0,20.0,0.1,Oracle,incremental_profit,10,2039.7808337809197,56.87420310821126,17.985202192897546,2044.4984202362148,1961.2610011137986,2129.6591826139957,1962.1305636259426,2126.538300193679
80.0,20.0,0.1,Oracle,profit_per_customer,10,0.67992694459364,0.01895806770273711,0.005995067397632523,0.6814994734120716,0.6537536670379328,0.7098863942046653,0.6540435212086475,0.7088461000645597
80.0,20.0,0.1,Oracle,regret_vs_oracle,10,0.0,0.0,0.0,0.0,0.0,0.0,0.0,0.0
80.0,20.0,0.1,Oracle,oracle_profit_captured,10,1.0,0.0,0.0,1.0,1.0,1.0,1.0,1.0
80.0,20.0,0.1,Oracle,treatment_rate,10,0.1,0.0,0.0,0.1,0.1,0.1,0.1,0.1
80.0,20.0,0.1,Oracle,dr_incremental_profit,0,,,,,,,,
80.0,20.0,0.1,Oracle,observational_estimation_error,0,,,,,,,,
80.0,20.0,0.1,Random,incremental_profit,10,-2241.6816327430324,132.14785041212318,41.788819519752984,-2216.9688028450464,-2532.874493384713,-2113.0317063980733,-2495.280381035135,-2115.5420149966703
80.0,20.0,0.1,Random,profit_per_customer,10,-0.7472272109143441,0.044049283470707724,0.013929606506584329,-0.738989600948349,-0.8442914977949043,-0.7043439021326912,-0.8317601270117118,-0.7051806716655568
80.0,20.0,0.1,Random,regret_vs_oracle,10,4281.462466523952,96.35402890339412,30.469819306842155,4256.02411665299,4165.510274419556,4494.135494498511,4170.321755194144,4468.726509900264
80.0,20.0,0.1,Random,oracle_profit_captured,10,-1.1009918874300968,0.09127942981745577,0.02886509017446478,-1.0879281066687587,-1.2914520259905722,-0.9974635337870923,-1.2649906946741276,-1.002283784421758
80.0,20.0,0.1,Random,treatment_rate,10,0.1,0.0,0.0,0.1,0.1,0.1,0.1,0.1
80.0,20.0,0.1,Random,dr_incremental_profit,10,-2349.0325866239664,1202.8014754085677,380.359223530208,-2392.662564846489,-4481.018901804153,-589.6066938317556,-4237.541245085829,-633.0579292015996
80.0,20.0,0.1,Random,observational_estimation_error,10,-107.35095388093396,1209.8954317486528,382.60252949585407,-63.647009636009216,-2367.9871954060795,1597.8133435412926,-2094.475219755988,1572.6408590743092
80.0,20.0,0.1,S-learner,incremental_profit,10,408.95566557957943,248.37509615462355,78.54310179119392,326.73774124618467,97.88658884102892,844.4963270740136,111.67963792925218,807.2724771660257
80.0,20.0,0.1,S-learner,profit_per_customer,10,0.13631855519319314,0.08279169871820784,0.026181033930397966,0.1089125804153949,0.03262886294700964,0.28149877569133785,0.03722654597641739,0.26909082572200854
80.0,20.0,0.1,S-learner,regret_vs_oracle,10,1630.8251682013404,283.8409609018017,89.75839297004939,1707.330931020215,1170.9207973790335,2031.7725937729667,1195.9595195356906,2014.8586622644268
80.0,20.0,0.1,S-learner,oracle_profit_captured,10,0.2022943341569139,0.12494394541836518,0.03951074473697935,0.15978730559662374,0.04596349953088763,0.41901813616037265,0.05255040325316159,0.40264190659658217
80.0,20.0,0.1,S-learner,treatment_rate,10,0.028600000000000004,0.018475074967688992,0.005842331684025894,0.025666666666666667,0.006,0.065,0.0063,0.06072500000000001
80.0,20.0,0.1,S-learner,dr_incremental_profit,10,337.85197087613193,752.8568779107262,238.07424863212023,337.93514299583427,-760.2212417247856,1445.2817255614461,-708.0655480816997,1423.5001479998698
80.0,20.0,0.1,S-learner,observational_estimation_error,10,-71.10369470344747,762.0976680844743,240.99644306499493,-89.24850749438022,-1439.2782358744084,1084.0250782578553,-1270.152250125112,1016.4236395593748
80.0,20.0,0.1,T-learner,incremental_profit,10,564.8324930079796,172.08684588148472,54.418638833985796,530.5185502330617,334.78606182685417,815.2725080837045,335.1998400820446,806.1801471437301
80.0,20.0,0.1,T-learner,profit_per_customer,10,0.1882774976693265,0.05736228196049491,0.018139546277995265,0.1768395167443539,0.11159535394228472,0.27175750269456816,0.1117332800273482,0.26872671571457674
80.0,20.0,0.1,T-learner,regret_vs_oracle,10,1474.9483407729404,188.2873671254338,59.54169347526814,1512.1756518815414,1200.1446163693427,1713.4598814485134,1205.6445996205039,1711.4881351626018
80.0,20.0,0.1,T-learner,oracle_profit_captured,10,0.2773808248175341,0.08595535390052624,0.027181469541150107,0.2572580319175696,0.16345012810888077,0.4045180018528208,0.16377757691263775,0.4006973633425107
80.0,20.0,0.1,T-learner,treatment_rate,10,0.051533333333333334,0.012016655108639843,0.0038000000000000004,0.04833333333333333,0.036,0.06633333333333333,0.036225,0.06603333333333333
80.0,20.0,0.1,T-learner,dr_incremental_profit,10,333.24448441880844,696.5045572898357,220.25408017231143,301.11639654280475,-1304.7792532427611,1286.0398784152694,-986.3557353290048,1219.05860497365
80.0,20.0,0.1,T-learner,observational_estimation_error,10,-231.588008589171,711.8131131472621,225.09507059204938,-140.5995933102716,-1866.6214376122275,787.5383823730281,-1579.2914412212685,722.6376373465457
80.0,20.0,0.1,Treat nobody,incremental_profit,10,0.0,0.0,0.0,0.0,0.0,0.0,0.0,0.0
80.0,20.0,0.1,Treat nobody,profit_per_customer,10,0.0,0.0,0.0,0.0,0.0,0.0,0.0,0.0
80.0,20.0,0.1,Treat nobody,regret_vs_oracle,10,2039.7808337809197,56.87420310821126,17.985202192897546,2044.4984202362148,1961.2610011137986,2129.6591826139957,1962.1305636259426,2126.538300193679
80.0,20.0,0.1,Treat nobody,oracle_profit_captured,10,0.0,0.0,0.0,0.0,0.0,0.0,0.0,0.0
80.0,20.0,0.1,Treat nobody,treatment_rate,10,0.0,0.0,0.0,0.0,0.0,0.0,0.0,0.0
80.0,20.0,0.1,Treat nobody,dr_incremental_profit,10,0.0,0.0,0.0,0.0,0.0,0.0,0.0,0.0
80.0,20.0,0.1,Treat nobody,observational_estimation_error,10,0.0,0.0,0.0,0.0,0.0,0.0,0.0,0.0
80.0,20.0,0.2,DR-learner,incremental_profit,10,1116.1108015325908,311.7126299716974,98.57218861518311,1220.071644900654,484.81469018641656,1518.5605956900908,540.585310135323,1481.3420765298843
80.0,20.0,0.2,DR-learner,profit_per_customer,10,0.37203693384419695,0.10390420999056582,0.03285739620506104,0.406690548300218,0.1616048967288055,0.5061868652300303,0.18019510337844097,0.49378069217662807
80.0,20.0,0.2,DR-learner,regret_vs_oracle,10,1603.9414574197194,307.1004941081868,97.11370319449901,1524.8263122690814,1339.3961124450489,2299.0856562806584,1343.1536759590645,2225.147948255651
80.0,20.0,0.2,DR-learner,oracle_profit_captured,10,0.410045012467946,0.11010298486232832,0.03481762093479981,0.45284157103355616,0.17414944137697796,0.528258015043529,0.19595150178721446,0.5194455580317594
80.0,20.0,0.2,DR-learner,treatment_rate,10,0.19313333333333335,0.007936787296670654,0.0025098325161769792,0.19616666666666666,0.179,0.2,0.17982499999999998,0.2
80.0,20.0,0.2,DR-learner,dr_incremental_profit,10,129.74728121419676,2570.8720149401324,812.9811139997248,-251.61167468317393,-3401.8036389490217,6235.409729595347,-3133.1771686394895,5168.969148387638
80.0,20.0,0.2,DR-learner,observational_estimation_error,10,-986.3635203183942,2402.5502889189465,759.753110607947,-1507.8467886981298,-3886.618329135438,4882.264774617286,-3673.7624787748123,3846.1992297898546
80.0,20.0,0.2,Oracle,incremental_profit,10,2720.0522589523107,122.43574194463827,38.717581155767014,2709.214862138386,2533.4820423028905,2892.365442841743,2545.388277402326,2888.3810410467727
80.0,20.0,0.2,Oracle,profit_per_customer,10,0.9066840863174368,0.04081191398154608,0.01290586038525567,0.9030716207127952,0.8444940141009635,0.964121814280581,0.8484627591341086,0.9627936803489242
80.0,20.0,0.2,Oracle,regret_vs_oracle,10,0.0,0.0,0.0,0.0,0.0,0.0,0.0,0.0
80.0,20.0,0.2,Oracle,oracle_profit_captured,10,1.0,0.0,0.0,1.0,1.0,1.0,1.0,1.0
80.0,20.0,0.2,Oracle,treatment_rate,10,0.2,0.0,0.0,0.2,0.2,0.2,0.2,0.2
80.0,20.0,0.2,Oracle,dr_incremental_profit,0,,,,,,,,
80.0,20.0,0.2,Oracle,observational_estimation_error,0,,,,,,,,
80.0,20.0,0.2,Random,incremental_profit,10,-4587.152540202938,246.7720250589409,78.03616619984003,-4608.822744391669,-4903.736499176775,-4225.404603494837,-4897.341512220933,-4230.197700996216
80.0,20.0,0.2,Random,profit_per_customer,10,-1.5290508467343127,0.08225734168631361,0.02601205539994667,-1.5362742481305562,-1.634578833058925,-1.4084682011649456,-1.6324471707403108,-1.410065900332072
80.0,20.0,0.2,Random,regret_vs_oracle,10,7307.204799155249,179.2859259340218,56.69518783637598,7268.550360650766,7073.225485398402,7566.910624460734,7083.248011609492,7560.545673677738
80.0,20.0,0.2,Random,oracle_profit_captured,10,-1.6921671854322493,0.15466200453397227,0.04890842018146411,-1.6627450983912033,-1.8688374670004566,-1.460881996758814,-1.866775555158774,-1.47023519151528
80.0,20.0,0.2,Random,treatment_rate,10,0.2,0.0,0.0,0.2,0.2,0.2,0.2,0.2
80.0,20.0,0.2,Random,dr_incremental_profit,10,-5595.181093654662,1892.6365057059345,598.5042140813019,-5244.733933318301,-8354.468863139335,-3499.305276836803,-8281.734123063343,-3533.2675925987055
80.0,20.0,0.2,Random,observational_estimation_error,10,-1008.0285534517228,1824.1221700756132,576.8380787847976,-619.3020936840903,-3479.154528210751,1235.3608857916747,-3453.973396617444,1123.2397148531475
80.0,20.0,0.2,S-learner,incremental_profit,10,408.95566557957943,248.37509615462355,78.54310179119392,326.73774124618467,97.88658884102892,844.4963270740136,111.67963792925218,807.2724771660257
80.0,20.0,0.2,S-learner,profit_per_customer,10,0.13631855519319314,0.08279169871820784,0.026181033930397966,0.1089125804153949,0.03262886294700964,0.28149877569133785,0.03722654597641739,0.26909082572200854
80.0,20.0,0.2,S-learner,regret_vs_oracle,10,2311.0965933727307,328.85209984929105,103.99216488528742,2325.30748643938,1777.10072177029,2794.478854000714,1806.4049303058953,2776.7014031175204
80.0,20.0,0.2,S-learner,oracle_profit_captured,10,0.15248907913828752,0.09542941871354707,0.030177431892070415,0.12057448930558615,0.03384309167546116,0.32213048433446273,0.03868815444637946,0.30872470402514796
80.0,20.0,0.2,S-learner,treatment_rate,10,0.028600000000000004,0.018475074967688992,0.005842331684025894,0.025666666666666667,0.006,0.065,0.0063,0.06072500000000001
80.0,20.0,0.2,S-learner,dr_incremental_profit,10,337.85197087613193,752.8568779107262,238.07424863212023,337.93514299583427,-760.2212417247856,1445.2817255614461,-708.0655480816997,1423.5001479998698
80.0,20.0,0.2,S-learner,observational_estimation_error,10,-71.10369470344747,762.0976680844743,240.99644306499493,-89.24850749438022,-1439.2782358744084,1084.0250782578553,-1270.152250125112,1016.4236395593748
80.0,20.0,0.2,T-learner,incremental_profit,10,564.8324930079796,172.08684588148472,54.418638833985796,530.5185502330617,334.78606182685417,815.2725080837045,335.1998400820446,806.1801471437301
80.0,20.0,0.2,T-learner,profit_per_customer,10,0.1882774976693265,0.05736228196049491,0.018139546277995265,0.1768395167443539,0.11159535394228472,0.27175750269456816,0.1117332800273482,0.26872671571457674
80.0,20.0,0.2,T-learner,regret_vs_oracle,10,2155.219765944331,223.77117945939304,70.76266017939679,2138.628937619431,1806.3245407605991,2449.114284640221,1824.7717438994957,2436.682958626059
80.0,20.0,0.2,T-learner,oracle_profit_captured,10,0.20836638915688943,0.06540872824309776,0.020684056010317257,0.19428110359593495,0.12025791880507375,0.3109831499250072,0.12121920731089969,0.30647666305278026
80.0,20.0,0.2,T-learner,treatment_rate,10,0.051533333333333334,0.012016655108639843,0.0038000000000000004,0.04833333333333333,0.036,0.06633333333333333,0.036225,0.06603333333333333
80.0,20.0,0.2,T-learner,dr_incremental_profit,10,333.24448441880844,696.5045572898357,220.25408017231143,301.11639654280475,-1304.7792532427611,1286.0398784152694,-986.3557353290048,1219.05860497365
80.0,20.0,0.2,T-learner,observational_estimation_error,10,-231.588008589171,711.8131131472621,225.09507059204938,-140.5995933102716,-1866.6214376122275,787.5383823730281,-1579.2914412212685,722.6376373465457
80.0,20.0,0.2,Treat nobody,incremental_profit,10,0.0,0.0,0.0,0.0,0.0,0.0,0.0,0.0
80.0,20.0,0.2,Treat nobody,profit_per_customer,10,0.0,0.0,0.0,0.0,0.0,0.0,0.0,0.0
80.0,20.0,0.2,Treat nobody,regret_vs_oracle,10,2720.0522589523107,122.43574194463827,38.717581155767014,2709.214862138386,2533.4820423028905,2892.365442841743,2545.388277402326,2888.3810410467727
80.0,20.0,0.2,Treat nobody,oracle_profit_captured,10,0.0,0.0,0.0,0.0,0.0,0.0,0.0,0.0
80.0,20.0,0.2,Treat nobody,treatment_rate,10,0.0,0.0,0.0,0.0,0.0,0.0,0.0,0.0
80.0,20.0,0.2,Treat nobody,dr_incremental_profit,10,0.0,0.0,0.0,0.0,0.0,0.0,0.0,0.0
80.0,20.0,0.2,Treat nobody,observational_estimation_error,10,0.0,0.0,0.0,0.0,0.0,0.0,0.0,0.0
80.0,20.0,0.3,DR-learner,incremental_profit,10,949.2776610571764,335.5545213916015,106.1116566765154,913.6856674521232,264.9729931554393,1502.8289066191865,370.2079949363156,1435.7813699613941
80.0,20.0,0.3,DR-learner,profit_per_customer,10,0.31642588701905877,0.11185150713053382,0.03537055222550513,0.3045618891507077,0.08832433105181312,0.5009429688730621,0.12340266497877186,0.47859378998713137
80.0,20.0,0.3,DR-learner,regret_vs_oracle,10,1781.9439975621267,321.3328813356632,101.61437921253045,1699.3587085571644,1390.9617762146372,2533.1709645090596,1418.4744009470426,2409.3327014197735
80.0,20.0,0.3,DR-learner,oracle_profit_captured,10,0.34675160723600157,0.11568962613742008,0.036584272024759536,0.34279535076590156,0.0946959831818667,0.5193288220651467,0.13409871631704356,0.502215301474325
80.0,20.0,0.3,DR-learner,treatment_rate,10,0.2217,0.025605000476131925,0.00809701209942727,0.22,0.18266666666666667,0.26,0.18544166666666667,0.25805
80.0,20.0,0.3,DR-learner,dr_incremental_profit,10,-143.06562269943333,2559.8676362281144,809.5012239032201,-567.2937781902608,-3275.243850041374,5911.588317276553,-3035.0933322360625,4981.460283246652
80.0,20.0,0.3,DR-learner,observational_estimation_error,10,-1092.34328375661,2437.458725480382,770.7921275169101,-1629.986415876924,-4069.4809412012514,4713.13664876212,-3815.4810031258176,3848.6244094219837
80.0,20.0,0.3,Oracle,incremental_profit,10,2731.2216586193026,129.73857474840352,41.02693965889618,2716.771379729613,2533.58333797207,2911.504459967131,2546.837458428203,2907.5188601121367
80.0,20.0,0.3,Oracle,profit_per_customer,10,0.9104072195397676,0.043246191582801186,0.013675646552965399,0.905590459909871,0.8445277793240232,0.9705014866557103,0.8489458194760676,0.9691729533707123
80.0,20.0,0.3,Oracle,regret_vs_oracle,10,0.0,0.0,0.0,0.0,0.0,0.0,0.0,0.0
80.0,20.0,0.3,Oracle,oracle_profit_captured,10,1.0,0.0,0.0,1.0,1.0,1.0,1.0,1.0
80.0,20.0,0.3,Oracle,treatment_rate,10,0.2132,0.006429484552041345,0.0020331815365318045,0.21383333333333332,0.20166666666666666,0.223,0.20294166666666666,0.22225
80.0,20.0,0.3,Oracle,dr_incremental_profit,0,,,,,,,,
80.0,20.0,0.3,Oracle,observational_estimation_error,0,,,,,,,,
80.0,20.0,0.3,Random,incremental_profit,10,-6755.385711391699,290.74793386146956,91.94256959902386,-6755.669238294349,-7101.273879749579,-6172.468813441827,-7097.795993279957,-6250.953015561195
80.0,20.0,0.3,Random,profit_per_customer,10,-2.2517952371305663,0.09691597795382312,0.0306475231996746,-2.2518897460981164,-2.3670912932498593,-2.057489604480609,-2.3659319977599855,-2.0836510051870647
80.0,20.0,0.3,Random,regret_vs_oracle,10,9486.607370011001,211.30698933403528,66.82113718084577,9484.444671060324,9066.25949627565,9784.561595880845,9120.831493576949,9764.132231251158
80.0,20.0,0.3,Random,oracle_profit_captured,10,-2.481848686358413,0.2094316398399743,0.06622809959983805,-2.4784343694450763,-2.796756870142227,-2.1330045915405558,-2.783799960384797,-2.1649955904790077
80.0,20.0,0.3,Random,treatment_rate,10,0.29999999999999993,5.851389114294502e-17,1.850371707708594e-17,0.3,0.3,0.3,0.3,0.3
80.0,20.0,0.3,Random,dr_incremental_profit,10,-6800.152809110109,2095.5641627639725,662.6755737357963,-7467.083473616478,-9006.00757352796,-2166.576654430375,-9001.772807947274,-2879.172353383245
80.0,20.0,0.3,Random,observational_estimation_error,10,-44.76709771841088,2069.1734244775967,654.3300895239606,-837.9407636199339,-2369.8468708965484,4457.6398873619055,-2268.7898960469633,3852.3820894494274
80.0,20.0,0.3,S-learner,incremental_profit,10,408.95566557957943,248.37509615462355,78.54310179119392,326.73774124618467,97.88658884102892,844.4963270740136,111.67963792925218,807.2724771660257
80.0,20.0,0.3,S-learner,profit_per_customer,10,0.13631855519319314,0.08279169871820784,0.026181033930397966,0.1089125804153949,0.03262886294700964,0.28149877569133785,0.03722654597641739,0.26909082572200854
80.0,20.0,0.3,S-learner,regret_vs_oracle,10,2322.265993039723,333.5842065990952,105.4885884313312,2326.76212011606,1780.13994572517,2813.617871126102,1810.1310057531903,2795.8392221828844
80.0,20.0,0.3,S-learner,oracle_profit_captured,10,0.1519643831585982,0.09524435948912871,0.03011891102695179,0.1202608334333867,0.03362062129286039,0.32175747010207834,0.03843335619942746,0.30829680546472976
80.0,20.0,0.3,S-learner,treatment_rate,10,0.028600000000000004,0.018475074967688992,0.005842331684025894,0.025666666666666667,0.006,0.065,0.0063,0.06072500000000001
80.0,20.0,0.3,S-learner,dr_incremental_profit,10,337.85197087613193,752.8568779107262,238.07424863212023,337.93514299583427,-760.2212417247856,1445.2817255614461,-708.0655480816997,1423.5001479998698
80.0,20.0,0.3,S-learner,observational_estimation_error,10,-71.10369470344747,762.0976680844743,240.99644306499493,-89.24850749438022,-1439.2782358744084,1084.0250782578553,-1270.152250125112,1016.4236395593748
80.0,20.0,0.3,T-learner,incremental_profit,10,564.8324930079796,172.08684588148472,54.418638833985796,530.5185502330617,334.78606182685417,815.2725080837045,335.1998400820446,806.1801471437301
80.0,20.0,0.3,T-learner,profit_per_customer,10,0.1882774976693265,0.05736228196049491,0.018139546277995265,0.1768395167443539,0.11159535394228472,0.27175750269456816,0.1117332800273482,0.26872671571457674
80.0,20.0,0.3,T-learner,regret_vs_oracle,10,2166.3891656113237,227.7125889168113,72.00904328707381,2152.715596103347,1809.3637647154792,2463.3578958376447,1829.2571901468898,2452.028036157275
80.0,20.0,0.3,T-learner,oracle_profit_captured,10,0.20755452513177813,0.06521573560626515,0.02062302637991398,0.19363109809749857,0.11964576050843609,0.310623043860555,0.12061781566086718,0.30596569539841434
80.0,20.0,0.3,T-learner,treatment_rate,10,0.051533333333333334,0.012016655108639843,0.0038000000000000004,0.04833333333333333,0.036,0.06633333333333333,0.036225,0.06603333333333333
80.0,20.0,0.3,T-learner,dr_incremental_profit,10,333.24448441880844,696.5045572898357,220.25408017231143,301.11639654280475,-1304.7792532427611,1286.0398784152694,-986.3557353290048,1219.05860497365
80.0,20.0,0.3,T-learner,observational_estimation_error,10,-231.588008589171,711.8131131472621,225.09507059204938,-140.5995933102716,-1866.6214376122275,787.5383823730281,-1579.2914412212685,722.6376373465457
80.0,20.0,0.3,Treat nobody,incremental_profit,10,0.0,0.0,0.0,0.0,0.0,0.0,0.0,0.0
80.0,20.0,0.3,Treat nobody,profit_per_customer,10,0.0,0.0,0.0,0.0,0.0,0.0,0.0,0.0
80.0,20.0,0.3,Treat nobody,regret_vs_oracle,10,2731.2216586193026,129.73857474840352,41.02693965889618,2716.771379729613,2533.58333797207,2911.504459967131,2546.837458428203,2907.5188601121367
80.0,20.0,0.3,Treat nobody,oracle_profit_captured,10,0.0,0.0,0.0,0.0,0.0,0.0,0.0,0.0
80.0,20.0,0.3,Treat nobody,treatment_rate,10,0.0,0.0,0.0,0.0,0.0,0.0,0.0,0.0
80.0,20.0,0.3,Treat nobody,dr_incremental_profit,10,0.0,0.0,0.0,0.0,0.0,0.0,0.0,0.0
80.0,20.0,0.3,Treat nobody,observational_estimation_error,10,0.0,0.0,0.0,0.0,0.0,0.0,0.0,0.0
120.0,5.0,0.1,DR-learner,incremental_profit,10,8795.464791419054,493.2461981120497,155.97814332527213,8869.58631320653,8050.2263792013255,9420.263063902337,8084.062172843388,9403.814337701338
120.0,5.0,0.1,DR-learner,profit_per_customer,10,2.9318215971396846,0.16441539937068328,0.05199271444175739,2.956528771068843,2.6834087930671084,3.140087687967446,2.694687390947796,3.1346047792337797
120.0,5.0,0.1,DR-learner,regret_vs_oracle,10,1764.2064592523245,440.85640430651006,139.41103586806355,1677.7329298001223,1152.0188879673606,2397.4622058836667,1174.834099298427,2373.6557455763705
120.0,5.0,0.1,DR-learner,oracle_profit_captured,10,0.8327517127747605,0.0426343499046846,0.013482165225938597,0.8409169956224284,0.7705270226654479,0.8902753099027993,0.7733397157876616,0.888541420284553
120.0,5.0,0.1,DR-learner,treatment_rate,10,0.09626666666666667,0.004652889716729745,0.0014713729206441652,0.098,0.08733333333333333,0.1,0.08793333333333334,0.1
120.0,5.0,0.1,DR-learner,dr_incremental_profit,10,7749.58270458229,2291.4734691932035,724.6275360498202,7019.197104826713,5082.132241114593,12585.745358063175,5306.138240661308,11980.27585742813
120.0,5.0,0.1,DR-learner,observational_estimation_error,10,-1045.8820868367654,2043.7350596725487,646.285772250539,-1758.4845726363874,-3188.1945046313003,3478.4551448831116,-3052.322776180312,2854.1252024242685
120.0,5.0,0.1,Oracle,incremental_profit,10,10559.671250671381,85.31130466231679,26.977803289346287,10566.747630354323,10441.891501670698,10694.488773920993,10443.195845438913,10689.807450290518
120.0,5.0,0.1,Oracle,profit_per_customer,10,3.5198904168904597,0.028437101554105535,0.008992601096448742,3.5222492101181073,3.480630500556899,3.5648295913069976,3.4810652818129713,3.5632691500968394
120.0,5.0,0.1,Oracle,regret_vs_oracle,10,0.0,0.0,0.0,0.0,0.0,0.0,0.0,0.0
120.0,5.0,0.1,Oracle,oracle_profit_captured,10,1.0,0.0,0.0,1.0,1.0,1.0,1.0,1.0
120.0,5.0,0.1,Oracle,treatment_rate,10,0.1,0.0,0.0,0.1,0.1,0.1,0.1,0.1
120.0,5.0,0.1,Oracle,dr_incremental_profit,0,,,,,,,,
120.0,5.0,0.1,Oracle,observational_estimation_error,0,,,,,,,,
120.0,5.0,0.1,Random,incremental_profit,10,4137.477550885451,198.22177561818467,62.683229279629444,4174.546795732431,3700.688259922931,4330.45244040289,3757.0794284472977,4326.6869775049945
120.0,5.0,0.1,Random,profit_per_customer,10,1.3791591836284838,0.06607392520606156,0.020894409759876484,1.3915155985774768,1.2335627533076436,1.4434841468009634,1.2523598094824324,1.442228992501665
120.0,5.0,0.1,Random,regret_vs_oracle,10,6422.193699785928,144.53104335509101,45.704728960263175,6384.0361749794865,6248.265411629332,6741.203241747767,6255.482632791216,6703.089764850397
120.0,5.0,0.1,Random,oracle_profit_captured,10,0.39173795728837923,0.01658335392715351,0.00524411696545031,0.39617364936245925,0.3544078445299707,0.40841925893370945,0.35915105607357517,0.4083513962685404
120.0,5.0,0.1,Random,treatment_rate,10,0.1,0.0,0.0,0.1,0.1,0.1,0.1,0.1
120.0,5.0,0.1,Random,dr_incremental_profit,10,3976.4511200640504,1804.2022131128515,570.538835295312,3911.006152730266,778.47164729377,6615.5899592523665,1143.688132371255,6550.4131061976
120.0,5.0,0.1,Random,observational_estimation_error,10,-161.02643082140094,1814.8431476229791,573.903794243781,-95.47051445401348,-3551.98079310912,2396.7200153119384,-3141.712829633982,2358.9612886114637
120.0,5.0,0.1,S-learner,incremental_profit,10,8906.902097875547,502.69549000503116,158.96627179103066,8905.817594002532,7924.832785480541,9532.505394603697,8034.2517880100995,9532.06047568185
120.0,5.0,0.1,S-learner,profit_per_customer,10,2.9689673659585156,0.1675651633350104,0.0529887572636769,2.96860586466751,2.6416109284935136,3.177501798201232,2.6780839293366996,3.1773534918939497
120.0,5.0,0.1,S-learner,regret_vs_oracle,10,1652.7691527958316,462.3671402498768,146.21332784081252,1596.9923035571182,966.6711074837858,2522.855799604451,1006.3799639376978,2430.410144933673
120.0,5.0,0.1,S-learner,oracle_profit_captured,10,0.8433462377715102,0.04449328708492117,0.014070012777610446,0.8480574608947882,0.7585249809985672,0.9079288640121833,0.767699469362771,0.9045472963292974
120.0,5.0,0.1,S-learner,treatment_rate,10,0.0965,0.004764192572115191,0.0015065699739539996,0.09883333333333333,0.087,0.1,0.0876,0.1
120.0,5.0,0.1,S-learner,dr_incremental_profit,10,8511.511313686295,2590.899180982703,819.3142599770152,8314.10746234606,4858.667586199434,13665.679950433745,5198.563788612398,13034.186494723734
120.0,5.0,0.1,S-learner,observational_estimation_error,10,-395.39078418925254,2725.2141508759532,861.7883828489765,-451.56676876915344,-4071.1580037892363,4485.002920268471,-3866.419838492806,4058.6068456530134
120.0,5.0,0.1,T-learner,incremental_profit,10,8554.791936612695,399.8487290931049,126.44327034578438,8474.30710663135,8125.033362689957,9182.072721474124,8135.019953125913,9172.730316571418
120.0,5.0,0.1,T-learner,profit_per_customer,10,2.851597312204232,0.13328290969770162,0.04214775678192813,2.824769035543784,2.708344454229986,3.0606909071580413,2.711673317708638,3.057576772190473
120.0,5.0,0.1,T-learner,regret_vs_oracle,10,2004.8793140586845,377.08200608141414,119.24380038827329,2110.682424845727,1358.6255801809384,2402.9507058410672,1388.547112810298,2383.579878297494
120.0,5.0,0.1,T-learner,oracle_profit_captured,10,0.8100846959297424,0.035973359601764295,0.011375775142986289,0.7990977709855331,0.7727140695543133,0.8705969387303079,0.7739301614358064,0.868269657775027
120.0,5.0,0.1,T-learner,treatment_rate,10,0.09736666666666667,0.003411852977597476,0.0010789226450835464,0.1,0.093,0.1,0.093,0.1
120.0,5.0,0.1,T-learner,dr_incremental_profit,10,8408.57677114638,1697.08329736718,536.6648598709123,8018.006065064676,5963.031942787959,11272.66183104378,6139.159746981974,11059.082172720548
120.0,5.0,0.1,T-learner,observational_estimation_error,10,-146.21516546631665,1739.4627296013937,550.0664130513998,-354.9747403697038,-3219.0407786861642,2894.62265138799,-2807.2049688040306,2557.64335422316
120.0,5.0,0.1,Treat nobody,incremental_profit,10,0.0,0.0,0.0,0.0,0.0,0.0,0.0,0.0
120.0,5.0,0.1,Treat nobody,profit_per_customer,10,0.0,0.0,0.0,0.0,0.0,0.0,0.0,0.0
120.0,5.0,0.1,Treat nobody,regret_vs_oracle,10,10559.671250671381,85.31130466231679,26.977803289346287,10566.747630354323,10441.891501670698,10694.488773920993,10443.195845438913,10689.807450290518
120.0,5.0,0.1,Treat nobody,oracle_profit_captured,10,0.0,0.0,0.0,0.0,0.0,0.0,0.0,0.0
120.0,5.0,0.1,Treat nobody,treatment_rate,10,0.0,0.0,0.0,0.0,0.0,0.0,0.0,0.0
120.0,5.0,0.1,Treat nobody,dr_incremental_profit,10,0.0,0.0,0.0,0.0,0.0,0.0,0.0,0.0
120.0,5.0,0.1,Treat nobody,observational_estimation_error,10,0.0,0.0,0.0,0.0,0.0,0.0,0.0,0.0
120.0,5.0,0.2,DR-learner,incremental_profit,10,16271.835521853416,693.3143360918011,219.2452436497574,16178.98957301389,15257.997744770062,17277.840893535136,15318.573210134713,17222.013114794827
120.0,5.0,0.2,DR-learner,profit_per_customer,10,5.423945173951139,0.23110477869726692,0.07308174788325243,5.392996524337963,5.085999248256687,5.759280297845045,5.106191070044905,5.740671038264942
120.0,5.0,0.2,DR-learner,regret_vs_oracle,10,2808.242866575051,575.3562151654864,181.9436105856849,2884.832720193688,2034.1445920943443,3648.6284844209877,2060.067440231106,3642.54712477938
120.0,5.0,0.2,DR-learner,oracle_profit_captured,10,0.852662763814315,0.03090842195261342,0.009774101225180734,0.8486726362643797,0.8081738696856561,0.8946693185116569,0.8085235366353173,0.8929087870480175
120.0,5.0,0.2,DR-learner,treatment_rate,10,0.19466666666666668,0.007284348179148343,0.0023035131515809016,0.19866666666666666,0.179,0.2,0.180725,0.2
120.0,5.0,0.2,DR-learner,dr_incremental_profit,10,14800.144874465142,3881.8065407321033,1227.5350104852625,14096.645593999361,9697.294541576468,24353.114594393013,10255.578465978475,22753.45372258145
120.0,5.0,0.2,DR-learner,observational_estimation_error,10,-1471.6906473882736,3578.791496119541,1131.7132398579395,-2261.770183047194,-5829.927493703157,7323.397161925921,-5395.193719165062,5769.298844684776
120.0,5.0,0.2,Oracle,incremental_profit,10,19080.07838842847,183.65361291695788,58.07637173365068,19063.82229320758,18800.223063454334,19338.548164262615,18818.082416103487,19332.57156157016
120.0,5.0,0.2,Oracle,profit_per_customer,10,6.3600261294761555,0.06121787097231931,0.019358790577883565,6.3546074310691925,6.266741021151445,6.446182721420872,6.272694138701162,6.444190520523387
120.0,5.0,0.2,Oracle,regret_vs_oracle,10,0.0,0.0,0.0,0.0,0.0,0.0,0.0,0.0
120.0,5.0,0.2,Oracle,oracle_profit_captured,10,1.0,0.0,0.0,1.0,1.0,1.0,1.0,1.0
120.0,5.0,0.2,Oracle,treatment_rate,10,0.2,0.0,0.0,0.2,0.2,0.2,0.2,0.2
120.0,5.0,0.2,Oracle,dr_incremental_profit,0,,,,,,,,
120.0,5.0,0.2,Oracle,observational_estimation_error,0,,,,,,,,
120.0,5.0,0.2,Random,incremental_profit,10,8119.271189695591,370.1580375884111,117.05424929975996,8086.765883412497,7644.395251234837,8661.893094757745,7653.987731668602,8654.703448505677
120.0,5.0,0.2,Random,profit_per_customer,10,2.706423729898531,0.12338601252947039,0.03901808309991999,2.695588627804166,2.548131750411612,2.8872976982525818,2.551329243889534,2.8849011495018924
120.0,5.0,0.2,Random,regret_vs_oracle,10,10960.807198732871,268.92888890103274,85.04278175456398,10902.825540976148,10609.838228097604,11350.365936691102,10624.872017414238,11340.818510516607
120.0,5.0,0.2,Random,oracle_profit_captured,10,0.42545042260829913,0.0166360668407747,0.005260786252364978,0.42421520903735516,0.4024475578084137,0.4485467247945678,0.4032525130223351,0.4484030427062148
120.0,5.0,0.2,Random,treatment_rate,10,0.2,0.0,0.0,0.2,0.2,0.2,0.2,0.2
120.0,5.0,0.2,Random,dr_incremental_profit,10,6607.228359518007,2838.9547585589016,897.756321121953,7132.899100022549,2468.296705290998,9751.042084744793,2577.398815404985,9700.09861110194
120.0,5.0,0.2,Random,observational_estimation_error,10,-1512.0428301775848,2736.18325511342,865.2571181771964,-928.9531405261364,-5218.731792316127,1853.04132868751,-5180.960094926167,1684.8595722797197
120.0,5.0,0.2,S-learner,incremental_profit,10,16482.63661404927,755.9123356148825,239.04046919606452,16227.865269374248,15350.751159388932,17384.64483726265,15406.80340298928,17366.161118760625
120.0,5.0,0.2,S-learner,profit_per_customer,10,5.494212204683089,0.25197077853829425,0.0796801563986882,5.40928842312475,5.116917053129644,5.794881612420884,5.13560113432976,5.788720372920208
120.0,5.0,0.2,S-learner,regret_vs_oracle,10,2597.441774379197,661.9517022300258,209.32750800724418,2617.9418487862567,1695.9322466312879,3581.6444138775223,1753.9757397142398,3557.2074634171463
120.0,5.0,0.2,S-learner,oracle_profit_captured,10,0.8637329508837379,0.03523239595802931,0.011141461865228278,0.8610488113535848,0.8108192700698166,0.9107157900090205,0.812414095290697,0.9080714769914959
120.0,5.0,0.2,S-learner,treatment_rate,10,0.19503333333333334,0.00794650322973866,0.0025129049639858437,0.2,0.17633333333333334,0.2,0.17888333333333334,0.2
120.0,5.0,0.2,S-learner,dr_incremental_profit,10,15798.864429814781,3166.634611618359,1001.3777890236709,15234.730954155566,12458.603918076857,22575.574982741797,12587.017446006377,21581.153880252878
120.0,5.0,0.2,S-learner,observational_estimation_error,10,-683.7721842344874,2938.3236005734657,929.1795080438986,-973.2432872945765,-4237.046894425686,5190.930145479146,-4178.977027175744,4353.559413355932
120.0,5.0,0.2,T-learner,incremental_profit,10,15845.273080121533,584.7943794184577,184.92822018270195,15808.242710335027,14661.889344572613,16696.18308811279,14840.117228663863,16655.974332602447
120.0,5.0,0.2,T-learner,profit_per_customer,10,5.281757693373844,0.19493145980615256,0.061642740060900654,5.269414236778342,4.887296448190871,5.5653943627042635,4.946705742887954,5.551991444200816
120.0,5.0,0.2,T-learner,regret_vs_oracle,10,3234.805308306933,540.6753356307253,170.9765535269083,3211.727666009252,2298.5780998131486,4411.018642649273,2410.162322306789,4205.514149530914
120.0,5.0,0.2,T-learner,oracle_profit_captured,10,0.8304282355132054,0.02853389695897734,0.00902321049109205,0.8314588731552284,0.7687285732409297,0.8789888392345652,0.7797247591901709,0.8736581085098335
120.0,5.0,0.2,T-learner,treatment_rate,10,0.19663333333333333,0.004484403699847944,0.0014180929639205579,0.2,0.18933333333333333,0.2,0.18978333333333333,0.2
120.0,5.0,0.2,T-learner,dr_incremental_profit,10,15990.53474106384,3622.1958148938493,1145.4388906194217,14685.163043291815,12301.208540658128,24105.78043696599,12318.765881813328,23093.111353800938
120.0,5.0,0.2,T-learner,observational_estimation_error,10,145.26166094231013,3547.873031114248,1121.935962740646,-1701.818097586577,-3298.9440117850245,7908.631698307861,-3087.834790014153,7048.733471006817
120.0,5.0,0.2,Treat nobody,incremental_profit,10,0.0,0.0,0.0,0.0,0.0,0.0,0.0,0.0
120.0,5.0,0.2,Treat nobody,profit_per_customer,10,0.0,0.0,0.0,0.0,0.0,0.0,0.0,0.0
120.0,5.0,0.2,Treat nobody,regret_vs_oracle,10,19080.07838842847,183.65361291695788,58.07637173365068,19063.82229320758,18800.223063454334,19338.548164262615,18818.082416103487,19332.57156157016
120.0,5.0,0.2,Treat nobody,oracle_profit_captured,10,0.0,0.0,0.0,0.0,0.0,0.0,0.0,0.0
120.0,5.0,0.2,Treat nobody,treatment_rate,10,0.0,0.0,0.0,0.0,0.0,0.0,0.0,0.0
120.0,5.0,0.2,Treat nobody,dr_incremental_profit,10,0.0,0.0,0.0,0.0,0.0,0.0,0.0,0.0
120.0,5.0,0.2,Treat nobody,observational_estimation_error,10,0.0,0.0,0.0,0.0,0.0,0.0,0.0,0.0
120.0,5.0,0.3,DR-learner,incremental_profit,10,22695.485102593833,724.180499747643,229.00598162815442,22584.679272321693,21696.8847286543,23754.25248352055,21747.734355134424,23680.503722899615
120.0,5.0,0.3,DR-learner,profit_per_customer,10,7.5651617008646115,0.24139349991588108,0.07633532720938482,7.528226424107231,7.232294909551433,7.9180841611735175,7.249244785044807,7.893501240966539
120.0,5.0,0.3,DR-learner,regret_vs_oracle,10,3344.145660187801,567.2150169121558,179.36913764933396,3352.606722944858,2513.5660336316105,4034.0960496005428,2533.14561026152,4014.0321239109876
120.0,5.0,0.3,DR-learner,oracle_profit_captured,10,0.8714735809412222,0.022405477360594644,0.007085234052281683,0.8702768070138029,0.844585302810634,0.9031009424722217,0.8452279970082521,0.9027011620460713
120.0,5.0,0.3,DR-learner,treatment_rate,10,0.29606666666666664,0.0053628811125327495,0.0016958919136301257,0.3,0.28733333333333333,0.3,0.28770833333333334,0.3
120.0,5.0,0.3,DR-learner,dr_incremental_profit,10,21425.01785886006,4526.1518286197625,1431.2948814174533,20287.821732998014,16818.096295108124,31334.925643983403,17058.605831204455,30383.541488158276
120.0,5.0,0.3,DR-learner,observational_estimation_error,10,-1270.4672437337726,4490.19780055567,1419.9252194434387,-2723.54225068668,-5968.967996020354,7981.2976695923535,-5713.696843549092,7298.393742678303
120.0,5.0,0.3,Oracle,incremental_profit,10,26039.630762781635,259.55381779120523,82.07812396125424,26013.645581034893,25602.804510382488,26357.413532093888,25649.409848889478,26356.83423036191
120.0,5.0,0.3,Oracle,profit_per_customer,10,8.679876920927212,0.08651793926373538,0.027359374653751507,8.671215193678297,8.534268170127495,8.785804510697963,8.54980328296316,8.785611410120637
120.0,5.0,0.3,Oracle,regret_vs_oracle,10,0.0,0.0,0.0,0.0,0.0,0.0,0.0,0.0
120.0,5.0,0.3,Oracle,oracle_profit_captured,10,1.0,0.0,0.0,1.0,1.0,1.0,1.0,1.0
120.0,5.0,0.3,Oracle,treatment_rate,10,0.29999999999999993,5.851389114294502e-17,1.850371707708594e-17,0.3,0.3,0.3,0.3,0.3
120.0,5.0,0.3,Oracle,dr_incremental_profit,0,,,,,,,,
120.0,5.0,0.3,Oracle,observational_estimation_error,0,,,,,,,,
120.0,5.0,0.3,Random,incremental_profit,10,12366.921432912452,436.12190079220426,137.91385439853576,12366.496142558475,11848.089180375631,13241.29677983726,11853.306010080063,13123.570476658208
120.0,5.0,0.3,Random,profit_per_customer,10,4.12230714430415,0.14537396693073462,0.04597128479951188,4.122165380852826,3.9493630601252105,4.413765593279086,3.9511020033600213,4.374523492219402
120.0,5.0,0.3,Random,regret_vs_oracle,10,13672.709329869185,278.6164258678101,88.10624992777352,13689.199890106916,13113.542077892278,14056.701567239616,13176.709753242916,14035.360002369236
120.0,5.0,0.3,Random,oracle_profit_captured,10,0.4748500617812554,0.013261233183450438,0.004193570144230892,0.47648357295893434,0.45846157585411174,0.502423742801742,0.4585942896752241,0.49819839797992765
120.0,5.0,0.3,Random,treatment_rate,10,0.29999999999999993,5.851389114294502e-17,1.850371707708594e-17,0.3,0.3,0.3,0.3,0.3
120.0,5.0,0.3,Random,dr_incremental_profit,10,12299.770786334835,3143.3462441459583,994.0133606036943,11299.374789575282,8990.988639708057,19250.135018354435,8997.340788079087,18181.24146992513
120.0,5.0,0.3,Random,observational_estimation_error,10,-67.15064657761613,3103.7601367163948,981.4951342859409,-1256.911145429901,-3554.770306344826,6686.4598310428555,-3403.1848440704466,5778.573134174138
120.0,5.0,0.3,S-learner,incremental_profit,10,22949.479077421824,826.7974243693743,261.45630245680275,22747.500575555925,21772.726147494803,23905.4087153907,21781.887683268895,23898.318197892342
120.0,5.0,0.3,S-learner,profit_per_customer,10,7.649826359140607,0.2755991414564579,0.0871521008189342,7.582500191851976,7.257575382498268,7.968469571796899,7.260629227756299,7.966106065964114
120.0,5.0,0.3,S-learner,regret_vs_oracle,10,3090.151685359813,706.4919901906105,223.41238376676654,2981.419353749461,2034.6375323350803,4184.2529706717,2134.604255325335,4148.0954497981575
120.0,5.0,0.3,S-learner,oracle_profit_captured,10,0.8812415300485903,0.02755593352968083,0.00871395130059945,0.8840460279351134,0.8388004647373134,0.9215638432983341,0.8400314816650207,0.9180468824045122
120.0,5.0,0.3,S-learner,treatment_rate,10,0.2947333333333333,0.009405540788857603,0.002974293151840687,0.3,0.27266666666666667,0.3,0.2755916666666667,0.3
120.0,5.0,0.3,S-learner,dr_incremental_profit,10,22692.671918255695,5373.8737861133495,1699.3681022390713,21328.075998244734,14984.204512036196,34125.92029050617,15792.288540194542,32561.00542887198
120.0,5.0,0.3,S-learner,observational_estimation_error,10,-256.80715916612587,5083.466296457008,1607.5331905504884,-1321.7718120672507,-6788.521635458606,10252.02498621928,-6188.3856777736455,8929.17276270919
120.0,5.0,0.3,T-learner,incremental_profit,10,22042.217811009934,816.5727813327371,258.22298643100737,22110.60827953845,20325.76802883907,23003.232525113148,20564.34961029367,22998.550046017797
120.0,5.0,0.3,T-learner,profit_per_customer,10,7.347405937003311,0.2721909271109123,0.08607432881033576,7.3702027598461495,6.775256009613023,7.667744175037716,6.854783203431223,7.6661833486725985
120.0,5.0,0.3,T-learner,regret_vs_oracle,10,3997.4129517717024,702.3352307701041,222.09790102135034,3864.9640136506623,2936.813722612631,5631.211089327433,3034.8245389588274,5327.123250382901
120.0,5.0,0.3,T-learner,oracle_profit_captured,10,0.8464034052383023,0.02750709345447848,0.008698506712726114,0.851202721736309,0.783055991851289,0.8867845610387025,0.7945597180166825,0.8834665894074258
120.0,5.0,0.3,T-learner,treatment_rate,10,0.2948333333333333,0.007367345368433437,0.0023297591673342036,0.3,0.2816666666666667,0.3,0.28234166666666666,0.3
120.0,5.0,0.3,T-learner,dr_incremental_profit,10,21534.458427454265,4608.616442297189,1457.3724819761073,21151.600734813394,14592.444719027106,32529.05900270336,15506.135755123958,30599.202723005943
120.0,5.0,0.3,T-learner,observational_estimation_error,10,-507.75938355566797,4389.776644860638,1388.1692617171695,-1334.1160439395426,-5733.323309811964,9984.079950423056,-5314.408439328492,8314.964569545313
120.0,5.0,0.3,Treat nobody,incremental_profit,10,0.0,0.0,0.0,0.0,0.0,0.0,0.0,0.0
120.0,5.0,0.3,Treat nobody,profit_per_customer,10,0.0,0.0,0.0,0.0,0.0,0.0,0.0,0.0
120.0,5.0,0.3,Treat nobody,regret_vs_oracle,10,26039.630762781635,259.55381779120523,82.07812396125424,26013.645581034893,25602.804510382488,26357.413532093888,25649.409848889478,26356.83423036191
120.0,5.0,0.3,Treat nobody,oracle_profit_captured,10,0.0,0.0,0.0,0.0,0.0,0.0,0.0,0.0
120.0,5.0,0.3,Treat nobody,treatment_rate,10,0.0,0.0,0.0,0.0,0.0,0.0,0.0,0.0
120.0,5.0,0.3,Treat nobody,dr_incremental_profit,10,0.0,0.0,0.0,0.0,0.0,0.0,0.0,0.0
120.0,5.0,0.3,Treat nobody,observational_estimation_error,10,0.0,0.0,0.0,0.0,0.0,0.0,0.0,0.0
120.0,10.0,0.1,DR-learner,incremental_profit,10,7351.464791419055,438.05066539506623,138.52378332007117,7444.58631320653,6700.2263792013255,7920.263063902337,6731.748961673853,7903.814337701339
120.0,10.0,0.1,DR-learner,profit_per_customer,10,2.450488263806352,0.14601688846502212,0.04617459444002373,2.4815287710688434,2.2334087930671087,2.640087687967446,2.2439163205579513,2.6346047792337797
120.0,10.0,0.1,DR-learner,regret_vs_oracle,10,1708.2064592523245,390.1201004461361,123.36680784234603,1621.791835883154,1152.0188879673606,2247.4622058836667,1174.834099298427,2241.6557455763705
120.0,10.0,0.1,DR-learner,oracle_profit_captured,10,0.8112565310680928,0.04407409332747732,0.013937452072165775,0.8219019532906382,0.7488220354885855,0.8719861881028632,0.7501755785549252,0.8700470666803517
120.0,10.0,0.1,DR-learner,treatment_rate,10,0.09626666666666667,0.004652889716729745,0.0014713729206441652,0.098,0.08733333333333333,0.1,0.08793333333333334,0.1
120.0,10.0,0.1,DR-learner,dr_incremental_profit,10,6305.58270458229,2257.3042663937163,713.822285381962,5624.197104826713,3652.1322411145934,11085.745358063174,3860.3882406613084,10480.275857428129
120.0,10.0,0.1,DR-learner,observational_estimation_error,10,-1045.8820868367657,2043.7350596725482,646.2857722505388,-1758.4845726363874,-3188.1945046313,3478.45514488311,-3052.3227761803114,2854.125202424267
120.0,10.0,0.1,Oracle,incremental_profit,10,9059.671250671381,85.31130466231679,26.977803289346287,9066.747630354323,8941.891501670698,9194.488773920993,8943.195845438913,9189.807450290518
120.0,10.0,0.1,Oracle,profit_per_customer,10,3.0198904168904597,0.028437101554105535,0.008992601096448742,3.0222492101181073,2.980630500556899,3.0648295913069976,2.9810652818129713,3.0632691500968394
120.0,10.0,0.1,Oracle,regret_vs_oracle,10,0.0,0.0,0.0,0.0,0.0,0.0,0.0,0.0
120.0,10.0,0.1,Oracle,oracle_profit_captured,10,1.0,0.0,0.0,1.0,1.0,1.0,1.0,1.0
120.0,10.0,0.1,Oracle,treatment_rate,10,0.1,0.0,0.0,0.1,0.1,0.1,0.1,0.1
120.0,10.0,0.1,Oracle,dr_incremental_profit,0,,,,,,,,
120.0,10.0,0.1,Oracle,observational_estimation_error,0,,,,,,,,
120.0,10.0,0.1,Random,incremental_profit,10,2637.4775508854514,198.22177561818467,62.683229279629444,2674.5467957324304,2200.688259922931,2830.45244040289,2257.0794284472977,2826.6869775049945
120.0,10.0,0.1,Random,profit_per_customer,10,0.8791591836284838,0.06607392520606153,0.020894409759876477,0.8915155985774768,0.7335627533076438,0.9434841468009633,0.7523598094824325,0.9422289925016648
120.0,10.0,0.1,Random,regret_vs_oracle,10,6422.193699785928,144.53104335509101,45.704728960263175,6384.0361749794865,6248.265411629332,6741.203241747767,6255.482632791216,6703.089764850397
120.0,10.0,0.1,Random,oracle_profit_captured,10,0.29100499293250554,0.019995628269513115,0.006323172857771263,0.29599448933223155,0.24610992646374158,0.3106702137132079,0.25186102081663597,0.3106312078891064
120.0,10.0,0.1,Random,treatment_rate,10,0.1,0.0,0.0,0.1,0.1,0.1,0.1,0.1
120.0,10.0,0.1,Random,dr_incremental_profit,10,2476.4511200640504,1804.2022131128517,570.538835295312,2411.0061527302664,-721.52835270623,5115.589959252367,-356.31186762874495,5050.413106197601
120.0,10.0,0.1,Random,observational_estimation_error,10,-161.0264308214008,1814.8431476229794,573.9037942437811,-95.47051445401348,-3551.98079310912,2396.7200153119393,-3141.712829633982,2358.961288611464
120.0,10.0,0.1,S-learner,incremental_profit,10,7459.402097875548,446.19940220010506,141.10064015578777,7448.850540411342,6619.832785480541,8032.505394603697,6720.2517880100995,8032.06047568185
120.0,10.0,0.1,S-learner,profit_per_customer,10,2.486467365958516,0.14873313406670172,0.047033546718595935,2.482950180137114,2.2066109284935136,2.677501798201232,2.2400839293367,2.6773534918939497
120.0,10.0,0.1,S-learner,regret_vs_oracle,10,1600.2691527958316,407.986731268826,129.01673259365285,1568.7245261277194,966.6711074837858,2327.855799604451,1006.3799639376978,2246.0578889596304
120.0,10.0,0.1,S-learner,oracle_profit_captured,10,0.8232107379691215,0.045865054262021566,0.01450380364752013,0.8271057508205959,0.7398371906366096,0.8925822704711311,0.7495745578843834,0.8887134629427814
120.0,10.0,0.1,S-learner,treatment_rate,10,0.0965,0.004764192572115191,0.0015065699739539996,0.09883333333333333,0.087,0.1,0.0876,0.1
120.0,10.0,0.1,S-learner,dr_incremental_profit,10,7064.011313686296,2606.125420723601,824.1292197551162,6934.107462346059,3413.667586199434,12200.679950433747,3741.188788612398,11561.311494723734
120.0,10.0,0.1,S-learner,observational_estimation_error,10,-395.39078418925266,2725.2141508759532,861.7883828489765,-451.56676876915344,-4071.158003789236,4485.002920268473,-3866.419838492806,4058.6068456530147
120.0,10.0,0.1,T-learner,incremental_profit,10,7094.291936612695,377.8301126688267,119.48037246315323,7019.3071066313505,6669.418209071984,7682.072721474124,6680.806618636028,7672.730316571418
120.0,10.0,0.1,T-learner,profit_per_customer,10,2.3647639788708985,0.12594337088960889,0.039826790821051075,2.3397690355437835,2.223139403023995,2.5606909071580413,2.2269355395453427,2.557576772190473
120.0,10.0,0.1,T-learner,regret_vs_oracle,10,1965.3793140586845,358.222272877202,113.27982908943169,2058.182424845727,1358.6255801809384,2402.9507058410672,1388.547112810298,2382.0456722693193
120.0,10.0,0.1,T-learner,oracle_profit_captured,10,0.7830061850974996,0.039805372365094044,0.012587563978482066,0.7715023026775006,0.7351352520628734,0.8490277882797624,0.7373738414050607,0.8464122881121551
120.0,10.0,0.1,T-learner,treatment_rate,10,0.09736666666666667,0.003411852977597476,0.0010789226450835464,0.1,0.093,0.1,0.093,0.1
120.0,10.0,0.1,T-learner,dr_incremental_profit,10,6948.0767711463795,1710.5321372629448,540.9177564666682,6570.506065064676,4463.031942787959,9862.66183104378,4660.534746981974,9628.832172720548
120.0,10.0,0.1,T-learner,observational_estimation_error,10,-146.21516546631665,1739.4627296013937,550.0664130513998,-354.9747403697038,-3219.0407786861642,2894.62265138799,-2807.2049688040306,2557.64335422316
120.0,10.0,0.1,Treat nobody,incremental_profit,10,0.0,0.0,0.0,0.0,0.0,0.0,0.0,0.0
120.0,10.0,0.1,Treat nobody,profit_per_customer,10,0.0,0.0,0.0,0.0,0.0,0.0,0.0,0.0
120.0,10.0,0.1,Treat nobody,regret_vs_oracle,10,9059.671250671381,85.31130466231679,26.977803289346287,9066.747630354323,8941.891501670698,9194.488773920993,8943.195845438913,9189.807450290518
120.0,10.0,0.1,Treat nobody,oracle_profit_captured,10,0.0,0.0,0.0,0.0,0.0,0.0,0.0,0.0
120.0,10.0,0.1,Treat nobody,treatment_rate,10,0.0,0.0,0.0,0.0,0.0,0.0,0.0,0.0
120.0,10.0,0.1,Treat nobody,dr_incremental_profit,10,0.0,0.0,0.0,0.0,0.0,0.0,0.0,0.0
120.0,10.0,0.1,Treat nobody,observational_estimation_error,10,0.0,0.0,0.0,0.0,0.0,0.0,0.0,0.0
120.0,10.0,0.2,DR-learner,incremental_profit,10,13351.835521853416,617.3354597047502,195.2186133054108,13254.973369087047,12567.222035279625,14277.840893535136,12568.521569914974,14222.013114794827
120.0,10.0,0.2,DR-learner,profit_per_customer,10,4.450611840617805,0.20577848656825,0.06507287110180358,4.418324456362349,4.189074011759875,4.759280297845045,4.189507189971658,4.740671038264942
120.0,10.0,0.2,DR-learner,regret_vs_oracle,10,2728.242866575051,509.9735262951697,161.26778894805065,2747.6784111571233,2034.1445920943443,3608.6284844209877,2060.067440231106,3540.6721247793803
120.0,10.0,0.2,DR-learner,oracle_profit_captured,10,0.8301626650277718,0.03255485594456964,0.010294749368351232,0.8282783973415182,0.776912596958903,0.8752975476905381,0.7802556325808346,0.8731203633302865
120.0,10.0,0.2,DR-learner,treatment_rate,10,0.19466666666666668,0.007284348179148343,0.0023035131515809016,0.19866666666666666,0.179,0.2,0.180725,0.2
120.0,10.0,0.2,DR-learner,dr_incremental_profit,10,11880.144874465142,3864.2762579761443,1221.991448331702,11175.731715370777,6737.294541576468,21353.114594393017,7286.578465978475,19753.453722581453
120.0,10.0,0.2,DR-learner,observational_estimation_error,10,-1471.6906473882739,3578.791496119543,1131.7132398579402,-2261.770183047195,-5829.927493703157,7323.397161925925,-5395.193719165062,5769.298844684779
120.0,10.0,0.2,Oracle,incremental_profit,10,16080.078388428465,183.65361291695788,58.07637173365068,16063.822293207579,15800.223063454334,16338.548164262615,15818.082416103487,16332.57156157016
120.0,10.0,0.2,Oracle,profit_per_customer,10,5.3600261294761555,0.06121787097231931,0.019358790577883565,5.3546074310691925,5.266741021151445,5.446182721420872,5.272694138701162,5.444190520523387
120.0,10.0,0.2,Oracle,regret_vs_oracle,10,0.0,0.0,0.0,0.0,0.0,0.0,0.0,0.0
120.0,10.0,0.2,Oracle,oracle_profit_captured,10,1.0,0.0,0.0,1.0,1.0,1.0,1.0,1.0
120.0,10.0,0.2,Oracle,treatment_rate,10,0.2,0.0,0.0,0.2,0.2,0.2,0.2,0.2
120.0,10.0,0.2,Oracle,dr_incremental_profit,0,,,,,,,,
120.0,10.0,0.2,Oracle,observational_estimation_error,0,,,,,,,,
120.0,10.0,0.2,Random,incremental_profit,10,5119.2711896955925,370.1580375884111,117.05424929975996,5086.765883412497,4644.395251234837,5661.893094757745,4653.987731668602,5654.7034485056765
120.0,10.0,0.2,Random,profit_per_customer,10,1.7064237298985308,0.12338601252947037,0.03901808309991999,1.6955886278041654,1.5481317504116123,1.8872976982525815,1.5513292438895339,1.8849011495018921
120.0,10.0,0.2,Random,regret_vs_oracle,10,10960.807198732871,268.92888890103274,85.04278175456398,10902.825540976148,10609.838228097604,11350.365936691102,10624.872017414238,11340.818510516607
120.0,10.0,0.2,Random,oracle_profit_captured,10,0.3182272093816702,0.02048667360647709,0.006478455027692367,0.31581127456231295,0.2903697777457771,0.3466758806918539,0.2912275913461323,0.3466443795547555
120.0,10.0,0.2,Random,treatment_rate,10,0.2,0.0,0.0,0.2,0.2,0.2,0.2,0.2
120.0,10.0,0.2,Random,dr_incremental_profit,10,3607.2283595180074,2838.9547585589016,897.756321121953,4132.899100022549,-531.703294709002,6751.042084744794,-422.60118459501496,6700.098611101941
120.0,10.0,0.2,Random,observational_estimation_error,10,-1512.0428301775846,2736.18325511342,865.2571181771964,-928.9531405261357,-5218.731792316127,1853.041328687511,-5180.960094926167,1684.8595722797206
120.0,10.0,0.2,S-learner,incremental_profit,10,13557.13661404927,669.2269544470504,211.62814476304288,13324.46866499953,12705.751159388932,14384.644837262651,12723.55340298928,14366.161118760623
120.0,10.0,0.2,S-learner,profit_per_customer,10,4.519045538016423,0.22307565148235012,0.0705427149210143,4.441489554999843,4.235250386462978,4.794881612420884,4.241184467663094,4.788720372920208
120.0,10.0,0.2,S-learner,regret_vs_oracle,10,2522.941774379197,580.4776891925094,183.56316287596363,2515.4418487862567,1695.9322466312879,3288.0357451647396,1753.9757397142398,3274.2226956251156
120.0,10.0,0.2,S-learner,oracle_profit_captured,10,0.8429502214105524,0.036732353664059726,0.011615790139726018,0.8411992421675234,0.7954299403829874,0.89396951747479,0.7958909826100268,0.8909189517017596
120.0,10.0,0.2,S-learner,treatment_rate,10,0.19503333333333334,0.00794650322973866,0.0025129049639858437,0.2,0.17633333333333334,0.2,0.17888333333333334,0.2
120.0,10.0,0.2,S-learner,dr_incremental_profit,10,12873.364429814781,3113.4803890489547,984.5689479661863,12302.230954155566,9643.603918076857,19575.574982741797,9737.693997055081,18581.153880252878
120.0,10.0,0.2,S-learner,observational_estimation_error,10,-683.772184234487,2938.3236005734657,929.1795080438986,-973.2432872945765,-4237.046894425686,5190.930145479146,-4178.977027175744,4353.559413355932
120.0,10.0,0.2,T-learner,incremental_profit,10,12895.773080121533,537.5615084685319,169.99187491964534,12873.242710335027,11821.889344572613,13696.18308811279,11984.367228663863,13655.974332602447
120.0,10.0,0.2,T-learner,profit_per_customer,10,4.298591026707177,0.17918716948951063,0.05666395830654845,4.2910809034450095,3.9406297815242044,4.5653943627042635,3.9947890762212874,4.551991444200816
120.0,10.0,0.2,T-learner,regret_vs_oracle,10,3184.305308306933,505.59117406922303,159.88196749374063,3149.227666009252,2298.5780998131486,4251.018642649273,2410.162322306789,4081.514149530915
120.0,10.0,0.2,T-learner,oracle_profit_captured,10,0.8019501727541558,0.03154905526543741,0.009976687266531028,0.8038310583575701,0.7355165197219524,0.8562918150007585,0.7463740927279372,0.8500800032155368
120.0,10.0,0.2,T-learner,treatment_rate,10,0.19663333333333333,0.004484403699847944,0.0014180929639205579,0.2,0.18933333333333333,0.2,0.18978333333333333,0.2
120.0,10.0,0.2,T-learner,dr_incremental_profit,10,13041.034741063842,3611.6854382086963,1142.1152176802802,11685.163043291814,9379.241168014572,21105.78043696599,9397.683826859373,20121.236353800938
120.0,10.0,0.2,T-learner,observational_estimation_error,10,145.2616609423103,3547.8730311142485,1121.9359627406461,-1701.8180975865762,-3298.9440117850263,7908.631698307861,-3087.834790014155,7048.733471006817
120.0,10.0,0.2,Treat nobody,incremental_profit,10,0.0,0.0,0.0,0.0,0.0,0.0,0.0,0.0
120.0,10.0,0.2,Treat nobody,profit_per_customer,10,0.0,0.0,0.0,0.0,0.0,0.0,0.0,0.0
120.0,10.0,0.2,Treat nobody,regret_vs_oracle,10,16080.078388428465,183.65361291695788,58.07637173365068,16063.822293207579,15800.223063454334,16338.548164262615,15818.082416103487,16332.57156157016
120.0,10.0,0.2,Treat nobody,oracle_profit_captured,10,0.0,0.0,0.0,0.0,0.0,0.0,0.0,0.0
120.0,10.0,0.2,Treat nobody,treatment_rate,10,0.0,0.0,0.0,0.0,0.0,0.0,0.0,0.0
120.0,10.0,0.2,Treat nobody,dr_incremental_profit,10,0.0,0.0,0.0,0.0,0.0,0.0,0.0,0.0
120.0,10.0,0.2,Treat nobody,observational_estimation_error,10,0.0,0.0,0.0,0.0,0.0,0.0,0.0,0.0
120.0,10.0,0.3,DR-learner,incremental_profit,10,18254.485102593833,667.5067502483508,211.08416843219536,18127.179272321693,17361.8847286543,19254.25248352055,17418.359355134424,19180.503722899615
120.0,10.0,0.3,DR-learner,profit_per_customer,10,6.084828367531278,0.22250225008278374,0.07036138947739849,6.042393090773898,5.7872949095514326,6.4180841611735175,5.806119785044807,6.393501240966539
120.0,10.0,0.3,DR-learner,regret_vs_oracle,10,3285.145660187801,523.308080721305,165.48454530505737,3277.606722944858,2513.5660336316105,3944.9230465358523,2533.14561026152,3922.2369722254075
120.0,10.0,0.3,DR-learner,oracle_profit_captured,10,0.847362803930993,0.02504914691574453,0.007921235769793459,0.8479893186314027,0.8174842184330564,0.8827630311712489,0.8182406988471669,0.882367784822327
120.0,10.0,0.3,DR-learner,treatment_rate,10,0.29606666666666664,0.0053628811125327495,0.0016958919136301257,0.3,0.28733333333333333,0.3,0.28770833333333334,0.3
120.0,10.0,0.3,DR-learner,dr_incremental_profit,10,16984.01785886006,4525.481241465037,1431.082823139595,15787.821732998016,12403.096295108124,26834.925643983403,12667.230831204457,25917.291488158276
120.0,10.0,0.3,DR-learner,observational_estimation_error,10,-1270.4672437337726,4490.19780055567,1419.9252194434387,-2723.54225068668,-5968.967996020354,7981.2976695923535,-5713.696843549092,7298.393742678302
120.0,10.0,0.3,Oracle,incremental_profit,10,21539.630762781635,259.55381779120523,82.07812396125424,21513.645581034893,21102.804510382488,21857.413532093888,21149.409848889478,21856.83423036191
120.0,10.0,0.3,Oracle,profit_per_customer,10,7.179876920927211,0.0865179392637351,0.02735937465375142,7.171215193678297,7.034268170127496,7.285804510697963,7.04980328296316,7.285611410120636
120.0,10.0,0.3,Oracle,regret_vs_oracle,10,0.0,0.0,0.0,0.0,0.0,0.0,0.0,0.0
120.0,10.0,0.3,Oracle,oracle_profit_captured,10,1.0,0.0,0.0,1.0,1.0,1.0,1.0,1.0
120.0,10.0,0.3,Oracle,treatment_rate,10,0.29999999999999993,5.851389114294502e-17,1.850371707708594e-17,0.3,0.3,0.3,0.3,0.3
120.0,10.0,0.3,Oracle,dr_incremental_profit,0,,,,,,,,
120.0,10.0,0.3,Oracle,observational_estimation_error,0,,,,,,,,
120.0,10.0,0.3,Random,incremental_profit,10,7866.921432912452,436.12190079220426,137.91385439853576,7866.496142558475,7348.089180375631,8741.29677983726,7353.306010080064,8623.570476658208
120.0,10.0,0.3,Random,profit_per_customer,10,2.6223071443041506,0.14537396693073473,0.045971284799511916,2.622165380852825,2.4493630601252105,2.9137655932790865,2.4511020033600213,2.8745234922194025
120.0,10.0,0.3,Random,regret_vs_oracle,10,13672.709329869185,278.6164258678101,88.10624992777352,13689.199890106916,13113.542077892278,14056.701567239616,13176.709753242916,14035.360002369236
120.0,10.0,0.3,Random,oracle_profit_captured,10,0.3651034571850971,0.01690585357911191,0.005346100309930323,0.3666703538177627,0.3448198073355518,0.39997077245644713,0.34483539120281725,0.39457406772891496
120.0,10.0,0.3,Random,treatment_rate,10,0.29999999999999993,5.851389114294502e-17,1.850371707708594e-17,0.3,0.3,0.3,0.3,0.3
120.0,10.0,0.3,Random,dr_incremental_profit,10,7799.770786334836,3143.346244145959,994.0133606036947,6799.374789575284,4490.988639708058,14750.135018354438,4497.340788079087,13681.241469925133
120.0,10.0,0.3,Random,observational_estimation_error,10,-67.15064657761577,3103.760136716395,981.495134285941,-1256.9111454299,-3554.7703063448253,6686.459831042859,-3403.1848440704466,5778.573134174141
120.0,10.0,0.3,S-learner,incremental_profit,10,18528.479077421824,729.9706029631172,230.83697303299073,18307.452575537453,17487.726147494803,19405.4087153907,17540.762683268895,19398.318197892342
120.0,10.0,0.3,S-learner,profit_per_customer,10,6.176159692473941,0.24332353432103895,0.07694565767766354,6.102484191845818,5.829242049164934,6.468469571796899,5.846920894422965,6.466106065964114
120.0,10.0,0.3,S-learner,regret_vs_oracle,10,3011.151685359813,615.8142200508623,194.73755508808563,2898.919353749461,2034.6375323350803,3969.2529706716996,2134.604255325335,3889.2204497981575
120.0,10.0,0.3,S-learner,oracle_profit_captured,10,0.8601036548046819,0.02909289727111569,0.009199981911002275,0.8633180366374633,0.8150134299515098,0.9051010660692534,0.8185302615992792,0.9009298501363899
120.0,10.0,0.3,S-learner,treatment_rate,10,0.2947333333333333,0.009405540788857603,0.002974293151840687,0.3,0.27266666666666667,0.3,0.2755916666666667,0.3
120.0,10.0,0.3,S-learner,dr_incremental_profit,10,18271.67191825569,5318.902324364715,1681.9845996956205,16921.113237371595,10699.204512036195,29625.92029050617,11458.91354019454,28061.005428871977
120.0,10.0,0.3,S-learner,observational_estimation_error,10,-256.807159166127,5083.466296457008,1607.5331905504884,-1321.7718120672507,-6788.521635458608,10252.02498621928,-6188.385677773647,8929.17276270919
120.0,10.0,0.3,T-learner,incremental_profit,10,17619.717811009934,729.7297484500912,230.76080814840142,17703.10827953845,16100.76802883907,18503.232525113148,16296.59961029367,18498.550046017797
120.0,10.0,0.3,T-learner,profit_per_customer,10,5.873239270336645,0.2432432494833636,0.07692026938280043,5.901036093179483,5.36692267627969,6.167744175037716,5.43219987009789,6.1661833486725985
120.0,10.0,0.3,T-learner,regret_vs_oracle,10,3919.9129517717024,626.3877037646918,198.08118422192533,3846.886210138002,2936.813722612631,5356.211089327433,3034.8245389588274,5088.612762818852
120.0,10.0,0.3,T-learner,oracle_profit_captured,10,0.8179198739745775,0.029720184310808993,0.009398347490215803,0.8230067520518496,0.7503744091919906,0.8630220434844375,0.7624878883645739,0.8591223628700257
120.0,10.0,0.3,T-learner,treatment_rate,10,0.2948333333333333,0.007367345368433437,0.0023297591673342036,0.3,0.2816666666666667,0.3,0.28234166666666666,0.3
120.0,10.0,0.3,T-learner,dr_incremental_profit,10,17111.958427454265,4569.970335105566,1445.1515098336533,16744.100734813397,10367.444719027106,28029.05900270336,11219.26075512396,26118.327723005943
120.0,10.0,0.3,T-learner,observational_estimation_error,10,-507.75938355566797,4389.776644860638,1388.1692617171695,-1334.1160439395408,-5733.323309811964,9984.079950423056,-5314.408439328492,8314.964569545313
120.0,10.0,0.3,Treat nobody,incremental_profit,10,0.0,0.0,0.0,0.0,0.0,0.0,0.0,0.0
120.0,10.0,0.3,Treat nobody,profit_per_customer,10,0.0,0.0,0.0,0.0,0.0,0.0,0.0,0.0
120.0,10.0,0.3,Treat nobody,regret_vs_oracle,10,21539.630762781635,259.55381779120523,82.07812396125424,21513.645581034893,21102.804510382488,21857.413532093888,21149.409848889478,21856.83423036191
120.0,10.0,0.3,Treat nobody,oracle_profit_captured,10,0.0,0.0,0.0,0.0,0.0,0.0,0.0,0.0
120.0,10.0,0.3,Treat nobody,treatment_rate,10,0.0,0.0,0.0,0.0,0.0,0.0,0.0,0.0
120.0,10.0,0.3,Treat nobody,dr_incremental_profit,10,0.0,0.0,0.0,0.0,0.0,0.0,0.0,0.0
120.0,10.0,0.3,Treat nobody,observational_estimation_error,10,0.0,0.0,0.0,0.0,0.0,0.0,0.0,0.0
120.0,20.0,0.1,DR-learner,incremental_profit,10,4463.4647914190555,343.9595893733228,108.76957254759476,4577.015394417128,3980.3267457458933,4920.263063902337,3984.8041632733657,4903.814337701339
120.0,20.0,0.1,DR-learner,profit_per_customer,10,1.487821597139685,0.11465319645777426,0.036256524182531585,1.5256717981390426,1.3267755819152978,1.6400876879674458,1.3282680544244552,1.6346047792337797
120.0,20.0,0.1,DR-learner,regret_vs_oracle,10,1596.2064592523243,311.6071349421361,98.53882815765905,1531.791835883154,1152.0188879673606,2081.6557156290164,1174.834099298427,2051.4621759363126
120.0,20.0,0.1,DR-learner,oracle_profit_captured,10,0.7363682046680528,0.05261042338771595,0.016636876657097417,0.74932652179284,0.6566047940764119,0.8079704960228288,0.6601965669677817,0.8054962230237138
120.0,20.0,0.1,DR-learner,treatment_rate,10,0.09626666666666667,0.004652889716729745,0.0014713729206441652,0.098,0.08733333333333333,0.1,0.08793333333333334,0.1
120.0,20.0,0.1,DR-learner,dr_incremental_profit,10,3417.5827045822894,2194.0357790774096,693.8150329786617,2836.9508014533612,792.132241114593,8085.745358063174,968.8882406613079,7480.27585742813
120.0,20.0,0.1,DR-learner,observational_estimation_error,10,-1045.882086836766,2043.7350596725482,646.2857722505388,-1758.4845726363874,-3188.1945046313003,3478.45514488311,-3052.322776180312,2854.125202424267
120.0,20.0,0.1,Oracle,incremental_profit,10,6059.671250671379,85.31130466231677,26.97780328934628,6066.747630354322,5941.891501670698,6194.4887739209935,5943.195845438914,6189.807450290518
120.0,20.0,0.1,Oracle,profit_per_customer,10,2.0198904168904597,0.0284371015541055,0.008992601096448732,2.0222492101181073,1.9806305005568994,2.0648295913069976,1.9810652818129715,2.0632691500968394
120.0,20.0,0.1,Oracle,regret_vs_oracle,10,0.0,0.0,0.0,0.0,0.0,0.0,0.0,0.0
120.0,20.0,0.1,Oracle,oracle_profit_captured,10,1.0,0.0,0.0,1.0,1.0,1.0,1.0,1.0
120.0,20.0,0.1,Oracle,treatment_rate,10,0.1,0.0,0.0,0.1,0.1,0.1,0.1,0.1
120.0,20.0,0.1,Oracle,dr_incremental_profit,0,,,,,,,,
120.0,20.0,0.1,Oracle,observational_estimation_error,0,,,,,,,,
120.0,20.0,0.1,Random,incremental_profit,10,-362.5224491145489,198.22177561818467,62.683229279629444,-325.4532042675696,-799.3117400770689,-169.5475595971102,-742.9205715527024,-173.31302249500553
120.0,20.0,0.1,Random,profit_per_customer,10,-0.12084081637151631,0.06607392520606155,0.02089440975987648,-0.1084844014225232,-0.2664372466923563,-0.05651585319903673,-0.24764019051756747,-0.05777100749833517
120.0,20.0,0.1,Random,regret_vs_oracle,10,6422.193699785928,144.53104335509101,45.704728960263175,6384.0361749794865,6248.265411629332,6741.203241747767,6255.482632791216,6703.089764850397
120.0,20.0,0.1,Random,oracle_profit_captured,10,-0.0601518199204795,0.03361742243060421,0.010630762394474308,-0.053970491718333735,-0.13452142972525233,-0.027745584086395585,-0.12475077030430472,-0.028272855876419554
120.0,20.0,0.1,Random,treatment_rate,10,0.1,0.0,0.0,0.1,0.1,0.1,0.1,0.1
120.0,20.0,0.1,Random,dr_incremental_profit,10,-523.5488799359497,1804.2022131128515,570.538835295312,-588.9938472697339,-3721.5283527062293,2115.589959252367,-3356.3118676287445,2050.413106197601
120.0,20.0,0.1,Random,observational_estimation_error,10,-161.0264308214008,1814.843147622979,573.903794243781,-95.47051445401348,-3551.980793109119,2396.720015311939,-3141.7128296339815,2358.9612886114637
120.0,20.0,0.1,S-learner,incremental_profit,10,4564.402097875548,350.02553463292253,110.68779286581842,4588.850540411342,4009.832785480541,5032.505394603697,4031.9337703366755,5032.06047568185
120.0,20.0,0.1,S-learner,profit_per_customer,10,1.5214673659585158,0.11667517821097416,0.0368959309552728,1.5296168468037807,1.3366109284935137,1.6775017982012324,1.3439779234455584,1.6773534918939499
120.0,20.0,0.1,S-learner,regret_vs_oracle,10,1495.2691527958316,320.0538088747453,101.20990098564072,1448.7245261277194,966.6711074837858,1964.3095300719142,1006.3799639376978,1958.357440716735
120.0,20.0,0.1,S-learner,oracle_profit_captured,10,0.7530436595727286,0.05394745429013387,0.01705968295246451,0.7636931076462317,0.6741833786550276,0.838866033171816,0.6747083909768022,0.8334588713472108
120.0,20.0,0.1,S-learner,treatment_rate,10,0.0965,0.004764192572115191,0.0015065699739539996,0.09883333333333333,0.087,0.1,0.0876,0.1
120.0,20.0,0.1,S-learner,dr_incremental_profit,10,4169.011313686295,2642.119160874142,835.5114397935123,4030.7757756560495,523.6675861994345,9270.679950433747,826.4387886123986,8669.718920764224
120.0,20.0,0.1,S-learner,observational_estimation_error,10,-395.3907841892526,2725.2141508759532,861.7883828489765,-451.5667687691539,-4071.1580037892354,4485.002920268473,-3866.4198384928054,4058.6068456530147
120.0,20.0,0.1,T-learner,incremental_profit,10,4173.291936612695,352.4539257878573,111.4557175757585,4109.3071066313505,3669.418209071984,4682.072721474124,3687.9862905976506,4672.730316571418
120.0,20.0,0.1,T-learner,profit_per_customer,10,1.3910973122042316,0.11748464192928577,0.037151905858586166,1.3697690355437835,1.2231394030239948,1.5606909071580413,1.2293287635325503,1.5575767721904727
120.0,20.0,0.1,T-learner,regret_vs_oracle,10,1886.3793140586845,341.03212713050704,107.8438277024505,1953.182424845727,1358.6255801809384,2402.9507058410672,1388.547112810298,2382.0456722693193
120.0,20.0,0.1,T-learner,oracle_profit_captured,10,0.6886372448597005,0.05644295554775813,0.01784882974025524,0.6750370263803154,0.6042811727166819,0.7735313205557148,0.607577166688285,0.7701250101057657
120.0,20.0,0.1,T-learner,treatment_rate,10,0.09736666666666667,0.003411852977597476,0.0010789226450835464,0.1,0.093,0.1,0.093,0.1
120.0,20.0,0.1,T-learner,dr_incremental_profit,10,4027.0767711463786,1741.6349047440149,550.7533151441481,3675.5060650646747,1463.031942787959,7042.6618310437825,1703.2847469819742,6768.332172720549
120.0,20.0,0.1,T-learner,observational_estimation_error,10,-146.21516546631665,1739.4627296013944,550.0664130513999,-354.9747403697045,-3219.0407786861647,2894.622651387992,-2807.2049688040306,2557.643354223161
120.0,20.0,0.1,Treat nobody,incremental_profit,10,0.0,0.0,0.0,0.0,0.0,0.0,0.0,0.0
120.0,20.0,0.1,Treat nobody,profit_per_customer,10,0.0,0.0,0.0,0.0,0.0,0.0,0.0,0.0
120.0,20.0,0.1,Treat nobody,regret_vs_oracle,10,6059.671250671379,85.31130466231677,26.97780328934628,6066.747630354322,5941.891501670698,6194.4887739209935,5943.195845438914,6189.807450290518
120.0,20.0,0.1,Treat nobody,oracle_profit_captured,10,0.0,0.0,0.0,0.0,0.0,0.0,0.0,0.0
120.0,20.0,0.1,Treat nobody,treatment_rate,10,0.0,0.0,0.0,0.0,0.0,0.0,0.0,0.0
120.0,20.0,0.1,Treat nobody,dr_incremental_profit,10,0.0,0.0,0.0,0.0,0.0,0.0,0.0,0.0
120.0,20.0,0.1,Treat nobody,observational_estimation_error,10,0.0,0.0,0.0,0.0,0.0,0.0,0.0,0.0
120.0,20.0,0.2,DR-learner,incremental_profit,10,7511.835521853414,503.56032955260633,159.23975806912338,7559.973369087047,6647.222035279625,8277.840893535136,6743.772185143537,8222.013114794827
120.0,20.0,0.2,DR-learner,profit_per_customer,10,2.5039451739511382,0.16785344318420217,0.05307991935637448,2.5199911230290155,2.2157406784265414,2.7592802978450455,2.2479240617145124,2.740671038264942
120.0,20.0,0.2,DR-learner,regret_vs_oracle,10,2568.242866575051,435.6406515007712,137.7616700102087,2444.411401613799,2034.1445920943443,3528.6284844209877,2060.067440231106,3404.8277024429235
120.0,20.0,0.2,DR-learner,oracle_profit_captured,10,0.7450097118658424,0.043942977681382694,0.013895989664311418,0.7558084519364991,0.6532350315494999,0.8027397735451551,0.6646079020632754,0.7987374379050068
120.0,20.0,0.2,DR-learner,treatment_rate,10,0.19466666666666668,0.007284348179148343,0.0023035131515809016,0.19866666666666666,0.179,0.2,0.180725,0.2
120.0,20.0,0.2,DR-learner,dr_incremental_profit,10,6040.144874465142,3838.3176376983943,1213.7826118323899,5422.582487975238,817.2945415764667,15353.11459439302,1348.5784659784736,13753.453722581457
120.0,20.0,0.2,DR-learner,observational_estimation_error,10,-1471.690647388274,3578.791496119544,1131.7132398579404,-2261.770183047196,-5829.927493703158,7323.397161925928,-5395.193719165063,5769.298844684782
120.0,20.0,0.2,Oracle,incremental_profit,10,10080.078388428465,183.65361291695788,58.07637173365068,10063.822293207579,9800.223063454334,10338.548164262615,9818.082416103487,10332.57156157016
120.0,20.0,0.2,Oracle,profit_per_customer,10,3.360026129476155,0.06121787097231925,0.019358790577883544,3.354607431069193,3.2667410211514447,3.4461827214208713,3.2726941387011625,3.4441905205233865
120.0,20.0,0.2,Oracle,regret_vs_oracle,10,0.0,0.0,0.0,0.0,0.0,0.0,0.0,0.0
120.0,20.0,0.2,Oracle,oracle_profit_captured,10,1.0,0.0,0.0,1.0,1.0,1.0,1.0,1.0
120.0,20.0,0.2,Oracle,treatment_rate,10,0.2,0.0,0.0,0.2,0.2,0.2,0.2,0.2
120.0,20.0,0.2,Oracle,dr_incremental_profit,0,,,,,,,,
120.0,20.0,0.2,Oracle,observational_estimation_error,0,,,,,,,,
120.0,20.0,0.2,Random,incremental_profit,10,-880.7288103044081,370.1580375884111,117.05424929975996,-913.2341165875032,-1355.604748765163,-338.1069052422554,-1346.0122683313982,-345.2965514943233
120.0,20.0,0.2,Random,profit_per_customer,10,-0.2935762701014693,0.12338601252947037,0.03901808309991999,-0.3044113721958344,-0.45186824958838767,-0.11270230174741847,-0.44867075611046603,-0.11509885049810778
120.0,20.0,0.2,Random,regret_vs_oracle,10,10960.807198732871,268.92888890103274,85.04278175456398,10902.825540976148,10609.838228097604,11350.365936691102,10624.872017414238,11340.818510516607
120.0,20.0,0.2,Random,oracle_profit_captured,10,-0.08783512642477673,0.03777225276301932,0.011944635108672934,-0.08951624309090496,-0.13563152968605058,-0.03270351889552477,-0.13485736971216233,-0.03347662465111234
120.0,20.0,0.2,Random,treatment_rate,10,0.2,0.0,0.0,0.2,0.2,0.2,0.2,0.2
120.0,20.0,0.2,Random,dr_incremental_profit,10,-2392.771640481992,2838.9547585589016,897.756321121953,-1867.100899977451,-6531.703294709001,751.0420847447939,-6422.601184595014,700.0986111019405
120.0,20.0,0.2,Random,observational_estimation_error,10,-1512.0428301775844,2736.18325511342,865.2571181771964,-928.9531405261357,-5218.731792316126,1853.041328687511,-5180.960094926166,1684.8595722797206
120.0,20.0,0.2,S-learner,incremental_profit,10,7005.196833497879,833.9126949167346,263.7063485665999,7231.808843106415,5180.412378140889,8070.090604934096,5436.2227118812,7965.912687165895
120.0,20.0,0.2,S-learner,profit_per_customer,10,2.33506561116596,0.2779708983055783,0.08790211618886666,2.4106029477021385,1.7268041260469629,2.6900302016446984,1.8120742372937333,2.6553042290552984
120.0,20.0,0.2,S-learner,regret_vs_oracle,10,3074.881554930586,883.1556155290291,279.27832734397026,2852.663461582235,1924.6705829918428,4892.495609080997,2002.9367754030861,4674.974976853951
120.0,20.0,0.2,S-learner,oracle_profit_captured,10,0.6953916882012889,0.08592709221969244,0.027172532412956155,0.7144968282098485,0.5142916409752344,0.807432058975364,0.5379192991928133,0.7990049994620099
120.0,20.0,0.2,S-learner,treatment_rate,10,0.16926666666666668,0.027245477595056324,0.00861577651394647,0.17683333333333334,0.11266666666666666,0.2,0.11784166666666666,0.19835000000000003
120.0,20.0,0.2,S-learner,dr_incremental_profit,10,6532.256025813698,2606.708663987186,824.313657469404,6437.230954155566,3656.2317553173225,11772.514361582591,3683.082189999682,11060.304533379292
120.0,20.0,0.2,S-learner,observational_estimation_error,10,-472.9408076841813,2506.0421008019607,792.4800950807473,-973.2432872945778,-4294.523584361841,4522.7675211946225,-3887.883791906079,3853.9536738913534
120.0,20.0,0.2,T-learner,incremental_profit,10,6989.9422608372,457.1490240253734,144.5632146043216,7003.174123734132,6120.464097069209,7696.18308811279,6245.951340683547,7645.425669900965
120.0,20.0,0.2,T-learner,profit_per_customer,10,2.3299807536124004,0.15238300800845792,0.048187738201440566,2.3343913745780442,2.0401546990230695,2.5653943627042635,2.0819837802278487,2.5484752233003216
120.0,20.0,0.2,T-learner,regret_vs_oracle,10,3090.1361275912654,458.9408176409197,145.12982949652903,3133.997837344681,2298.5780998131486,3952.4438901526773,2376.9532310400114,3850.118716346053
120.0,20.0,0.2,T-learner,oracle_profit_captured,10,0.6935094814429456,0.04481590059900059,0.014172032128454625,0.6954043212468639,0.6076164008281819,0.770021708713769,0.6185652242121679,0.7618059417760585
120.0,20.0,0.2,T-learner,treatment_rate,10,0.19623333333333332,0.0047506984541716805,0.0015023027591823557,0.199,0.18733333333333332,0.2,0.18823333333333334,0.2
120.0,20.0,0.2,T-learner,dr_incremental_profit,10,7117.664484139535,3613.181547257447,1142.5883289024844,5789.015224914554,3379.2411680145724,15105.78043696599,3443.528637049306,14177.486353800938
120.0,20.0,0.2,T-learner,observational_estimation_error,10,127.7222233023338,3560.9199462620486,1126.061759571246,-1701.8180975865757,-3298.9440117850263,7908.631698307861,-3109.169299135955,7048.733471006816
120.0,20.0,0.2,Treat nobody,incremental_profit,10,0.0,0.0,0.0,0.0,0.0,0.0,0.0,0.0
120.0,20.0,0.2,Treat nobody,profit_per_customer,10,0.0,0.0,0.0,0.0,0.0,0.0,0.0,0.0
120.0,20.0,0.2,Treat nobody,regret_vs_oracle,10,10080.078388428465,183.65361291695788,58.07637173365068,10063.822293207579,9800.223063454334,10338.548164262615,9818.082416103487,10332.57156157016
120.0,20.0,0.2,Treat nobody,oracle_profit_captured,10,0.0,0.0,0.0,0.0,0.0,0.0,0.0,0.0
120.0,20.0,0.2,Treat nobody,treatment_rate,10,0.0,0.0,0.0,0.0,0.0,0.0,0.0,0.0
120.0,20.0,0.2,Treat nobody,dr_incremental_profit,10,0.0,0.0,0.0,0.0,0.0,0.0,0.0,0.0
120.0,20.0,0.2,Treat nobody,observational_estimation_error,10,0.0,0.0,0.0,0.0,0.0,0.0,0.0,0.0
120.0,20.0,0.3,DR-learner,incremental_profit,10,9372.485102593835,571.5309782667231,180.73396446670378,9326.223401846264,8669.22457767342,10254.252483520551,8674.323111644118,10180.503722899615
120.0,20.0,0.3,DR-learner,profit_per_customer,10,3.124161700864611,0.19051032608890772,0.0602446548222346,3.1087411339487545,2.88974152589114,3.418084161173517,2.891441037214706,3.3935012409665384
120.0,20.0,0.3,DR-learner,regret_vs_oracle,10,3167.145660187801,465.74129931755067,147.28033062496849,3127.606722944858,2513.5660336316105,3944.9230465358523,2533.14561026152,3887.1193639026683
120.0,20.0,0.3,DR-learner,oracle_profit_captured,10,0.7472126707072058,0.03828916379921262,0.01210809673087779,0.7512131415384444,0.6872620200698545,0.7979456037720819,0.6916150660407444,0.7978894244761975
120.0,20.0,0.3,DR-learner,treatment_rate,10,0.29606666666666664,0.0053628811125327495,0.0016958919136301257,0.3,0.28733333333333333,0.3,0.28770833333333334,0.3
120.0,20.0,0.3,DR-learner,dr_incremental_profit,10,8102.017858860063,4528.428791069418,1432.0149201662123,6787.821732998015,3573.096295108124,17834.9256439834,3884.4808312044565,16984.791488158273
120.0,20.0,0.3,DR-learner,observational_estimation_error,10,-1270.4672437337733,4490.197800555669,1419.9252194434384,-2723.5422506866803,-5968.967996020354,7981.29766959235,-5713.696843549092,7298.3937426782995
120.0,20.0,0.3,Oracle,incremental_profit,10,12539.630762781637,259.55381779120523,82.07812396125424,12513.64558103489,12102.804510382488,12857.413532093888,12149.40984888948,12856.834230361908
120.0,20.0,0.3,Oracle,profit_per_customer,10,4.179876920927212,0.0865179392637351,0.02735937465375142,4.171215193678297,4.034268170127496,4.285804510697963,4.04980328296316,4.285611410120636
120.0,20.0,0.3,Oracle,regret_vs_oracle,10,0.0,0.0,0.0,0.0,0.0,0.0,0.0,0.0
120.0,20.0,0.3,Oracle,oracle_profit_captured,10,1.0,0.0,0.0,1.0,1.0,1.0,1.0,1.0
120.0,20.0,0.3,Oracle,treatment_rate,10,0.29999999999999993,5.851389114294502e-17,1.850371707708594e-17,0.3,0.3,0.3,0.3,0.3
120.0,20.0,0.3,Oracle,dr_incremental_profit,0,,,,,,,,
120.0,20.0,0.3,Oracle,observational_estimation_error,0,,,,,,,,
120.0,20.0,0.3,Random,incremental_profit,10,-1133.0785670875484,436.12190079220426,137.91385439853576,-1133.5038574415248,-1651.9108196243687,-258.70322016274076,-1646.6939899199363,-376.42952334179245
120.0,20.0,0.3,Random,profit_per_customer,10,-0.3776928556958495,0.14537396693073476,0.04597128479951192,-0.3778346191471749,-0.5506369398747896,-0.08623440672091359,-0.5488979966399787,-0.1254765077805975
120.0,20.0,0.3,Random,regret_vs_oracle,10,13672.709329869185,278.6164258678101,88.10624992777352,13689.199890106916,13113.542077892278,14056.701567239616,13176.709753242916,14035.360002369236
120.0,20.0,0.3,Random,oracle_profit_captured,10,-0.09090928817646564,0.03614769733732503,0.011430905575635093,-0.09106859372959382,-0.13457417315380715,-0.020124967961553566,-0.13448846637980472,-0.029280358698300382
120.0,20.0,0.3,Random,treatment_rate,10,0.29999999999999993,5.851389114294502e-17,1.850371707708594e-17,0.3,0.3,0.3,0.3,0.3
120.0,20.0,0.3,Random,dr_incremental_profit,10,-1200.2292136651645,3143.346244145959,994.0133606036947,-2200.625210424717,-4509.011360291942,5750.135018354436,-4502.659211920913,4681.241469925131
120.0,20.0,0.3,Random,observational_estimation_error,10,-67.15064657761623,3103.760136716395,981.495134285941,-1256.9111454299007,-3554.7703063448253,6686.459831042857,-3403.1848440704466,5778.57313417414
120.0,20.0,0.3,S-learner,incremental_profit,10,7328.295752811244,1195.621089409271,378.0885861065118,7352.041640875819,5180.412378140889,9082.893989867356,5436.2227118812,9048.595983090363
120.0,20.0,0.3,S-learner,profit_per_customer,10,2.4427652509370814,0.3985403631364237,0.1260295287021706,2.4506805469586066,1.7268041260469629,3.0276313299557853,1.8120742372937333,3.0161986610301206
120.0,20.0,0.3,S-learner,regret_vs_oracle,10,5211.335009970392,1292.084421150699,408.5929700056447,5231.338548322497,3227.0453583239832,7276.566740025613,3267.4313282459393,7094.772112058542
120.0,20.0,0.3,S-learner,oracle_profit_captured,10,0.5851317880166913,0.10020911965932672,0.03168890604438288,0.5853206444827634,0.4158642580195137,0.737850425818863,0.43407417505907475,0.7347062236199954
120.0,20.0,0.3,S-learner,treatment_rate,10,0.18323333333333333,0.04406029818944953,0.013933089666485354,0.17983333333333335,0.11266666666666666,0.25466666666666665,0.11784166666666666,0.25159166666666666
120.0,20.0,0.3,S-learner,dr_incremental_profit,10,6998.200000989595,2613.8181502465845,826.561874426741,7313.887553678571,3656.2317553173225,11772.514361582591,3683.082189999682,11060.304533379292
120.0,20.0,0.3,S-learner,observational_estimation_error,10,-330.09575182164843,2438.9675820673065,771.2692698646331,-663.9236917040453,-4294.523584361841,4522.7675211946225,-3887.883791906079,3853.9536738913534
120.0,20.0,0.3,T-learner,incremental_profit,10,7611.452296191203,626.0976260693959,197.9894536003706,7847.313452705135,6120.464097069209,8253.155683540168,6335.829830743519,8210.289222462672
120.0,20.0,0.3,T-learner,profit_per_customer,10,2.5371507653970675,0.20869920868979872,0.0659964845334569,2.6157711509017116,2.0401546990230695,2.7510518945133895,2.111943276914506,2.736763074154224
120.0,20.0,0.3,T-learner,regret_vs_oracle,10,4928.178466590432,663.8008319993625,209.91225418327673,4762.648362025682,4083.841278628781,6336.515021097293,4149.893828956564,6146.649195713759
120.0,20.0,0.3,T-learner,oracle_profit_captured,10,0.607175447486584,0.051121726405819475,0.016166109336236287,0.6195786300579464,0.4913281172755195,0.6689760651516926,0.5074643047492015,0.6642833655693995
120.0,20.0,0.3,T-learner,treatment_rate,10,0.22393333333333337,0.02048655084273824,0.006478416206389482,0.224,0.18733333333333332,0.255,0.18973333333333334,0.252
120.0,20.0,0.3,T-learner,dr_incremental_profit,10,7511.257222037374,4182.605736844978,1322.6560682916977,6217.4888525422475,3664.9632526133882,18260.73367215137,3770.3146245638,16138.546994558
120.0,20.0,0.3,T-learner,observational_estimation_error,10,-100.19507415382859,4038.6533983082727,1277.1343418633357,-1640.947353432413,-3688.202756392897,10292.169478373311,-3423.5435462605165,8334.294069518979
120.0,20.0,0.3,Treat nobody,incremental_profit,10,0.0,0.0,0.0,0.0,0.0,0.0,0.0,0.0
120.0,20.0,0.3,Treat nobody,profit_per_customer,10,0.0,0.0,0.0,0.0,0.0,0.0,0.0,0.0
120.0,20.0,0.3,Treat nobody,regret_vs_oracle,10,12539.630762781637,259.55381779120523,82.07812396125424,12513.64558103489,12102.804510382488,12857.413532093888,12149.40984888948,12856.834230361908
120.0,20.0,0.3,Treat nobody,oracle_profit_captured,10,0.0,0.0,0.0,0.0,0.0,0.0,0.0,0.0
120.0,20.0,0.3,Treat nobody,treatment_rate,10,0.0,0.0,0.0,0.0,0.0,0.0,0.0,0.0
120.0,20.0,0.3,Treat nobody,dr_incremental_profit,10,0.0,0.0,0.0,0.0,0.0,0.0,0.0,0.0
120.0,20.0,0.3,Treat nobody,observational_estimation_error,10,0.0,0.0,0.0,0.0,0.0,0.0,0.0,0.0
