seed,retention_value,treatment_cost,capacity,policy,treated_count,treatment_rate,capacity_feasible,mean_cate_treated,incremental_retained_customers,expected_retention_rate,incremental_revenue,campaign_cost,incremental_profit,profit_per_treated_customer,profit_per_customer,regret_vs_oracle,oracle_profit,oracle_profit_captured,dr_incremental_profit,ci_lower_profit,ci_upper_profit,standard_error_per_customer,observational_estimation_error,threshold,calibration_treated,qualified_before_cap,capacity_cap_active
42,40.0,5.0,0.1,Treat nobody,0,0.0,True,0.0,0.0,0.6239656475041145,0.0,0.0,0.0,0.0,0.0,2523.8375997779112,2523.8375997779112,0.0,0.0,0.0,0.0,0.0,0.0,,,,
42,40.0,5.0,0.1,Random,300,0.1,True,0.15885749844278968,47.6572495328369,0.6398513973483934,1906.289981313476,1500.0,406.2899813134759,1.3542999377115863,0.13542999377115864,2117.5476184644353,2523.8375997779112,0.1609810319607046,1205.1966530841223,125.92312958669038,2284.4701765815544,0.1835532917969589,798.9066717706464,,,,
42,40.0,5.0,0.1,S-learner,283,0.09433333333333334,True,0.30161588606696155,85.35729575695012,0.6524180794230979,3414.291830278005,1415.0,1999.291830278005,7.064635442678463,0.6664306100926684,524.5457694999063,2523.8375997779112,0.7921634222637525,1778.6723606680844,457.42997741094746,3099.914743925221,0.2247052145989975,-220.61946960992054,2.0226850840980433,300.0,283.0,False
42,40.0,5.0,0.1,T-learner,300,0.1,True,0.2797381953779698,83.92145861339093,0.6519394670419115,3356.858344535637,1500.0,1856.8583445356371,6.18952781511879,0.618952781511879,666.9792552422741,2523.8375997779112,0.7357281406295849,1393.9718773915583,36.496281649347594,2751.447473133769,0.23086743879816252,-462.8864671440788,3.059333097454033,300.0,304.0,True
42,40.0,5.0,0.1,DR-learner,288,0.096,True,0.3009962977650135,86.6869337563239,0.6528612920895558,3467.477350252956,1440.0,2027.477350252956,7.039851910600542,0.675825783417652,496.3602495249552,2523.8375997779112,0.803331145566326,1166.0372982662088,-142.4372834206556,2474.5118799530733,0.2225337798734986,-861.4400519867472,7.247362536269614,300.0,288.0,False
42,40.0,5.0,0.1,Oracle,300,0.1,True,0.3353197999814926,100.59593999444778,0.6574976275022638,4023.8375997779112,1500.0,2523.8375997779112,8.412791999259705,0.8412791999259704,0.0,2523.8375997779112,1.0,,,,,,,,,
42,40.0,5.0,0.2,Treat nobody,0,0.0,True,0.0,0.0,0.6239656475041145,0.0,0.0,0.0,0.0,0.0,4357.6359957406285,4357.6359957406285,0.0,0.0,0.0,0.0,0.0,0.0,,,,
42,40.0,5.0,0.2,Random,600,0.2,True,0.1551316557314811,93.07899343888866,0.6549919786504107,3723.1597375555466,3000.0,723.1597375555466,1.2052662292592444,0.24105324585184887,3634.476258185082,4357.6359957406285,0.16595230493377583,-632.3771611976867,-2574.590453530669,1309.8361311352955,0.3303144526554082,-1355.5368987532333,,,,
42,40.0,5.0,0.2,S-learner,563,0.18766666666666668,True,0.2725706370938003,153.45726868380956,0.6751180703987176,6138.290747352383,2815.0,3323.290747352383,5.902825483752012,1.1077635824507943,1034.3452483882456,4357.6359957406285,0.7626361519412667,2276.2013060256186,457.9561170428584,4094.446495008379,0.30923105446917165,-1047.0894413267642,0.564393576514215,600.0,563.0,False
42,40.0,5.0,0.2,T-learner,568,0.18933333333333333,True,0.25677654554830714,145.84907787143845,0.6725820067945939,5833.963114857538,2840.0,2993.963114857538,5.271061821932285,0.9979877049525127,1363.6728808830903,4357.6359957406285,0.68706131438789,2207.0695135527085,355.328175081181,4058.810852024236,0.31492778321061465,-786.8936013048296,1.6455439393765836,600.0,568.0,False
42,40.0,5.0,0.2,DR-learner,579,0.193,True,0.27600237958513546,159.80537777979345,0.6772341067640456,6392.215111191737,2895.0,3497.2151111917374,6.040095183405419,1.1657383703972457,860.4208845488911,4357.6359957406285,0.8025487017754789,2499.272631708216,632.5950604090876,4365.950203007344,0.3174680055387486,-997.9424794835213,4.842578173675994,600.0,579.0,False
42,40.0,5.0,0.2,Oracle,600,0.2,True,0.30656816648919283,183.9408998935157,0.6852792808019531,7357.6359957406285,3000.0,4357.6359957406285,7.262726659567714,1.4525453319135428,0.0,4357.6359957406285,1.0,,,,,,,,,
42,40.0,5.0,0.3,Treat nobody,0,0.0,True,0.0,0.0,0.6239656475041145,0.0,0.0,0.0,0.0,0.0,5652.326372722167,5652.326372722167,0.0,0.0,0.0,0.0,0.0,0.0,,,,
42,40.0,5.0,0.3,Random,900,0.3,True,0.15185442176784156,136.6689795910574,0.6695219740344669,5466.759183642296,4500.0,966.7591836422962,1.0741768707136625,0.32225306121409875,4685.567189079871,5652.326372722167,0.17103739591326955,6.406803415322201,-2182.3739590498512,2195.187565880495,0.3722484664225121,-960.352380226974,,,,
42,40.0,5.0,0.3,S-learner,741,0.247,True,0.25929608110185115,192.1383960964717,0.6880117795362718,7685.535843858868,3705.0,3980.5358438588682,5.3718432440740465,1.3268452812862894,1671.7905288632992,5652.326372722167,0.7042296536641491,1818.2544268368704,-391.90212328058817,4028.410976954329,0.375883871260032,-2162.281417021998,0.0003384898698861605,794.0,741.0,False
42,40.0,5.0,0.3,T-learner,845,0.2816666666666667,True,0.2421180278978212,204.58973357365892,0.6921622253620008,8183.589342946357,4225.0,3958.5893429463567,4.684721115912848,1.319529780982119,1693.7370297758107,5652.326372722167,0.7003469159265648,2047.481573009035,-227.4294962244422,4322.392642242512,0.3868967469432578,-1911.1077699373218,0.5799217210368957,900.0,845.0,False
42,40.0,5.0,0.3,DR-learner,862,0.28733333333333333,True,0.2536048247154482,218.60735890471634,0.69683476713902,8744.294356188653,4310.0,4434.294356188653,5.144192988617927,1.478098118729551,1218.0320165335143,5652.326372722167,0.7845078404510268,3089.00918888246,853.1314836309236,5324.886894133996,0.380258297752383,-1345.2851673061932,3.307038197801841,900.0,862.0,False
42,40.0,5.0,0.3,Oracle,900,0.3,True,0.28200906590894903,253.80815931805418,0.7085683672767991,10152.326372722167,4500.0,5652.326372722167,6.280362636357964,1.8841087909073893,0.0,5652.326372722167,1.0,,,,,,,,,
42,40.0,10.0,0.1,Treat nobody,0,0.0,True,0.0,0.0,0.6239656475041145,0.0,0.0,0.0,0.0,0.0,1023.8375997779112,1023.8375997779112,0.0,0.0,0.0,0.0,0.0,0.0,,,,
42,40.0,10.0,0.1,Random,300,0.1,True,0.15885749844278968,47.6572495328369,0.6398513973483934,1906.289981313476,3000.0,-1093.710018686524,-3.6457000622884137,-0.3645700062288414,2117.5476184644353,1023.8375997779112,-1.0682456074320472,-294.8033469158778,-1366.7588115376604,777.1521177059049,0.1823087010913178,798.9066717706463,,,,
42,40.0,10.0,0.1,S-learner,63,0.021,True,0.32167790621102993,20.265708091294886,0.630720883534546,810.6283236517954,630.0,180.62832365179543,2.867116248441197,0.06020944121726514,843.2092761261158,1023.8375997779112,0.17642282691217528,722.6408627807231,104.92653468295357,1340.3551908784927,0.10505538757688432,542.0125391289276,0.036741813522152,63.0,63.0,False
42,40.0,10.0,0.1,T-learner,111,0.037,True,0.30621564370457843,33.98993645120821,0.6352956263211839,1359.5974580483285,1110.0,249.59745804832846,2.248625748183139,0.08319915268277615,774.2401417295828,1023.8375997779112,0.2437861806427803,55.21819096474468,-816.2367432015358,926.6731251310249,0.14820934483834158,-194.37926708358378,0.005619963332314626,97.0,111.0,False
42,40.0,10.0,0.1,DR-learner,288,0.096,True,0.3009962977650135,86.6869337563239,0.6528612920895558,3467.477350252956,2880.0,587.4773502529561,2.0398519106005417,0.19582578341765203,436.3602495249552,1023.8375997779112,0.5737993509716682,-273.962701733791,-1576.502959641724,1028.5775561741418,0.22152452259024563,-861.440051986747,2.2473625362696144,300.0,288.0,False
42,40.0,10.0,0.1,Oracle,300,0.1,True,0.3353197999814926,100.59593999444778,0.6574976275022638,4023.8375997779112,3000.0,1023.8375997779112,3.4127919992597042,0.3412791999259704,0.0,1023.8375997779112,1.0,,,,,,,,,
42,40.0,10.0,0.2,Treat nobody,0,0.0,True,0.0,0.0,0.6239656475041145,0.0,0.0,0.0,0.0,0.0,1357.6359957406285,1357.6359957406285,0.0,0.0,0.0,0.0,0.0,0.0,,,,
42,40.0,10.0,0.2,Random,600,0.2,True,0.1551316557314811,93.07899343888866,0.6549919786504107,3723.1597375555466,6000.0,-2276.8402624444534,-3.7947337707407556,-0.7589467541481512,3634.476258185082,1357.6359957406285,-1.6770623860796894,-3632.3771611976867,-5591.393709488064,-1673.3606129073096,0.33317220175861234,-1355.5368987532333,,,,
42,40.0,10.0,0.2,S-learner,63,0.021,True,0.32167790621102993,20.265708091294886,0.630720883534546,810.6283236517954,630.0,180.62832365179543,2.867116248441197,0.06020944121726514,1177.007672088833,1357.6359957406285,0.13304620989609045,722.6408627807231,104.92653468295357,1340.3551908784927,0.10505538757688432,542.0125391289276,0.036741813522152,63.0,63.0,False
42,40.0,10.0,0.2,T-learner,111,0.037,True,0.30621564370457843,33.98993645120821,0.6352956263211839,1359.5974580483285,1110.0,249.59745804832846,2.248625748183139,0.08319915268277615,1108.0385376923,1357.6359957406285,0.18384711279857166,55.21819096474468,-816.2367432015358,926.6731251310249,0.14820934483834158,-194.37926708358378,0.005619963332314626,97.0,111.0,False
42,40.0,10.0,0.2,DR-learner,548,0.18266666666666667,True,0.2774826609216874,152.0604981850847,0.674652480232476,6082.419927403388,5480.0,602.4199274033881,1.0993064368674965,0.20080664246779603,755.2160683372404,1357.6359957406285,0.4437271325254979,-250.6676268265179,-2076.174768922882,1574.8395152698463,0.31046610320321055,-853.087554229906,0.0013512471833578843,584.0,548.0,False
42,40.0,10.0,0.2,Oracle,600,0.2,True,0.30656816648919283,183.9408998935157,0.6852792808019531,7357.6359957406285,6000.0,1357.6359957406285,2.262726659567714,0.4525453319135428,0.0,1357.6359957406285,1.0,,,,,,,,,
42,40.0,10.0,0.3,Treat nobody,0,0.0,True,0.0,0.0,0.6239656475041145,0.0,0.0,0.0,0.0,0.0,1359.0399815827186,1359.0399815827186,0.0,0.0,0.0,0.0,0.0,0.0,,,,
42,40.0,10.0,0.3,Random,900,0.3,True,0.15185442176784156,136.6689795910574,0.6695219740344669,5466.759183642296,9000.0,-3533.240816357704,-3.9258231292863375,-1.1777469387859012,4892.280797940422,1359.0399815827186,-2.5998063811507164,-4493.593196584678,-6696.117212163349,-2291.0691810060052,0.37458579731598834,-960.3523802269738,,,,
42,40.0,10.0,0.3,S-learner,63,0.021,True,0.32167790621102993,20.265708091294886,0.630720883534546,810.6283236517954,630.0,180.62832365179543,2.867116248441197,0.06020944121726514,1178.4116579309232,1359.0399815827186,0.13290876361226567,722.6408627807231,104.92653468295357,1340.3551908784927,0.10505538757688432,542.0125391289276,0.036741813522152,63.0,63.0,False
42,40.0,10.0,0.3,T-learner,111,0.037,True,0.30621564370457843,33.98993645120821,0.6352956263211839,1359.5974580483285,1110.0,249.59745804832846,2.248625748183139,0.08319915268277615,1109.4425235343901,1359.0399815827186,0.18365718553596252,55.21819096474468,-816.2367432015358,926.6731251310249,0.14820934483834158,-194.37926708358378,0.005619963332314626,97.0,111.0,False
42,40.0,10.0,0.3,DR-learner,548,0.18266666666666667,True,0.2774826609216874,152.0604981850847,0.674652480232476,6082.419927403388,5480.0,602.4199274033881,1.0993064368674965,0.20080664246779603,756.6200541793305,1359.0399815827186,0.4432687305503834,-250.6676268265179,-2076.174768922882,1574.8395152698463,0.31046610320321055,-853.087554229906,0.0013512471833578843,584.0,548.0,False
42,40.0,10.0,0.3,Oracle,626,0.20866666666666667,True,0.30427475964787215,190.47599953956797,0.6874576473506371,7619.039981582719,6260.0,1359.0399815827186,2.170990385914886,0.45301332719423953,0.0,1359.0399815827186,1.0,,,,,,,,,
42,40.0,20.0,0.1,Treat nobody,0,0.0,True,0.0,0.0,0.6239656475041145,0.0,0.0,0.0,0.0,0.0,0.0,0.0,,0.0,0.0,0.0,0.0,0.0,,,,
42,40.0,20.0,0.1,Random,300,0.1,True,0.15885749844278968,47.6572495328369,0.6398513973483934,1906.289981313476,6000.0,-4093.710018686524,-13.645700062288414,-1.3645700062288413,4093.710018686524,0.0,,-3294.803346915878,-4423.179984646782,-2166.426709184974,0.19190431501656754,798.906671770646,,,,
42,40.0,20.0,0.1,S-learner,0,0.0,True,0.0,0.0,0.6239656475041145,0.0,0.0,0.0,0.0,0.0,0.0,0.0,,0.0,0.0,0.0,0.0,0.0,,0.0,0.0,False
42,40.0,20.0,0.1,T-learner,0,0.0,True,0.0,0.0,0.6239656475041145,0.0,0.0,0.0,0.0,0.0,0.0,0.0,,0.0,0.0,0.0,0.0,0.0,,0.0,0.0,False
42,40.0,20.0,0.1,DR-learner,1,0.0003333333333333333,True,0.2944539347259271,0.2944539347259271,0.6240637988156897,11.778157389037085,20.0,-8.221842610962915,-8.221842610962915,-0.002740614203654305,8.221842610962915,0.0,,22.457030623052802,-21.557940597843768,66.47200184394937,0.007485676874350934,30.678873234015718,1.0563364589009012,1.0,1.0,False
42,40.0,20.0,0.1,Oracle,0,0.0,True,0.0,0.0,0.6239656475041145,0.0,0.0,0.0,0.0,0.0,0.0,0.0,,,,,,,,,,
42,40.0,20.0,0.2,Treat nobody,0,0.0,True,0.0,0.0,0.6239656475041145,0.0,0.0,0.0,0.0,0.0,0.0,0.0,,0.0,0.0,0.0,0.0,0.0,,,,
42,40.0,20.0,0.2,Random,600,0.2,True,0.1551316557314811,93.07899343888866,0.6549919786504107,3723.1597375555466,12000.0,-8276.840262444453,-13.794733770740756,-2.758946754148151,8276.840262444453,0.0,,-9632.377161197686,-11692.845511947191,-7571.908810448181,0.3504262267065818,-1355.536898753233,,,,
42,40.0,20.0,0.2,S-learner,0,0.0,True,0.0,0.0,0.6239656475041145,0.0,0.0,0.0,0.0,0.0,0.0,0.0,,0.0,0.0,0.0,0.0,0.0,,0.0,0.0,False
42,40.0,20.0,0.2,T-learner,0,0.0,True,0.0,0.0,0.6239656475041145,0.0,0.0,0.0,0.0,0.0,0.0,0.0,,0.0,0.0,0.0,0.0,0.0,,0.0,0.0,False
42,40.0,20.0,0.2,DR-learner,1,0.0003333333333333333,True,0.2944539347259271,0.2944539347259271,0.6240637988156897,11.778157389037085,20.0,-8.221842610962915,-8.221842610962915,-0.002740614203654305,8.221842610962915,0.0,,22.457030623052802,-21.557940597843768,66.47200184394937,0.007485676874350934,30.678873234015718,1.0563364589009012,1.0,1.0,False
42,40.0,20.0,0.2,Oracle,0,0.0,True,0.0,0.0,0.6239656475041145,0.0,0.0,0.0,0.0,0.0,0.0,0.0,,,,,,,,,,
42,40.0,20.0,0.3,Treat nobody,0,0.0,True,0.0,0.0,0.6239656475041145,0.0,0.0,0.0,0.0,0.0,0.0,0.0,,0.0,0.0,0.0,0.0,0.0,,,,
42,40.0,20.0,0.3,Random,900,0.3,True,0.15185442176784156,136.6689795910574,0.6695219740344669,5466.759183642296,18000.0,-12533.240816357704,-13.925823129286337,-4.177746938785901,12533.240816357704,0.0,,-13493.59319658468,-15803.344821799901,-11183.841571369458,0.3928221204461323,-960.3523802269756,,,,
42,40.0,20.0,0.3,S-learner,0,0.0,True,0.0,0.0,0.6239656475041145,0.0,0.0,0.0,0.0,0.0,0.0,0.0,,0.0,0.0,0.0,0.0,0.0,,0.0,0.0,False
42,40.0,20.0,0.3,T-learner,0,0.0,True,0.0,0.0,0.6239656475041145,0.0,0.0,0.0,0.0,0.0,0.0,0.0,,0.0,0.0,0.0,0.0,0.0,,0.0,0.0,False
42,40.0,20.0,0.3,DR-learner,1,0.0003333333333333333,True,0.2944539347259271,0.2944539347259271,0.6240637988156897,11.778157389037085,20.0,-8.221842610962915,-8.221842610962915,-0.002740614203654305,8.221842610962915,0.0,,22.457030623052802,-21.557940597843768,66.47200184394937,0.007485676874350934,30.678873234015718,1.0563364589009012,1.0,1.0,False
42,40.0,20.0,0.3,Oracle,0,0.0,True,0.0,0.0,0.6239656475041145,0.0,0.0,0.0,0.0,0.0,0.0,0.0,,,,,,,,,,
42,80.0,5.0,0.1,Treat nobody,0,0.0,True,0.0,0.0,0.6239656475041145,0.0,0.0,0.0,0.0,0.0,6547.6751995558225,6547.6751995558225,0.0,0.0,0.0,0.0,0.0,0.0,,,,
42,80.0,5.0,0.1,Random,300,0.1,True,0.15885749844278968,47.6572495328369,0.6398513973483934,3812.579962626952,1500.0,2312.579962626952,7.708599875423173,0.7708599875423172,4235.095236928871,6547.6751995558225,0.35319100171368173,3910.3933061682446,1726.67480908978,6094.111803246709,0.3713875211149046,1597.8133435412929,,,,
42,80.0,5.0,0.1,S-learner,283,0.09433333333333334,True,0.30161588606696155,85.35729575695012,0.6524180794230979,6828.58366055601,1415.0,5413.58366055601,19.129270885356924,1.8045278868520034,1134.0915389998127,6547.6751995558225,0.8267947776217204,4972.344721336168,2301.9229142009913,7642.766528471344,0.4541617138884734,-441.238939219842,9.045370168196087,300.0,283.0,False
42,80.0,5.0,0.1,T-learner,300,0.1,True,0.2797381953779698,83.92145861339093,0.6519394670419115,6713.716689071274,1500.0,5213.716689071274,17.37905563023758,1.737905563023758,1333.9585104845482,6547.6751995558225,0.7962699019378603,4287.943754783117,1550.5511001701195,7025.336409396114,0.4655515230900843,-925.7729342881576,11.118666194908066,300.0,304.0,True
42,80.0,5.0,0.1,DR-learner,288,0.096,True,0.3009962977650135,86.6869337563239,0.6528612920895558,6934.954700505912,1440.0,5494.954700505912,19.079703821201083,1.831651566835304,1052.7204990499104,6547.6751995558225,0.8392222480551075,3772.074596532417,1134.9460422668612,6409.203150797974,0.4484994920088482,-1722.880103973495,19.49472507253923,300.0,288.0,False
42,80.0,5.0,0.1,Oracle,300,0.1,True,0.3353197999814926,100.59593999444778,0.6574976275022638,8047.6751995558225,1500.0,6547.6751995558225,21.82558399851941,2.1825583998519407,0.0,6547.6751995558225,1.0,,,,,,,,,
42,80.0,5.0,0.2,Treat nobody,0,0.0,True,0.0,0.0,0.6239656475041145,0.0,0.0,0.0,0.0,0.0,11715.271991481257,11715.271991481257,0.0,0.0,0.0,0.0,0.0,0.0,,,,
42,80.0,5.0,0.2,Random,600,0.2,True,0.1551316557314811,93.07899343888866,0.6549919786504107,7446.319475111093,3000.0,4446.319475111093,7.410532458518489,1.4821064917036977,7268.952516370164,11715.271991481257,0.3795319031725621,1735.245677604626,-2150.1116798285652,5620.603035037818,0.6607872029078758,-2711.073797506467,,,,
42,80.0,5.0,0.2,S-learner,563,0.18766666666666668,True,0.2725706370938003,153.45726868380956,0.6751180703987176,12276.581494704766,2815.0,9461.581494704766,16.805650967504025,3.153860498234922,2253.6904967764913,11715.271991481257,0.8076279835060374,7367.402612051236,3705.4214912111875,11029.383732891285,0.622797348952207,-2094.1788826535294,6.12878715302843,600.0,563.0,False
42,80.0,5.0,0.2,T-learner,568,0.18933333333333333,True,0.25677654554830714,145.84907787143845,0.6725820067945939,11667.926229715076,2840.0,8827.926229715076,15.54212364386457,2.9426420765716923,2887.3457617661807,11715.271991481257,0.7535400147887552,7254.139027105416,3526.2001958551186,10982.077858355715,0.6340148527652897,-1573.7872026096602,8.291087878753167,600.0,568.0,False
42,80.0,5.0,0.2,DR-learner,579,0.193,True,0.27600237958513546,159.80537777979345,0.6772341067640456,12784.430222383475,2895.0,9889.430222383475,17.080190366810836,3.2964767407944917,1825.8417690977822,11715.271991481257,0.8441485805514852,7893.545263416434,4133.5135683309945,11653.576958501873,0.6394729230986029,-1995.8849589670408,14.685156347351988,600.0,579.0,False
42,80.0,5.0,0.2,Oracle,600,0.2,True,0.30656816648919283,183.9408998935157,0.6852792808019531,14715.271991481257,3000.0,11715.271991481257,19.52545331913543,3.9050906638270857,0.0,11715.271991481257,1.0,,,,,,,,,
42,80.0,5.0,0.3,Treat nobody,0,0.0,True,0.0,0.0,0.6239656475041145,0.0,0.0,0.0,0.0,0.0,15804.652745444335,15804.652745444335,0.0,0.0,0.0,0.0,0.0,0.0,,,,
42,80.0,5.0,0.3,Random,900,0.3,True,0.15185442176784156,136.6689795910574,0.6695219740344669,10933.518367284592,4500.0,6433.518367284592,7.148353741427325,2.1445061224281976,9371.134378159742,15804.652745444335,0.40706483533078847,4512.813606830644,128.30534126051774,8897.321872400771,0.7456783730304178,-1920.7047604539484,,,,
42,80.0,5.0,0.3,S-learner,857,0.2856666666666667,True,0.2533812344174913,217.14771789579004,0.6963482201360445,17371.817431663203,4285.0,13086.817431663203,15.270498753399304,4.362272477221068,2717.835313781132,15804.652745444335,0.8280357463364993,8561.136341357462,3875.4173205861034,13246.855362128821,0.7969056332551199,-4525.681090305741,4.423739061984957,900.0,857.0,False
42,80.0,5.0,0.3,T-learner,845,0.2816666666666667,True,0.2421180278978212,204.58973357365892,0.6921622253620008,16367.178685892713,4225.0,12142.178685892713,14.369442231825696,4.0473928952975715,3662.4740595516214,15804.652745444335,0.7682660847700483,8319.963146018072,3751.3495356764365,12888.576756359707,0.77698938116181,-3822.2155398746418,6.159843442073791,900.0,845.0,False
42,80.0,5.0,0.3,DR-learner,862,0.28733333333333333,True,0.2536048247154482,218.60735890471634,0.69683476713902,17488.588712377306,4310.0,13178.588712377306,15.288385977235855,4.392862904125769,2626.0640330670285,15804.652745444335,0.8338423453293533,10488.018377764918,5990.818819250566,14985.217936279269,0.7648439110765451,-2690.5703346123883,11.614076395603682,900.0,862.0,False
42,80.0,5.0,0.3,Oracle,900,0.3,True,0.28200906590894903,253.80815931805418,0.7085683672767991,20304.652745444335,4500.0,15804.652745444335,17.560725272715928,5.2682175818147785,0.0,15804.652745444335,1.0,,,,,,,,,
42,80.0,10.0,0.1,Treat nobody,0,0.0,True,0.0,0.0,0.6239656475041145,0.0,0.0,0.0,0.0,0.0,5047.6751995558225,5047.6751995558225,0.0,0.0,0.0,0.0,0.0,0.0,,,,
42,80.0,10.0,0.1,Random,300,0.1,True,0.15885749844278968,47.6572495328369,0.6398513973483934,3812.579962626952,3000.0,812.5799626269518,2.7085998754231726,0.27085998754231727,4235.095236928871,5047.6751995558225,0.1609810319607046,2410.3933061682446,251.84625917338076,4568.940353163109,0.3671065835939178,1597.8133435412929,,,,
42,80.0,10.0,0.1,S-learner,283,0.09433333333333334,True,0.30161588606696155,85.35729575695012,0.6524180794230979,6828.58366055601,2830.0,3998.58366055601,14.129270885356926,1.3328612201853367,1049.0915389998127,5047.6751995558225,0.7921634222637525,3557.3447213361687,914.8599548218949,6199.829487850442,0.449410429197995,-441.2389392198411,4.0453701681960865,300.0,283.0,False
42,80.0,10.0,0.1,T-learner,300,0.1,True,0.2797381953779698,83.92145861339093,0.6519394670419115,6713.716689071274,3000.0,3713.7166890712742,12.37905563023758,1.237905563023758,1333.9585104845482,5047.6751995558225,0.7357281406295849,2787.9437547831167,72.99256329869519,5502.894946267538,0.46173487759632503,-925.7729342881576,6.118666194908066,300.0,304.0,True
42,80.0,10.0,0.1,DR-learner,288,0.096,True,0.3009962977650135,86.6869337563239,0.6528612920895558,6934.954700505912,2880.0,4054.954700505912,14.079703821201084,1.351651566835304,992.7204990499104,5047.6751995558225,0.803331145566326,2332.0745965324177,-284.8745668413112,4949.023759906147,0.4450675597469972,-1722.8801039734944,14.494725072539229,300.0,288.0,False
42,80.0,10.0,0.1,Oracle,300,0.1,True,0.3353197999814926,100.59593999444778,0.6574976275022638,8047.6751995558225,3000.0,5047.6751995558225,16.82558399851941,1.682558399851941,0.0,5047.6751995558225,1.0,,,,,,,,,
42,80.0,10.0,0.2,Treat nobody,0,0.0,True,0.0,0.0,0.6239656475041145,0.0,0.0,0.0,0.0,0.0,8715.271991481257,8715.271991481257,0.0,0.0,0.0,0.0,0.0,0.0,,,,
42,80.0,10.0,0.2,Random,600,0.2,True,0.1551316557314811,93.07899343888866,0.6549919786504107,7446.319475111093,6000.0,1446.3194751110932,2.410532458518489,0.48210649170369774,7268.952516370164,8715.271991481257,0.16595230493377583,-1264.7543223953735,-5149.180907061338,2619.672262270591,0.6606289053108164,-2711.0737975064667,,,,
42,80.0,10.0,0.2,S-learner,563,0.18766666666666668,True,0.2725706370938003,153.45726868380956,0.6751180703987176,12276.581494704766,5630.0,6646.581494704766,11.805650967504024,2.2155271649015886,2068.6904967764913,8715.271991481257,0.7626361519412667,4552.402612051237,915.9122340857168,8188.892990016758,0.6184621089383433,-2094.1788826535285,1.12878715302843,600.0,563.0,False
42,80.0,10.0,0.2,T-learner,568,0.18933333333333333,True,0.25677654554830714,145.84907787143845,0.6725820067945939,11667.926229715076,5680.0,5987.926229715076,10.54212364386457,1.9959754099050253,2727.3457617661807,8715.271991481257,0.68706131438789,4414.139027105417,710.656350162362,8117.621704048472,0.6298555664212293,-1573.7872026096593,3.291087878753167,600.0,568.0,False
42,80.0,10.0,0.2,DR-learner,579,0.193,True,0.27600237958513546,159.80537777979345,0.6772341067640456,12784.430222383475,5790.0,6994.430222383475,12.080190366810838,2.3314767407944914,1720.8417690977822,8715.271991481257,0.8025487017754789,4998.545263416432,1265.1901208181753,8731.900406014687,0.6349360110774972,-1995.8849589670426,9.685156347351988,600.0,579.0,False
42,80.0,10.0,0.2,Oracle,600,0.2,True,0.30656816648919283,183.9408998935157,0.6852792808019531,14715.271991481257,6000.0,8715.271991481257,14.525453319135428,2.9050906638270857,0.0,8715.271991481257,1.0,,,,,,,,,
42,80.0,10.0,0.3,Treat nobody,0,0.0,True,0.0,0.0,0.6239656475041145,0.0,0.0,0.0,0.0,0.0,11304.652745444335,11304.652745444335,0.0,0.0,0.0,0.0,0.0,0.0,,,,
42,80.0,10.0,0.3,Random,900,0.3,True,0.15185442176784156,136.6689795910574,0.6695219740344669,10933.518367284592,9000.0,1933.5183672845924,2.148353741427325,0.6445061224281975,9371.134378159742,11304.652745444335,0.17103739591326955,12.813606830644401,-4364.7479180997025,4390.37513176099,0.7444969328450242,-1920.704760453948,,,,
42,80.0,10.0,0.3,S-learner,741,0.247,True,0.25929608110185115,192.1383960964717,0.6880117795362718,15371.071687717736,7410.0,7961.0716877177365,10.743686488148093,2.653690562572579,3343.5810577265984,11304.652745444335,0.7042296536641491,3636.5088536737408,-783.8042465611763,8056.821953908658,0.751767742520064,-4324.562834043996,0.000676979739772321,794.0,741.0,False
42,80.0,10.0,0.3,T-learner,845,0.2816666666666667,True,0.2421180278978212,204.58973357365892,0.6921622253620008,16367.178685892713,8450.0,7917.1786858927135,9.369442231825696,2.639059561964238,3387.4740595516214,11304.652745444335,0.7003469159265648,4094.96314601807,-454.8589924488844,8644.785284485024,0.7737934938865156,-3822.2155398746436,1.1598434420737913,900.0,845.0,False
42,80.0,10.0,0.3,DR-learner,862,0.28733333333333333,True,0.2536048247154482,218.60735890471634,0.69683476713902,17488.588712377306,8620.0,8868.588712377306,10.288385977235855,2.956196237459102,2436.0640330670285,11304.652745444335,0.7845078404510268,6178.01837776492,1706.2629672618473,10649.773788267992,0.760516595504766,-2690.5703346123864,6.614076395603682,900.0,862.0,False
42,80.0,10.0,0.3,Oracle,900,0.3,True,0.28200906590894903,253.80815931805418,0.7085683672767991,20304.652745444335,9000.0,11304.652745444335,12.560725272715928,3.7682175818147785,0.0,11304.652745444335,1.0,,,,,,,,,
42,80.0,20.0,0.1,Treat nobody,0,0.0,True,0.0,0.0,0.6239656475041145,0.0,0.0,0.0,0.0,0.0,2047.6751995558225,2047.6751995558225,0.0,0.0,0.0,0.0,0.0,0.0,,,,
42,80.0,20.0,0.1,Random,300,0.1,True,0.15885749844278968,47.6572495328369,0.6398513973483934,3812.579962626952,6000.0,-2187.420037373048,-7.291400124576827,-0.7291400124576828,4235.095236928871,2047.6751995558225,-1.0682456074320472,-589.6066938317556,-2733.517623075321,1554.3042354118097,0.3646174021826356,1597.8133435412926,,,,
42,80.0,20.0,0.1,S-learner,63,0.021,True,0.32167790621102993,20.265708091294886,0.630720883534546,1621.2566473035909,1260.0,361.25664730359085,5.734232496882394,0.12041888243453028,1686.4185522522316,2047.6751995558225,0.17642282691217528,1445.2817255614461,209.85306936590715,2680.7103817569855,0.21011077515376864,1084.0250782578553,0.073483627044304,63.0,63.0,False
42,80.0,20.0,0.1,T-learner,111,0.037,True,0.30621564370457843,33.98993645120821,0.6352956263211839,2719.194916096657,2220.0,499.1949160966569,4.497251496366278,0.1663983053655523,1548.4802834591655,2047.6751995558225,0.2437861806427803,110.43638192948936,-1632.4734864030715,1853.3462502620498,0.29641868967668317,-388.75853416716757,0.011239926664629252,97.0,111.0,False
42,80.0,20.0,0.1,DR-learner,288,0.096,True,0.3009962977650135,86.6869337563239,0.6528612920895558,6934.954700505912,5760.0,1174.9547005059121,4.079703821201083,0.39165156683530405,872.7204990499104,2047.6751995558225,0.5737993509716682,-547.925403467582,-3153.005919283448,2057.1551123482836,0.44304904518049126,-1722.880103973494,4.494725072539229,300.0,288.0,False
42,80.0,20.0,0.1,Oracle,300,0.1,True,0.3353197999814926,100.59593999444778,0.6574976275022638,8047.6751995558225,6000.0,2047.6751995558225,6.8255839985194084,0.6825583998519408,0.0,2047.6751995558225,1.0,,,,,,,,,
42,80.0,20.0,0.2,Treat nobody,0,0.0,True,0.0,0.0,0.6239656475041145,0.0,0.0,0.0,0.0,0.0,2715.271991481257,2715.271991481257,0.0,0.0,0.0,0.0,0.0,0.0,,,,
42,80.0,20.0,0.2,Random,600,0.2,True,0.1551316557314811,93.07899343888866,0.6549919786504107,7446.319475111093,12000.0,-4553.680524888907,-7.589467541481511,-1.5178935082963023,7268.952516370164,2715.271991481257,-1.6770623860796894,-7264.7543223953735,-11182.787418976128,-3346.721225814619,0.6663444035172247,-2711.0737975064667,,,,
42,80.0,20.0,0.2,S-learner,63,0.021,True,0.32167790621102993,20.265708091294886,0.630720883534546,1621.2566473035909,1260.0,361.25664730359085,5.734232496882394,0.12041888243453028,2354.015344177666,2715.271991481257,0.13304620989609045,1445.2817255614461,209.85306936590715,2680.7103817569855,0.21011077515376864,1084.0250782578553,0.073483627044304,63.0,63.0,False
42,80.0,20.0,0.2,T-learner,111,0.037,True,0.30621564370457843,33.98993645120821,0.6352956263211839,2719.194916096657,2220.0,499.1949160966569,4.497251496366278,0.1663983053655523,2216.0770753846,2715.271991481257,0.18384711279857166,110.43638192948936,-1632.4734864030715,1853.3462502620498,0.29641868967668317,-388.75853416716757,0.011239926664629252,97.0,111.0,False
42,80.0,20.0,0.2,DR-learner,548,0.18266666666666667,True,0.2774826609216874,152.0604981850847,0.674652480232476,12164.839854806776,10960.0,1204.8398548067762,2.198612873734993,0.40161328493559206,1510.4321366744807,2715.271991481257,0.4437271325254979,-501.3352536530358,-4152.349537845764,3149.6790305396926,0.6209322064064211,-1706.175108459812,0.0027024943667157686,584.0,548.0,False
42,80.0,20.0,0.2,Oracle,600,0.2,True,0.30656816648919283,183.9408998935157,0.6852792808019531,14715.271991481257,12000.0,2715.271991481257,4.525453319135428,0.9050906638270856,0.0,2715.271991481257,1.0,,,,,,,,,
42,80.0,20.0,0.3,Treat nobody,0,0.0,True,0.0,0.0,0.6239656475041145,0.0,0.0,0.0,0.0,0.0,2718.079963165437,2718.079963165437,0.0,0.0,0.0,0.0,0.0,0.0,,,,
42,80.0,20.0,0.3,Random,900,0.3,True,0.15185442176784156,136.6689795910574,0.6695219740344669,10933.518367284592,18000.0,-7066.481632715408,-7.851646258572675,-2.3554938775718024,9784.561595880845,2718.079963165437,-2.5998063811507164,-8987.186393169355,-13392.234424326698,-4582.1383620120105,0.7491715946319767,-1920.7047604539475,,,,
42,80.0,20.0,0.3,S-learner,63,0.021,True,0.32167790621102993,20.265708091294886,0.630720883534546,1621.2566473035909,1260.0,361.25664730359085,5.734232496882394,0.12041888243453028,2356.8233158618464,2718.079963165437,0.13290876361226567,1445.2817255614461,209.85306936590715,2680.7103817569855,0.21011077515376864,1084.0250782578553,0.073483627044304,63.0,63.0,False
42,80.0,20.0,0.3,T-learner,111,0.037,True,0.30621564370457843,33.98993645120821,0.6352956263211839,2719.194916096657,2220.0,499.1949160966569,4.497251496366278,0.1663983053655523,2218.8850470687803,2718.079963165437,0.18365718553596252,110.43638192948936,-1632.4734864030715,1853.3462502620498,0.29641868967668317,-388.75853416716757,0.011239926664629252,97.0,111.0,False
42,80.0,20.0,0.3,DR-learner,548,0.18266666666666667,True,0.2774826609216874,152.0604981850847,0.674652480232476,12164.839854806776,10960.0,1204.8398548067762,2.198612873734993,0.40161328493559206,1513.240108358661,2718.079963165437,0.4432687305503834,-501.3352536530358,-4152.349537845764,3149.6790305396926,0.6209322064064211,-1706.175108459812,0.0027024943667157686,584.0,548.0,False
42,80.0,20.0,0.3,Oracle,626,0.20866666666666667,True,0.30427475964787215,190.47599953956797,0.6874576473506371,15238.079963165437,12520.0,2718.079963165437,4.341980771829772,0.9060266543884791,0.0,2718.079963165437,1.0,,,,,,,,,
42,120.0,5.0,0.1,Treat nobody,0,0.0,True,0.0,0.0,0.6239656475041145,0.0,0.0,0.0,0.0,0.0,10571.512799333734,10571.512799333734,0.0,0.0,0.0,0.0,0.0,0.0,,,,
42,120.0,5.0,0.1,Random,300,0.1,True,0.15885749844278968,47.6572495328369,0.6398513973483934,5718.869943940428,1500.0,4218.869943940428,14.062899813134761,1.406289981313476,6352.642855393306,10571.512799333734,0.3990791123297246,6615.5899592523665,3323.580861287373,9907.59905721736,0.5598757807000438,2396.7200153119384,,,,
42,120.0,5.0,0.1,S-learner,283,0.09433333333333334,True,0.30161588606696155,85.35729575695012,0.6524180794230979,10242.875490834014,1415.0,8827.875490834014,31.193906328035386,2.9426251636113383,1743.6373084997194,10571.512799333734,0.8350626498215458,8166.017082004254,4143.451198737622,12188.582965270887,0.684122415002881,-661.8584088297603,16.06805525229413,300.0,283.0,False
42,120.0,5.0,0.1,T-learner,300,0.1,True,0.2797381953779698,83.92145861339093,0.6519394670419115,10070.57503360691,1500.0,8570.57503360691,28.568583445356367,2.856858344535637,2000.9377657268233,10571.512799333734,0.810723611302544,7181.915632174674,3061.5183029496584,11302.312961399692,0.7007607217490025,-1388.6594014322363,19.1779992923621,300.0,304.0,True
42,120.0,5.0,0.1,DR-learner,288,0.096,True,0.3009962977650135,86.6869337563239,0.6528612920895558,10402.432050758867,1440.0,8962.432050758867,31.119555731801622,2.9874773502529557,1609.0807485748664,10571.512799333734,0.8477908716455153,6378.111894798626,2409.2284917762286,10346.995297821024,0.6749925737289808,-2584.320155960241,31.742087608808845,300.0,288.0,False
42,120.0,5.0,0.1,Oracle,300,0.1,True,0.3353197999814926,100.59593999444778,0.6574976275022638,12071.512799333734,1500.0,10571.512799333734,35.238375997779116,3.5238375997779112,0.0,10571.512799333734,1.0,,,,,,,,,
42,120.0,5.0,0.2,Treat nobody,0,0.0,True,0.0,0.0,0.6239656475041145,0.0,0.0,0.0,0.0,0.0,19072.907987221886,19072.907987221886,0.0,0.0,0.0,0.0,0.0,0.0,,,,
42,120.0,5.0,0.2,Random,600,0.2,True,0.1551316557314811,93.07899343888866,0.6549919786504107,11169.47921266664,3000.0,8169.47921266664,13.615798687777733,2.7231597375555467,10903.428774555246,19072.907987221886,0.42832897941624193,4102.868516406939,-1729.5872993659682,9935.324332179845,0.9919324813752661,-4066.6106962597005,,,,
42,120.0,5.0,0.2,S-learner,563,0.18766666666666668,True,0.2725706370938003,153.45726868380956,0.6751180703987176,18414.872242057147,2815.0,15599.872242057147,27.708476451256033,5.199957414019049,3473.0357451647396,19072.907987221886,0.8179073821626183,12458.603918076857,6948.957214032296,17968.250622121417,0.937031963768034,-3141.26832398029,11.693180729542647,600.0,563.0,False
42,120.0,5.0,0.2,T-learner,568,0.18933333333333333,True,0.25677654554830714,145.84907787143845,0.6725820067945939,17501.889344572613,2840.0,14661.889344572613,25.813185465796856,4.887296448190871,4411.018642649273,19072.907987221886,0.7687285732409297,12301.208540658128,6693.180241409412,17909.236839906844,0.9537638350303255,-2360.6808039144853,14.93663181812975,600.0,568.0,False
42,120.0,5.0,0.2,DR-learner,579,0.193,True,0.27600237958513546,159.80537777979345,0.6772341067640456,19176.645333575212,2895.0,16281.645333575212,28.120285550216256,5.427215111191737,2791.262653646674,19072.907987221886,0.8536530110921359,13287.81789512465,7630.526328456892,18945.109461792406,0.9621420956867497,-2993.827438450562,24.527734521027984,600.0,579.0,False
42,120.0,5.0,0.2,Oracle,600,0.2,True,0.30656816648919283,183.9408998935157,0.6852792808019531,22072.907987221886,3000.0,19072.907987221886,31.788179978703145,6.357635995740629,0.0,19072.907987221886,1.0,,,,,,,,,
42,120.0,5.0,0.3,Treat nobody,0,0.0,True,0.0,0.0,0.6239656475041145,0.0,0.0,0.0,0.0,0.0,25956.979118166502,25956.979118166502,0.0,0.0,0.0,0.0,0.0,0.0,,,,
42,120.0,5.0,0.3,Random,900,0.3,True,0.15185442176784156,136.6689795910574,0.6695219740344669,16400.277550926887,4500.0,11900.277550926887,13.222530612140986,3.9667591836422957,14056.701567239616,25956.979118166502,0.45846157585411174,9019.22041024597,2434.3910529311606,15604.049767560777,1.1198895165515121,-2881.0571406809177,,,,
42,120.0,5.0,0.3,S-learner,857,0.2856666666666667,True,0.2533812344174913,217.14771789579004,0.6963482201360445,26057.726147494803,4285.0,21772.726147494803,25.405748130098953,7.257575382498268,4184.2529706717,25956.979118166502,0.8388004647373134,14984.204512036196,7942.054892323608,22026.354131748783,1.1976665005513991,-6788.521635458606,9.135608592977436,900.0,857.0,False
42,120.0,5.0,0.3,T-learner,845,0.2816666666666667,True,0.2421180278978212,204.58973357365892,0.6921622253620008,24550.76802883907,4225.0,20325.76802883907,24.054163347738545,6.775256009613023,5631.211089327433,25956.979118166502,0.783055991851289,14592.444719027106,7725.9068273436105,21458.982610710602,1.1678000116066538,-5733.323309811964,11.739765163110686,900.0,845.0,False
42,120.0,5.0,0.3,DR-learner,862,0.28733333333333333,True,0.2536048247154482,218.60735890471634,0.69683476713902,26232.88306856596,4310.0,21922.88306856596,25.432578965853782,7.307627689521986,4034.0960496005428,25956.979118166502,0.844585302810634,17887.027566647375,11124.18933573242,24649.865797562332,1.150163690805777,-4035.855501918584,19.92111459340552,900.0,862.0,False
42,120.0,5.0,0.3,Oracle,900,0.3,True,0.28200906590894903,253.80815931805418,0.7085683672767991,30456.979118166502,4500.0,25956.979118166502,28.84108790907389,8.652326372722168,0.0,25956.979118166502,1.0,,,,,,,,,
42,120.0,10.0,0.1,Treat nobody,0,0.0,True,0.0,0.0,0.6239656475041145,0.0,0.0,0.0,0.0,0.0,9071.512799333734,9071.512799333734,0.0,0.0,0.0,0.0,0.0,0.0,,,,
42,120.0,10.0,0.1,Random,300,0.1,True,0.15885749844278968,47.6572495328369,0.6398513973483934,5718.869943940428,3000.0,2718.869943940428,9.062899813134761,0.906289981313476,6352.642855393306,9071.512799333734,0.29971516373102824,5115.589959252367,1854.5372947451558,8376.642623759579,0.5546109843905263,2396.7200153119393,,,,
42,120.0,10.0,0.1,S-learner,283,0.09433333333333334,True,0.30161588606696155,85.35729575695012,0.6524180794230979,10242.875490834014,2830.0,7412.875490834014,26.193906328035386,2.4709584969446716,1658.6373084997194,9071.512799333734,0.8171597896415315,6751.017082004254,2760.846422191384,10741.187741817123,0.6786129220208174,-661.8584088297603,11.06805525229413,300.0,283.0,False
42,120.0,10.0,0.1,T-learner,300,0.1,True,0.2797381953779698,83.92145861339093,0.6519394670419115,10070.57503360691,3000.0,7070.57503360691,23.568583445356367,2.356858344535637,2000.9377657268233,9071.512799333734,0.7794262313256303,5681.915632174674,1588.6005269331101,9775.230737416237,0.6961548167090674,-1388.6594014322363,14.177999292362099,300.0,304.0,True
42,120.0,10.0,0.1,DR-learner,288,0.096,True,0.3009962977650135,86.6869337563239,0.6528612920895558,10402.432050758867,2880.0,7522.432050758867,26.119555731801622,2.5074773502529557,1549.0807485748664,9071.512799333734,0.8292367786011788,4938.111894798627,994.0680438563192,8882.155745740936,0.6707680824839,-2584.3201559602403,26.742087608808845,300.0,288.0,False
42,120.0,10.0,0.1,Oracle,300,0.1,True,0.3353197999814926,100.59593999444778,0.6574976275022638,12071.512799333734,3000.0,9071.512799333734,30.238375997779112,3.0238375997779112,0.0,9071.512799333734,1.0,,,,,,,,,
42,120.0,10.0,0.2,Treat nobody,0,0.0,True,0.0,0.0,0.6239656475041145,0.0,0.0,0.0,0.0,0.0,16072.907987221886,16072.907987221886,0.0,0.0,0.0,0.0,0.0,0.0,,,,
42,120.0,10.0,0.2,Random,600,0.2,True,0.1551316557314811,93.07899343888866,0.6549919786504107,11169.47921266664,6000.0,5169.47921266664,8.615798687777733,1.7231597375555465,10903.428774555246,16072.907987221886,0.32162687777323334,1102.868516406939,-4722.72361425081,6928.460647064688,0.9907651665386503,-4066.6106962597005,,,,
42,120.0,10.0,0.2,S-learner,563,0.18766666666666668,True,0.2725706370938003,153.45726868380956,0.6751180703987176,18414.872242057147,5630.0,12784.872242057147,22.708476451256033,4.261624080685715,3288.0357451647396,16072.907987221886,0.7954299403829874,9643.603918076857,4165.352633464156,15121.855202689556,0.9316925086080576,-3141.26832398029,6.693180729542647,600.0,563.0,False
42,120.0,10.0,0.2,T-learner,568,0.18933333333333333,True,0.25677654554830714,145.84907787143845,0.6725820067945939,17501.889344572613,5680.0,11821.889344572613,20.813185465796856,3.9406297815242044,4251.018642649273,16072.907987221886,0.7355165197219524,9461.208540658126,3883.483909327643,15038.933171988609,0.9486100553083058,-2360.680803914487,9.93663181812975,600.0,568.0,False
42,120.0,10.0,0.2,DR-learner,579,0.193,True,0.27600237958513546,159.80537777979345,0.6772341067640456,19176.645333575212,5790.0,13386.645333575212,23.120285550216256,4.462215111191737,2686.262653646674,16072.907987221886,0.8328701529441792,10392.817895124648,4768.07178158468,16017.564008664616,0.9566070529709134,-2993.827438450564,19.527734521027984,600.0,579.0,False
42,120.0,10.0,0.2,Oracle,600,0.2,True,0.30656816648919283,183.9408998935157,0.6852792808019531,22072.907987221886,6000.0,16072.907987221886,26.788179978703145,5.357635995740629,0.0,16072.907987221886,1.0,,,,,,,,,
42,120.0,10.0,0.3,Treat nobody,0,0.0,True,0.0,0.0,0.6239656475041145,0.0,0.0,0.0,0.0,0.0,21456.979118166502,21456.979118166502,0.0,0.0,0.0,0.0,0.0,0.0,,,,
42,120.0,10.0,0.3,Random,900,0.3,True,0.15185442176784156,136.6689795910574,0.6695219740344669,16400.277550926887,9000.0,7400.277550926887,8.222530612140986,2.4667591836422957,14056.701567239616,21456.979118166502,0.34488906896784266,4519.220410245967,-2051.768191120441,11090.209011612375,1.1175356032385508,-2881.0571406809195,,,,
42,120.0,10.0,0.3,S-learner,857,0.2856666666666667,True,0.2533812344174913,217.14771789579004,0.6963482201360445,26057.726147494803,8570.0,17487.726147494803,20.405748130098953,5.829242049164934,3969.2529706716996,21456.979118166502,0.8150134299515098,10699.204512036195,3682.12770954075,17716.28131453164,1.1934023376356664,-6788.521635458608,4.1356085929774355,900.0,857.0,False
42,120.0,10.0,0.3,T-learner,845,0.2816666666666667,True,0.2421180278978212,204.58973357365892,0.6921622253620008,24550.76802883907,8450.0,16100.76802883907,19.054163347738545,5.36692267627969,5356.211089327433,21456.979118166502,0.7503744091919906,10367.444719027106,3526.037684489885,17208.851753564326,1.1635259777732938,-5733.323309811964,6.739765163110686,900.0,845.0,False
42,120.0,10.0,0.3,DR-learner,862,0.28733333333333333,True,0.2536048247154482,218.60735890471634,0.69683476713902,26232.88306856596,8620.0,17612.88306856596,20.432578965853782,5.87096102285532,3844.0960496005428,21456.979118166502,0.8208463536068809,13577.027566647379,6846.117909862206,20307.937223432553,1.1447335614119667,-4035.8555019185806,14.92111459340552,900.0,862.0,False
42,120.0,10.0,0.3,Oracle,900,0.3,True,0.28200906590894903,253.80815931805418,0.7085683672767991,30456.979118166502,9000.0,21456.979118166502,23.84108790907389,7.152326372722167,0.0,21456.979118166502,1.0,,,,,,,,,
42,120.0,20.0,0.1,Treat nobody,0,0.0,True,0.0,0.0,0.6239656475041145,0.0,0.0,0.0,0.0,0.0,6071.512799333734,6071.512799333734,0.0,0.0,0.0,0.0,0.0,0.0,,,,
42,120.0,20.0,0.1,Random,300,0.1,True,0.15885749844278968,47.6572495328369,0.6398513973483934,5718.869943940428,6000.0,-281.13005605957187,-0.9371001868652395,-0.09371001868652395,6352.642855393306,6071.512799333734,-0.04630313158368407,2115.589959252367,-1106.8899241797558,5338.069842684489,0.5480508670653532,2396.720015311939,,,,
42,120.0,20.0,0.1,S-learner,283,0.09433333333333334,True,0.30161588606696155,85.35729575695012,0.6524180794230979,10242.875490834014,5660.0,4582.875490834014,16.193906328035386,1.527625163611338,1488.6373084997194,6071.512799333734,0.7548160799952399,3921.017082004253,-22.33800667736685,7864.372170685872,0.6706509438925583,-661.8584088297612,1.0680552522941298,300.0,283.0,False
42,120.0,20.0,0.1,T-learner,300,0.1,True,0.2797381953779698,83.92145861339093,0.6519394670419115,10070.57503360691,6000.0,4070.5750336069104,13.568583445356369,1.3568583445356368,2000.9377657268233,6071.512799333734,0.6704383517158361,2681.915632174675,-1375.9123964942921,6739.743660843642,0.690119488704316,-1388.6594014322354,4.177999292362099,300.0,304.0,True
42,120.0,20.0,0.1,DR-learner,288,0.096,True,0.3009962977650135,86.6869337563239,0.6528612920895558,10402.432050758867,5760.0,4642.432050758867,16.119555731801622,1.5474773502529557,1429.0807485748664,6071.512799333734,0.7646252596664724,2058.1118947986265,-1854.9999752065955,5971.223764803849,0.6655074448427539,-2584.3201559602408,16.742087608808845,300.0,288.0,False
42,120.0,20.0,0.1,Oracle,300,0.1,True,0.3353197999814926,100.59593999444778,0.6574976275022638,12071.512799333734,6000.0,6071.512799333734,20.238375997779112,2.0238375997779112,0.0,6071.512799333734,1.0,,,,,,,,,
42,120.0,20.0,0.2,Treat nobody,0,0.0,True,0.0,0.0,0.6239656475041145,0.0,0.0,0.0,0.0,0.0,10072.907987221886,10072.907987221886,0.0,0.0,0.0,0.0,0.0,0.0,,,,
42,120.0,20.0,0.2,Random,600,0.2,True,0.1551316557314811,93.07899343888866,0.6549919786504107,11169.47921266664,12000.0,-830.5207873333602,-1.384201312222267,-0.2768402624444534,10903.428774555246,10072.907987221886,-0.0824509454853482,-4897.131483593061,-10732.72627703971,938.4633098535888,0.9924663309253092,-4066.6106962597005,,,,
42,120.0,20.0,0.2,S-learner,338,0.11266666666666666,True,0.29438886533877934,99.5034364845074,0.657133459665617,11940.412378140889,6760.0,5180.412378140889,15.326663840653518,1.7268041260469629,4892.495609080997,10072.907987221886,0.5142916409752344,3656.2317553173225,-598.9055925917917,7911.369103226438,0.7236761119886379,-1524.1806228235664,0.013932787150654491,356.0,338.0,False
42,120.0,20.0,0.2,T-learner,562,0.18733333333333332,True,0.25742087925666085,144.6705341422434,0.6721891588848622,17360.46409706921,11240.0,6120.464097069209,10.890505510799304,2.0401546990230695,3952.4438901526773,10072.907987221886,0.6076164008281819,3664.9632526133882,-1864.2938877516144,9194.220392978392,0.9403671332703184,-2455.5008444558207,0.0006338895218895857,592.0,562.0,False
42,120.0,20.0,0.2,DR-learner,579,0.193,True,0.27600237958513546,159.80537777979345,0.6772341067640456,19176.645333575212,11580.0,7596.645333575212,13.120285550216256,2.5322151111917375,2476.262653646674,10072.907987221886,0.7541660604079806,4602.817895124648,-980.4374756338827,10186.073265883178,0.9495506745359504,-2993.827438450564,9.527734521027984,600.0,579.0,False
42,120.0,20.0,0.2,Oracle,600,0.2,True,0.30656816648919283,183.9408998935157,0.6852792808019531,22072.907987221886,12000.0,10072.907987221886,16.788179978703145,3.3576359957406288,0.0,10072.907987221886,1.0,,,,,,,,,
42,120.0,20.0,0.3,Treat nobody,0,0.0,True,0.0,0.0,0.6239656475041145,0.0,0.0,0.0,0.0,0.0,12456.979118166502,12456.979118166502,0.0,0.0,0.0,0.0,0.0,0.0,,,,
42,120.0,20.0,0.3,Random,900,0.3,True,0.15185442176784156,136.6689795910574,0.6695219740344669,16400.277550926887,18000.0,-1599.7224490731132,-1.7774693878590146,-0.5332408163577044,14056.701567239616,12456.979118166502,-0.12841977448129258,-4480.779589754034,-11051.689509453823,2090.1303299457554,1.1175222217568435,-2881.0571406809204,,,,
42,120.0,20.0,0.3,S-learner,338,0.11266666666666666,True,0.29438886533877934,99.5034364845074,0.657133459665617,11940.412378140889,6760.0,5180.412378140889,15.326663840653518,1.7268041260469629,7276.566740025613,12456.979118166502,0.4158642580195137,3656.2317553173225,-598.9055925917917,7911.369103226438,0.7236761119886379,-1524.1806228235664,0.013932787150654491,356.0,338.0,False
42,120.0,20.0,0.3,T-learner,562,0.18733333333333332,True,0.25742087925666085,144.6705341422434,0.6721891588848622,17360.46409706921,11240.0,6120.464097069209,10.890505510799304,2.0401546990230695,6336.515021097293,12456.979118166502,0.4913281172755195,3664.9632526133882,-1864.2938877516144,9194.220392978392,0.9403671332703184,-2455.5008444558207,0.0006338895218895857,592.0,562.0,False
42,120.0,20.0,0.3,DR-learner,862,0.28733333333333333,True,0.2536048247154482,218.60735890471634,0.69683476713902,26232.88306856596,17240.0,8992.88306856596,10.432578965853782,2.9976276895219867,3464.0960496005428,12456.979118166502,0.7219152399036525,4957.027566647379,-1736.071309121369,11650.126442416127,1.1383030383148296,-4035.8555019185806,4.92111459340552,900.0,862.0,False
42,120.0,20.0,0.3,Oracle,900,0.3,True,0.28200906590894903,253.80815931805418,0.7085683672767991,30456.979118166502,18000.0,12456.979118166502,13.841087909073892,4.152326372722167,0.0,12456.979118166502,1.0,,,,,,,,,
43,40.0,5.0,0.1,Treat nobody,0,0.0,True,0.0,0.0,0.6120797869143771,0.0,0.0,0.0,0.0,0.0,2564.829591306998,2564.829591306998,0.0,0.0,0.0,0.0,0.0,0.0,,,,
43,40.0,5.0,0.1,Random,300,0.1,True,0.1614892760811547,48.446782824346414,0.6282287145224927,1937.8713129738567,1500.0,437.8713129738567,1.459571043246189,0.1459571043246189,2126.958278333141,2564.829591306998,0.1707214056083641,836.6766402441071,-390.9740803233091,2064.3273608115237,0.20878797267891466,398.8053272702505,,,,
43,40.0,5.0,0.1,S-learner,293,0.09766666666666667,True,0.3027780725302978,88.71397525137728,0.6416511119981697,3548.559010055091,1465.0,2083.559010055091,7.111122901211916,0.6945196700183638,481.2705812519066,2564.829591306998,0.8123576775302804,3578.5599834779155,2314.67125038074,4842.448716575092,0.21495101322721052,1495.0009734228242,2.456340143869169,300.0,293.0,False
43,40.0,5.0,0.1,T-learner,282,0.094,True,0.28924465660921367,81.56699316379826,0.6392687846356433,3262.6797265519303,1410.0,1852.6797265519303,6.569786264368547,0.6175599088506435,712.1498647550675,2564.829591306998,0.7223402805516733,2817.5539436812605,1600.7290442878011,4034.3788430747204,0.20694681279717717,964.8742171293302,3.6154185391398386,300.0,282.0,False
43,40.0,5.0,0.1,DR-learner,300,0.1,True,0.2946469503661128,88.39408510983387,0.6415444819509885,3535.763404393355,1500.0,2035.763404393355,6.785878014644516,0.6785878014644516,529.0661869136429,2564.829591306998,0.7937226751021541,3195.248452687725,1921.4659078952316,4469.0309974802185,0.2166336651829537,1159.4850482943702,7.693682570776199,300.0,300.0,False
43,40.0,5.0,0.1,Oracle,300,0.1,True,0.33873579927558317,101.62073978267495,0.6459533668419355,4064.829591306998,1500.0,2564.829591306998,8.549431971023326,0.8549431971023326,0.0,2564.829591306998,1.0,,,,,,,,,
43,40.0,5.0,0.2,Treat nobody,0,0.0,True,0.0,0.0,0.6120797869143771,0.0,0.0,0.0,0.0,0.0,4446.1827214208715,4446.1827214208715,0.0,0.0,0.0,0.0,0.0,0.0,,,,
43,40.0,5.0,0.2,Random,600,0.2,True,0.16197073742719087,97.18244245631453,0.6444739343998154,3887.2976982525815,3000.0,887.2976982525815,1.478829497087636,0.2957658994175272,3558.88502316829,4446.1827214208715,0.19956393019516455,1174.8755487773708,-634.5172336618579,2984.2683312165996,0.30772551548761246,287.57785052478926,,,,
43,40.0,5.0,0.2,S-learner,600,0.2,True,0.2831200671842035,169.8720403105221,0.668703800351218,6794.881612420884,3000.0,3794.8816124208843,6.32480268736814,1.2649605374736281,651.3011089999873,4446.1827214208715,0.8535145427419928,5525.191660913933,3762.1828359119413,7288.200485915925,0.2998369423976463,1730.3100484930492,1.2002946369975431,600.0,600.0,False
43,40.0,5.0,0.2,T-learner,600,0.2,True,0.2666270658146962,159.97623948881773,0.6654052000773164,6399.0495795527095,3000.0,3399.0495795527095,5.665082632587849,1.1330165265175698,1047.133141868162,4446.1827214208715,0.7644871550547683,6035.260145655329,4247.308022035959,7823.212269274701,0.30407907793587186,2636.21056610262,2.022138430155178,600.0,602.0,True
43,40.0,5.0,0.2,DR-learner,600,0.2,True,0.27819051989537624,166.91431193722576,0.6677178908934525,6676.5724774890305,3000.0,3676.5724774890305,6.127620795815051,1.2255241591630102,769.6102439318411,4446.1827214208715,0.8269053945480009,6117.7048647976735,4335.932560035642,7899.477169559705,0.303028069021748,2441.132387308643,5.304153102152853,600.0,612.0,True
43,40.0,5.0,0.2,Oracle,600,0.2,True,0.31025761339253627,186.15456803552178,0.6741313095928846,7446.1827214208715,3000.0,4446.1827214208715,7.410304535701453,1.4820609071402906,0.0,4446.1827214208715,1.0,,,,,,,,,
43,40.0,5.0,0.3,Treat nobody,0,0.0,True,0.0,0.0,0.6120797869143771,0.0,0.0,0.0,0.0,0.0,5784.276461081774,5784.276461081774,0.0,0.0,0.0,0.0,0.0,0.0,,,,
43,40.0,5.0,0.3,Random,900,0.3,True,0.15799699247510723,142.1972932275965,0.6594788846569094,5687.89172910386,4500.0,1187.8917291038597,1.3198796990042885,0.3959639097012866,4596.384731977914,5784.276461081774,0.20536565585969596,3416.711672784812,1129.1012494186245,5704.322096151,0.389056540734178,2228.8199436809523,,,,
43,40.0,5.0,0.3,S-learner,900,0.3,True,0.26272125281747116,236.44912753572407,0.6908961627596186,9457.965101428963,4500.0,4957.965101428963,5.508850112698847,1.6526550338096544,826.311359652811,5784.276461081774,0.8571452514048274,8375.306763502056,6187.308616624727,10563.304910379386,0.37211536608767287,3417.341662073093,0.18255094384653603,900.0,933.0,True
43,40.0,5.0,0.3,T-learner,900,0.3,True,0.25041647270629913,225.3748254356692,0.687204728726267,9014.993017426768,4500.0,4514.993017426768,5.016658908251965,1.5049976724755894,1269.2834436550056,5784.276461081774,0.7805631435158574,7843.019667567789,5651.736976677342,10034.302358458235,0.372673972272791,3328.0266501410206,0.7703278327834955,900.0,920.0,True
43,40.0,5.0,0.3,DR-learner,900,0.3,True,0.25790396272584304,232.11356645325873,0.6894509757321301,9284.542658130349,4500.0,4784.542658130349,5.316158509033722,1.5948475527101165,999.7338029514249,5784.276461081774,0.8271635511065364,7444.9752146611345,5272.856369233011,9617.094060089257,0.3694147549923571,2660.4325565307854,3.6159663411366427,900.0,903.0,True
43,40.0,5.0,0.3,Oracle,900,0.3,True,0.28567434614116044,257.10691152704436,0.6977820907567254,10284.276461081774,4500.0,5784.276461081774,6.426973845646415,1.9280921536939246,0.0,5784.276461081774,1.0,,,,,,,,,
43,40.0,10.0,0.1,Treat nobody,0,0.0,True,0.0,0.0,0.6120797869143771,0.0,0.0,0.0,0.0,0.0,1064.8295913069978,1064.8295913069978,0.0,0.0,0.0,0.0,0.0,0.0,,,,
43,40.0,10.0,0.1,Random,300,0.1,True,0.1614892760811547,48.446782824346414,0.6282287145224927,1937.8713129738567,3000.0,-1062.1286870261433,-3.540428956753811,-0.3540428956753811,2126.958278333141,1064.8295913069978,-0.9974635337870923,-663.3233597558926,-1889.7525708335088,563.1058513217235,0.2085802291524289,398.8053272702507,,,,
43,40.0,10.0,0.1,S-learner,18,0.006,True,0.31797679780627003,5.723582360512862,0.6139876477012148,228.94329442051446,180.0,48.94329442051446,2.7190719122508034,0.01631443147350482,1015.8862968864834,1064.8295913069978,0.04596349953088763,48.43095898278788,-250.10897356408316,346.9708915296589,0.05077303033826404,-0.5123354377265841,0.005875823674163172,25.0,18.0,False
43,40.0,10.0,0.1,T-learner,132,0.044,True,0.29720658106460623,39.23126870052802,0.62515687648122,1569.2507480211207,1320.0,249.25074802112067,1.8882632425842476,0.08308358267370688,815.5788432858772,1064.8295913069978,0.23407571507773767,643.0199392076347,-177.87570625725266,1463.915584672522,0.1396106683490118,393.76919118651404,0.009670429927211899,128.0,132.0,False
43,40.0,10.0,0.1,DR-learner,300,0.1,True,0.2946469503661128,88.39408510983387,0.6415444819509885,3535.763404393355,3000.0,535.7634043933549,1.7858780146445163,0.17858780146445163,529.0661869136429,1064.8295913069978,0.5031447367420977,1695.248452687725,455.1057629452978,2935.391142430152,0.21091249627110747,1159.48504829437,2.6936825707761987,300.0,300.0,False
43,40.0,10.0,0.1,Oracle,300,0.1,True,0.33873579927558317,101.62073978267495,0.6459533668419355,4064.829591306998,3000.0,1064.8295913069978,3.549431971023326,0.35494319710233263,0.0,1064.8295913069978,1.0,,,,,,,,,
43,40.0,10.0,0.2,Treat nobody,0,0.0,True,0.0,0.0,0.6120797869143771,0.0,0.0,0.0,0.0,0.0,1446.1827214208715,1446.1827214208715,0.0,0.0,0.0,0.0,0.0,0.0,,,,
43,40.0,10.0,0.2,Random,600,0.2,True,0.16197073742719087,97.18244245631453,0.6444739343998154,3887.2976982525815,6000.0,-2112.7023017474185,-3.521170502912364,-0.7042341005824728,3558.88502316829,1446.1827214208715,-1.460881996758814,-1825.1244512226292,-3637.27709112929,-12.971811315968251,0.30819488762730507,287.57785052478926,,,,
43,40.0,10.0,0.2,S-learner,18,0.006,True,0.31797679780627003,5.723582360512862,0.6139876477012148,228.94329442051446,180.0,48.94329442051446,2.7190719122508034,0.01631443147350482,1397.239427000357,1446.1827214208715,0.03384309167546116,48.43095898278788,-250.10897356408316,346.9708915296589,0.05077303033826404,-0.5123354377265841,0.005875823674163172,25.0,18.0,False
43,40.0,10.0,0.2,T-learner,132,0.044,True,0.29720658106460623,39.23126870052802,0.62515687648122,1569.2507480211207,1320.0,249.25074802112067,1.8882632425842476,0.08308358267370688,1196.9319733997509,1446.1827214208715,0.17235079933483946,643.0199392076347,-177.87570625725266,1463.915584672522,0.1396106683490118,393.76919118651404,0.009670429927211899,128.0,132.0,False
43,40.0,10.0,0.2,DR-learner,600,0.2,True,0.27819051989537624,166.91431193722576,0.6677178908934525,6676.5724774890305,6000.0,676.5724774890305,1.1276207958150508,0.22552415916301016,769.6102439318411,1446.1827214208715,0.46783332940411526,3117.7048647976735,1376.2240459803895,4859.185683614957,0.29617564957891457,2441.132387308643,0.30415310215285274,600.0,612.0,True
43,40.0,10.0,0.2,Oracle,600,0.2,True,0.31025761339253627,186.15456803552178,0.6741313095928846,7446.1827214208715,6000.0,1446.1827214208715,2.4103045357014525,0.4820609071402905,0.0,1446.1827214208715,1.0,,,,,,,,,
43,40.0,10.0,0.3,Treat nobody,0,0.0,True,0.0,0.0,0.6120797869143771,0.0,0.0,0.0,0.0,0.0,1455.7522299835655,1455.7522299835655,0.0,0.0,0.0,0.0,0.0,0.0,,,,
43,40.0,10.0,0.3,Random,900,0.3,True,0.15799699247510723,142.1972932275965,0.6594788846569094,5687.89172910386,9000.0,-3312.1082708961403,-3.6801203009957115,-1.1040360902987134,4767.860500879706,1455.7522299835655,-2.2751868090447864,-1083.2883272151876,-3364.028966562899,1197.4523121325242,0.3878881886500472,2228.8199436809527,,,,
43,40.0,10.0,0.3,S-learner,18,0.006,True,0.31797679780627003,5.723582360512862,0.6139876477012148,228.94329442051446,180.0,48.94329442051446,2.7190719122508034,0.01631443147350482,1406.808935563051,1455.7522299835655,0.03362062129286039,48.43095898278788,-250.10897356408316,346.9708915296589,0.05077303033826404,-0.5123354377265841,0.005875823674163172,25.0,18.0,False
43,40.0,10.0,0.3,T-learner,132,0.044,True,0.29720658106460623,39.23126870052802,0.62515687648122,1569.2507480211207,1320.0,249.25074802112067,1.8882632425842476,0.08308358267370688,1206.5014819624448,1455.7522299835655,0.17121783699684565,643.0199392076347,-177.87570625725266,1463.915584672522,0.1396106683490118,393.76919118651404,0.009670429927211899,128.0,132.0,False
43,40.0,10.0,0.3,DR-learner,653,0.21766666666666667,True,0.2729412647112258,178.2306458564304,0.671490002199854,7129.225834257217,6530.0,599.2258342572168,0.9176505884490302,0.1997419447524056,856.5263957263487,1455.7522299835655,0.4116262519920589,2955.7941586382767,1150.505213171538,4761.083104105015,0.307027571204816,2356.56832438106,0.007586109102353689,656.0,653.0,False
43,40.0,10.0,0.3,Oracle,655,0.21833333333333332,True,0.30556306221311325,200.14380574958915,0.6787943888309069,8005.7522299835655,6550.0,1455.7522299835655,2.2225224885245276,0.48525074332785517,0.0,1455.7522299835655,1.0,,,,,,,,,
43,40.0,20.0,0.1,Treat nobody,0,0.0,True,0.0,0.0,0.6120797869143771,0.0,0.0,0.0,0.0,0.0,0.0,0.0,,0.0,0.0,0.0,0.0,0.0,,,,
43,40.0,20.0,0.1,Random,300,0.1,True,0.1614892760811547,48.446782824346414,0.6282287145224927,1937.8713129738567,6000.0,-4062.1286870261433,-13.54042895675381,-1.3540428956753812,4062.1286870261433,0.0,,-3663.3233597558933,-4949.310997782992,-2377.3357217287944,0.21870939945339232,398.80532727025,,,,
43,40.0,20.0,0.1,S-learner,0,0.0,True,0.0,0.0,0.6120797869143771,0.0,0.0,0.0,0.0,0.0,0.0,0.0,,0.0,0.0,0.0,0.0,0.0,,0.0,0.0,False
43,40.0,20.0,0.1,T-learner,0,0.0,True,0.0,0.0,0.6120797869143771,0.0,0.0,0.0,0.0,0.0,0.0,0.0,,0.0,0.0,0.0,0.0,0.0,,0.0,0.0,False
43,40.0,20.0,0.1,DR-learner,4,0.0013333333333333333,True,0.3203369648417978,1.2813478593671912,0.6125069028674996,51.253914374687646,80.0,-28.746085625312354,-7.1865214063280884,-0.009582028541770784,28.746085625312354,0.0,,9.731597149252153,-112.91008353282112,132.3732778313254,0.020857811954616723,38.47768277456451,0.01384525553309146,6.0,4.0,False
43,40.0,20.0,0.1,Oracle,0,0.0,True,0.0,0.0,0.6120797869143771,0.0,0.0,0.0,0.0,0.0,0.0,0.0,,,,,,,,,,
43,40.0,20.0,0.2,Treat nobody,0,0.0,True,0.0,0.0,0.6120797869143771,0.0,0.0,0.0,0.0,0.0,0.0,0.0,,0.0,0.0,0.0,0.0,0.0,,,,
43,40.0,20.0,0.2,Random,600,0.2,True,0.16197073742719087,97.18244245631453,0.6444739343998154,3887.2976982525815,12000.0,-8112.7023017474185,-13.521170502912364,-2.7042341005824726,8112.7023017474185,0.0,,-7825.12445122263,-9717.362372182699,-5932.886530262561,0.32181508365898565,287.5778505247881,,,,
43,40.0,20.0,0.2,S-learner,0,0.0,True,0.0,0.0,0.6120797869143771,0.0,0.0,0.0,0.0,0.0,0.0,0.0,,0.0,0.0,0.0,0.0,0.0,,0.0,0.0,False
43,40.0,20.0,0.2,T-learner,0,0.0,True,0.0,0.0,0.6120797869143771,0.0,0.0,0.0,0.0,0.0,0.0,0.0,,0.0,0.0,0.0,0.0,0.0,,0.0,0.0,False
43,40.0,20.0,0.2,DR-learner,4,0.0013333333333333333,True,0.3203369648417978,1.2813478593671912,0.6125069028674996,51.253914374687646,80.0,-28.746085625312354,-7.1865214063280884,-0.009582028541770784,28.746085625312354,0.0,,9.731597149252153,-112.91008353282112,132.3732778313254,0.020857811954616723,38.47768277456451,0.01384525553309146,6.0,4.0,False
43,40.0,20.0,0.2,Oracle,0,0.0,True,0.0,0.0,0.6120797869143771,0.0,0.0,0.0,0.0,0.0,0.0,0.0,,,,,,,,,,
43,40.0,20.0,0.3,Treat nobody,0,0.0,True,0.0,0.0,0.6120797869143771,0.0,0.0,0.0,0.0,0.0,0.0,0.0,,0.0,0.0,0.0,0.0,0.0,,,,
43,40.0,20.0,0.3,Random,900,0.3,True,0.15799699247510723,142.1972932275965,0.6594788846569094,5687.89172910386,18000.0,-12312.10827089614,-13.68012030099571,-4.104036090298713,12312.10827089614,0.0,,-10083.288327215188,-12428.954458314534,-7737.622196115842,0.39893014184642545,2228.819943680952,,,,
43,40.0,20.0,0.3,S-learner,0,0.0,True,0.0,0.0,0.6120797869143771,0.0,0.0,0.0,0.0,0.0,0.0,0.0,,0.0,0.0,0.0,0.0,0.0,,0.0,0.0,False
43,40.0,20.0,0.3,T-learner,0,0.0,True,0.0,0.0,0.6120797869143771,0.0,0.0,0.0,0.0,0.0,0.0,0.0,,0.0,0.0,0.0,0.0,0.0,,0.0,0.0,False
43,40.0,20.0,0.3,DR-learner,4,0.0013333333333333333,True,0.3203369648417978,1.2813478593671912,0.6125069028674996,51.253914374687646,80.0,-28.746085625312354,-7.1865214063280884,-0.009582028541770784,28.746085625312354,0.0,,9.731597149252153,-112.91008353282112,132.3732778313254,0.020857811954616723,38.47768277456451,0.01384525553309146,6.0,4.0,False
43,40.0,20.0,0.3,Oracle,0,0.0,True,0.0,0.0,0.6120797869143771,0.0,0.0,0.0,0.0,0.0,0.0,0.0,,,,,,,,,,
43,80.0,5.0,0.1,Treat nobody,0,0.0,True,0.0,0.0,0.6120797869143771,0.0,0.0,0.0,0.0,0.0,6629.659182613996,6629.659182613996,0.0,0.0,0.0,0.0,0.0,0.0,,,,
43,80.0,5.0,0.1,Random,300,0.1,True,0.1614892760811547,48.446782824346414,0.6282287145224927,3875.7426259477133,1500.0,2375.7426259477133,7.919142086492378,0.7919142086492378,4253.916556666282,6629.659182613996,0.3583506422438727,3173.3532804882148,701.0434272737132,5645.663133702717,0.4204685855991517,797.6106545405014,,,,
43,80.0,5.0,0.1,S-learner,293,0.09766666666666667,True,0.3027780725302978,88.71397525137728,0.6416511119981697,7097.118020110182,1465.0,5632.118020110182,19.22224580242383,1.8773726733700609,997.5411625038132,6629.659182613996,0.8495335680120898,8622.11996695583,6040.797410957842,11203.442522953817,0.4390085015777724,2990.0019468456476,9.912680287738338,300.0,293.0,False
43,80.0,5.0,0.1,T-learner,282,0.094,True,0.28924465660921367,81.56699316379826,0.6392687846356433,6525.359453103861,1410.0,5115.359453103861,18.139572528737094,1.705119817701287,1514.299729510135,6629.659182613996,0.7715870925188247,7045.10788736252,4566.522886465551,9523.692888259491,0.42153580719641315,1929.7484342586595,12.230837078279677,300.0,282.0,False
43,80.0,5.0,0.1,DR-learner,300,0.1,True,0.2946469503661128,88.39408510983387,0.6415444819509885,7071.52680878671,1500.0,5571.52680878671,18.571756029289034,1.8571756029289033,1058.1323738272858,6629.659182613996,0.8403941522963664,7890.49690537545,5294.9161367848565,10486.077673966045,0.4414334122232525,2318.9700965887405,20.387365141552397,300.0,300.0,False
43,80.0,5.0,0.1,Oracle,300,0.1,True,0.33873579927558317,101.62073978267495,0.6459533668419355,8129.659182613996,1500.0,6629.659182613996,22.098863942046652,2.2098863942046654,0.0,6629.659182613996,1.0,,,,,,,,,
43,80.0,5.0,0.2,Treat nobody,0,0.0,True,0.0,0.0,0.6120797869143771,0.0,0.0,0.0,0.0,0.0,11892.365442841743,11892.365442841743,0.0,0.0,0.0,0.0,0.0,0.0,,,,
43,80.0,5.0,0.2,Random,600,0.2,True,0.16197073742719087,97.18244245631453,0.6444739343998154,7774.595396505163,3000.0,4774.595396505163,7.957658994175272,1.5915317988350544,7117.77004633658,11892.365442841743,0.4014840798034078,5349.751097554741,1714.650315370088,8984.851879739394,0.6182257787826486,575.155701049578,,,,
43,80.0,5.0,0.2,S-learner,600,0.2,True,0.2831200671842035,169.8720403105221,0.668703800351218,13589.763224841769,3000.0,10589.763224841769,17.649605374736282,3.5299210749472563,1302.6022179999745,11892.365442841743,0.8904673570400549,14050.383321827867,10470.072815534422,17630.693828121308,0.6089075334265455,3460.6200969860984,7.400589273995086,600.0,600.0,False
43,80.0,5.0,0.2,T-learner,600,0.2,True,0.2666270658146962,159.97623948881773,0.6654052000773164,12798.099159105419,3000.0,9798.099159105419,16.330165265175697,3.2660330530351396,2094.266283736324,11892.365442841743,0.823898256927775,15070.520291310659,11436.751585725617,18704.288996895702,0.6179992309803902,5272.42113220524,9.044276860310356,600.0,602.0,True
43,80.0,5.0,0.2,DR-learner,600,0.2,True,0.27819051989537624,166.91431193722576,0.6677178908934525,13353.144954978061,3000.0,10353.144954978061,17.255241591630103,3.4510483183260203,1539.2204878636821,11892.365442841743,0.8705707039308844,15235.409729595347,11613.103417049877,18857.71604214082,0.6160498085879402,4882.264774617286,15.608306204305705,600.0,612.0,True
43,80.0,5.0,0.2,Oracle,600,0.2,True,0.31025761339253627,186.15456803552178,0.6741313095928846,14892.365442841743,3000.0,11892.365442841743,19.820609071402906,3.964121814280581,0.0,11892.365442841743,1.0,,,,,,,,,
43,80.0,5.0,0.3,Treat nobody,0,0.0,True,0.0,0.0,0.6120797869143771,0.0,0.0,0.0,0.0,0.0,16068.552922163548,16068.552922163548,0.0,0.0,0.0,0.0,0.0,0.0,,,,
43,80.0,5.0,0.3,Random,900,0.3,True,0.15799699247510723,142.1972932275965,0.6594788846569094,11375.78345820772,4500.0,6875.783458207719,7.639759398008577,2.291927819402573,9192.769463955829,16068.552922163548,0.4279030906836588,11333.423345569623,6731.57780067723,15935.268890462015,0.7826411745642888,4457.639887361904,,,,
43,80.0,5.0,0.3,S-learner,900,0.3,True,0.26272125281747116,236.44912753572407,0.6908961627596186,18915.930202857926,4500.0,14415.930202857926,16.017700225397697,4.805310067619309,1652.622719305622,16068.552922163548,0.8971517393438622,21250.613527004112,16816.603552845223,25684.623501162998,0.7540971856513344,6834.683324146186,5.365101887693072,900.0,933.0,True
43,80.0,5.0,0.3,T-learner,900,0.3,True,0.25041647270629913,225.3748254356692,0.687204728726267,18029.986034853537,4500.0,13529.986034853537,15.03331781650393,4.509995344951179,2538.566887310011,16068.552922163548,0.8420164591294008,20186.039335135574,15748.771702600592,24623.306967670556,0.7546512193651829,6656.0533002820375,6.540655665566991,900.0,920.0,True
43,80.0,5.0,0.3,DR-learner,900,0.3,True,0.25790396272584304,232.11356645325873,0.6894509757321301,18569.085316260698,4500.0,14069.085316260698,15.632317018067443,4.689695105420233,1999.4676059028498,16068.552922163548,0.8755664174871055,19389.950429322267,14992.968317177223,23786.93254146731,0.7477998144911301,5320.865113061569,12.231932682273285,900.0,903.0,True
43,80.0,5.0,0.3,Oracle,900,0.3,True,0.28567434614116044,257.10691152704436,0.6977820907567254,20568.552922163548,4500.0,16068.552922163548,17.85394769129283,5.356184307387849,0.0,16068.552922163548,1.0,,,,,,,,,
43,80.0,10.0,0.1,Treat nobody,0,0.0,True,0.0,0.0,0.6120797869143771,0.0,0.0,0.0,0.0,0.0,5129.659182613996,5129.659182613996,0.0,0.0,0.0,0.0,0.0,0.0,,,,
43,80.0,10.0,0.1,Random,300,0.1,True,0.1614892760811547,48.446782824346414,0.6282287145224927,3875.7426259477133,3000.0,875.7426259477133,2.919142086492378,0.2919142086492378,4253.916556666282,5129.659182613996,0.1707214056083641,1673.3532804882143,-781.9481606466182,4128.654721623047,0.4175759453578293,797.610654540501,,,,
43,80.0,10.0,0.1,S-learner,293,0.09766666666666667,True,0.3027780725302978,88.71397525137728,0.6416511119981697,7097.118020110182,2930.0,4167.118020110182,14.222245802423831,1.3890393400367276,962.5411625038132,5129.659182613996,0.8123576775302804,7157.119966955831,4629.34250076148,9684.897433150183,0.42990202645442105,2990.0019468456485,4.912680287738338,300.0,293.0,False
43,80.0,10.0,0.1,T-learner,282,0.094,True,0.28924465660921367,81.56699316379826,0.6392687846356433,6525.359453103861,2820.0,3705.3594531038607,13.139572528737094,1.235119817701287,1424.299729510135,5129.659182613996,0.7223402805516733,5635.107887362521,3201.4580885756022,8068.757686149441,0.41389362559435433,1929.7484342586604,7.230837078279677,300.0,282.0,False
43,80.0,10.0,0.1,DR-learner,300,0.1,True,0.2946469503661128,88.39408510983387,0.6415444819509885,7071.52680878671,3000.0,4071.52680878671,13.571756029289032,1.3571756029289033,1058.1323738272858,5129.659182613996,0.7937226751021541,6390.49690537545,3842.931815790463,8938.061994960437,0.4332673303659074,2318.9700965887405,15.387365141552397,300.0,300.0,False
43,80.0,10.0,0.1,Oracle,300,0.1,True,0.33873579927558317,101.62073978267495,0.6459533668419355,8129.659182613996,3000.0,5129.659182613996,17.098863942046652,1.7098863942046651,0.0,5129.659182613996,1.0,,,,,,,,,
43,80.0,10.0,0.2,Treat nobody,0,0.0,True,0.0,0.0,0.6120797869143771,0.0,0.0,0.0,0.0,0.0,8892.365442841743,8892.365442841743,0.0,0.0,0.0,0.0,0.0,0.0,,,,
43,80.0,10.0,0.2,Random,600,0.2,True,0.16197073742719087,97.18244245631453,0.6444739343998154,7774.595396505163,6000.0,1774.595396505163,2.957658994175272,0.5915317988350544,7117.77004633658,8892.365442841743,0.19956393019516455,2349.7510975547416,-1269.0344673237157,5968.536662433199,0.6154510309752249,575.1557010495785,,,,
43,80.0,10.0,0.2,S-learner,600,0.2,True,0.2831200671842035,169.8720403105221,0.668703800351218,13589.763224841769,6000.0,7589.7632248417685,12.64960537473628,2.5299210749472563,1302.6022179999745,8892.365442841743,0.8535145427419928,11050.383321827867,7524.365671823883,14576.40097183185,0.5996738847952926,3460.6200969860984,2.4005892739950863,600.0,600.0,False
43,80.0,10.0,0.2,T-learner,600,0.2,True,0.2666270658146962,159.97623948881773,0.6654052000773164,12798.099159105419,6000.0,6798.099159105419,11.330165265175697,2.2660330530351396,2094.266283736324,8892.365442841743,0.7644871550547683,12070.520291310659,8494.616044071918,15646.424538549401,0.6081581558717437,5272.42113220524,4.044276860310356,600.0,602.0,True
43,80.0,10.0,0.2,DR-learner,600,0.2,True,0.27819051989537624,166.91431193722576,0.6677178908934525,13353.144954978061,6000.0,7353.144954978061,12.255241591630101,2.4510483183260203,1539.2204878636821,8892.365442841743,0.8269053945480009,12235.409729595347,8671.865120071285,15798.95433911941,0.606056138043496,4882.264774617286,10.608306204305705,600.0,612.0,True
43,80.0,10.0,0.2,Oracle,600,0.2,True,0.31025761339253627,186.15456803552178,0.6741313095928846,14892.365442841743,6000.0,8892.365442841743,14.820609071402906,2.964121814280581,0.0,8892.365442841743,1.0,,,,,,,,,
43,80.0,10.0,0.3,Treat nobody,0,0.0,True,0.0,0.0,0.6120797869143771,0.0,0.0,0.0,0.0,0.0,11568.552922163548,11568.552922163548,0.0,0.0,0.0,0.0,0.0,0.0,,,,
43,80.0,10.0,0.3,Random,900,0.3,True,0.15799699247510723,142.1972932275965,0.6594788846569094,11375.78345820772,9000.0,2375.7834582077194,2.639759398008577,0.7919278194025732,9192.769463955829,11568.552922163548,0.20536565585969596,6833.423345569624,2258.202498837249,11408.644192302,0.778113081468356,4457.639887361905,,,,
43,80.0,10.0,0.3,S-learner,900,0.3,True,0.26272125281747116,236.44912753572407,0.6908961627596186,18915.930202857926,9000.0,9915.930202857926,11.017700225397695,3.305310067619309,1652.622719305622,11568.552922163548,0.8571452514048274,16750.613527004112,12374.617233249453,21126.60982075877,0.7442307321753457,6834.683324146186,0.36510188769307206,900.0,933.0,True
43,80.0,10.0,0.3,T-learner,900,0.3,True,0.25041647270629913,225.3748254356692,0.687204728726267,18029.986034853537,9000.0,9029.986034853537,10.03331781650393,3.0099953449511787,2538.566887310011,11568.552922163548,0.7805631435158574,15686.039335135578,11303.473953354684,20068.60471691647,0.745347944545582,6656.053300282041,1.540655665566991,900.0,920.0,True
43,80.0,10.0,0.3,DR-learner,900,0.3,True,0.25790396272584304,232.11356645325873,0.6894509757321301,18569.085316260698,9000.0,9569.085316260698,10.632317018067443,3.189695105420233,1999.4676059028498,11568.552922163548,0.8271635511065364,14889.950429322269,10545.712738466022,19234.188120178515,0.7388295099847142,5320.865113061571,7.2319326822732855,900.0,903.0,True
43,80.0,10.0,0.3,Oracle,900,0.3,True,0.28567434614116044,257.10691152704436,0.6977820907567254,20568.552922163548,9000.0,11568.552922163548,12.85394769129283,3.8561843073878492,0.0,11568.552922163548,1.0,,,,,,,,,
43,80.0,20.0,0.1,Treat nobody,0,0.0,True,0.0,0.0,0.6120797869143771,0.0,0.0,0.0,0.0,0.0,2129.6591826139957,2129.6591826139957,0.0,0.0,0.0,0.0,0.0,0.0,,,,
43,80.0,20.0,0.1,Random,300,0.1,True,0.1614892760811547,48.446782824346414,0.6282287145224927,3875.7426259477133,6000.0,-2124.2573740522867,-7.080857913507622,-0.7080857913507622,4253.916556666282,2129.6591826139957,-0.9974635337870923,-1326.6467195117852,-3779.5051416670176,1126.211702643447,0.4171604583048578,797.6106545405014,,,,
43,80.0,20.0,0.1,S-learner,18,0.006,True,0.31797679780627003,5.723582360512862,0.6139876477012148,457.8865888410289,360.0,97.88658884102892,5.438143824501607,0.03262886294700964,2031.7725937729667,2129.6591826139957,0.04596349953088763,96.86191796557576,-500.2179471281663,693.9417830593178,0.10154606067652808,-1.0246708754531682,0.011751647348326344,25.0,18.0,False
43,80.0,20.0,0.1,T-learner,132,0.044,True,0.29720658106460623,39.23126870052802,0.62515687648122,3138.5014960422413,2640.0,498.50149604224134,3.776526485168495,0.16616716534741377,1631.1576865717543,2129.6591826139957,0.23407571507773767,1286.0398784152694,-355.7514125145053,2927.831169345044,0.2792213366980236,787.5383823730281,0.019340859854423798,128.0,132.0,False
43,80.0,20.0,0.1,DR-learner,300,0.1,True,0.2946469503661128,88.39408510983387,0.6415444819509885,7071.52680878671,6000.0,1071.5268087867098,3.5717560292890327,0.35717560292890327,1058.1323738272858,2129.6591826139957,0.5031447367420977,3390.49690537545,910.2115258905956,5870.782284860304,0.42182499254221495,2318.97009658874,5.387365141552397,300.0,300.0,False
43,80.0,20.0,0.1,Oracle,300,0.1,True,0.33873579927558317,101.62073978267495,0.6459533668419355,8129.659182613996,6000.0,2129.6591826139957,7.098863942046652,0.7098863942046653,0.0,2129.6591826139957,1.0,,,,,,,,,
43,80.0,20.0,0.2,Treat nobody,0,0.0,True,0.0,0.0,0.6120797869143771,0.0,0.0,0.0,0.0,0.0,2892.365442841743,2892.365442841743,0.0,0.0,0.0,0.0,0.0,0.0,,,,
43,80.0,20.0,0.2,Random,600,0.2,True,0.16197073742719087,97.18244245631453,0.6444739343998154,7774.595396505163,12000.0,-4225.404603494837,-7.042341005824728,-1.4084682011649456,7117.77004633658,2892.365442841743,-1.460881996758814,-3650.2489024452584,-7274.55418225858,-25.943622631936503,0.6163897752546101,575.1557010495785,,,,
43,80.0,20.0,0.2,S-learner,18,0.006,True,0.31797679780627003,5.723582360512862,0.6139876477012148,457.8865888410289,360.0,97.88658884102892,5.438143824501607,0.03262886294700964,2794.478854000714,2892.365442841743,0.03384309167546116,96.86191796557576,-500.2179471281663,693.9417830593178,0.10154606067652808,-1.0246708754531682,0.011751647348326344,25.0,18.0,False
43,80.0,20.0,0.2,T-learner,132,0.044,True,0.29720658106460623,39.23126870052802,0.62515687648122,3138.5014960422413,2640.0,498.50149604224134,3.776526485168495,0.16616716534741377,2393.8639467995017,2892.365442841743,0.17235079933483946,1286.0398784152694,-355.7514125145053,2927.831169345044,0.2792213366980236,787.5383823730281,0.019340859854423798,128.0,132.0,False
43,80.0,20.0,0.2,DR-learner,600,0.2,True,0.27819051989537624,166.91431193722576,0.6677178908934525,13353.144954978061,12000.0,1353.144954978061,2.2552415916301016,0.4510483183260203,1539.2204878636821,2892.365442841743,0.46783332940411526,6235.409729595347,2752.448091960779,9718.371367229915,0.5923512991578291,4882.264774617286,0.6083062043057055,600.0,612.0,True
43,80.0,20.0,0.2,Oracle,600,0.2,True,0.31025761339253627,186.15456803552178,0.6741313095928846,14892.365442841743,12000.0,2892.365442841743,4.820609071402905,0.964121814280581,0.0,2892.365442841743,1.0,,,,,,,,,
43,80.0,20.0,0.3,Treat nobody,0,0.0,True,0.0,0.0,0.6120797869143771,0.0,0.0,0.0,0.0,0.0,2911.504459967131,2911.504459967131,0.0,0.0,0.0,0.0,0.0,0.0,,,,
43,80.0,20.0,0.3,Random,900,0.3,True,0.15799699247510723,142.1972932275965,0.6594788846569094,11375.78345820772,18000.0,-6624.216541792281,-7.360240601991423,-2.208072180597427,9535.721001759412,2911.504459967131,-2.2751868090447864,-2166.576654430375,-6728.057933125798,2394.9046242650484,0.7757763773000944,4457.6398873619055,,,,
43,80.0,20.0,0.3,S-learner,18,0.006,True,0.31797679780627003,5.723582360512862,0.6139876477012148,457.8865888410289,360.0,97.88658884102892,5.438143824501607,0.03262886294700964,2813.617871126102,2911.504459967131,0.03362062129286039,96.86191796557576,-500.2179471281663,693.9417830593178,0.10154606067652808,-1.0246708754531682,0.011751647348326344,25.0,18.0,False
43,80.0,20.0,0.3,T-learner,132,0.044,True,0.29720658106460623,39.23126870052802,0.62515687648122,3138.5014960422413,2640.0,498.50149604224134,3.776526485168495,0.16616716534741377,2413.0029639248896,2911.504459967131,0.17121783699684565,1286.0398784152694,-355.7514125145053,2927.831169345044,0.2792213366980236,787.5383823730281,0.019340859854423798,128.0,132.0,False
43,80.0,20.0,0.3,DR-learner,653,0.21766666666666667,True,0.2729412647112258,178.2306458564304,0.671490002199854,14258.451668514434,13060.0,1198.4516685144335,1.8353011768980605,0.3994838895048112,1713.0527914526974,2911.504459967131,0.4116262519920589,5911.588317276553,2301.010426343076,9522.16620821003,0.614055142409632,4713.13664876212,0.015172218204707377,656.0,653.0,False
43,80.0,20.0,0.3,Oracle,655,0.21833333333333332,True,0.30556306221311325,200.14380574958915,0.6787943888309069,16011.504459967131,13100.0,2911.504459967131,4.445044977049055,0.9705014866557103,0.0,2911.504459967131,1.0,,,,,,,,,
43,120.0,5.0,0.1,Treat nobody,0,0.0,True,0.0,0.0,0.6120797869143771,0.0,0.0,0.0,0.0,0.0,10694.488773920993,10694.488773920993,0.0,0.0,0.0,0.0,0.0,0.0,,,,
43,120.0,5.0,0.1,Random,300,0.1,True,0.1614892760811547,48.446782824346414,0.6282287145224927,5813.61393892157,1500.0,4313.61393892157,14.378713129738566,1.4378713129738565,6380.874834999424,10694.488773920993,0.4033492418488032,5510.0299207323205,1789.6122494244955,9230.447592040146,0.632735720427179,1196.415981810751,,,,
43,120.0,5.0,0.1,S-learner,293,0.09766666666666667,True,0.3027780725302978,88.71397525137728,0.6416511119981697,10645.677030165274,1465.0,9180.677030165274,31.33336870363575,3.060225676721758,1513.8117437557194,10694.488773920993,0.8584493587531533,13665.679950433745,9764.03501965332,17567.324881214172,0.6635572492753448,4485.002920268471,17.369020431607506,300.0,293.0,False
43,120.0,5.0,0.1,T-learner,282,0.094,True,0.28924465660921367,81.56699316379826,0.6392687846356433,9788.03917965579,1410.0,8378.03917965579,29.70935879310564,2.7926797265519303,2316.449594265203,10694.488773920993,0.7833978188921034,11272.66183104378,7529.306779199894,15016.016882887667,0.6366367071658792,2894.62265138799,20.846255617419516,300.0,282.0,False
43,120.0,5.0,0.1,DR-learner,300,0.1,True,0.2946469503661128,88.39408510983387,0.6415444819509885,10607.290213180064,1500.0,9107.290213180064,30.357634043933547,3.0357634043933546,1587.1985607409297,10694.488773920993,0.8515872432713767,12585.745358063175,8665.351097560542,16506.13961856581,0.6667459693862071,3478.4551448831116,33.0810477123286,300.0,300.0,False
43,120.0,5.0,0.1,Oracle,300,0.1,True,0.33873579927558317,101.62073978267495,0.6459533668419355,12194.488773920993,1500.0,10694.488773920993,35.64829591306998,3.5648295913069976,0.0,10694.488773920993,1.0,,,,,,,,,
43,120.0,5.0,0.2,Treat nobody,0,0.0,True,0.0,0.0,0.6120797869143771,0.0,0.0,0.0,0.0,0.0,19338.548164262615,19338.548164262615,0.0,0.0,0.0,0.0,0.0,0.0,,,,
43,120.0,5.0,0.2,Random,600,0.2,True,0.16197073742719087,97.18244245631453,0.6444739343998154,11661.893094757745,3000.0,8661.893094757745,14.436488491262908,2.8872976982525818,10676.65506950487,19338.548164262615,0.44790813773522103,9524.626646332112,4059.62168354423,14989.631609119995,0.9294396913914653,862.7335515743671,,,,
43,120.0,5.0,0.2,S-learner,600,0.2,True,0.2831200671842035,169.8720403105221,0.668703800351218,20384.64483726265,3000.0,17384.64483726265,28.97440806210442,5.794881612420884,1953.9033269999636,19338.548164262615,0.8989632877089113,22575.574982741797,17173.965732700824,27977.18423278277,0.9186579094731978,5190.930145479146,13.600883910992629,600.0,600.0,False
43,120.0,5.0,0.2,T-learner,600,0.2,True,0.2666270658146962,159.97623948881773,0.6654052000773164,19197.14873865813,3000.0,16197.148738658128,26.995247897763548,5.39904957955271,3141.399425604486,19338.548164262615,0.8375576388195598,24105.78043696599,18622.294364693185,29589.266509238794,0.9325827949775004,7908.631698307861,16.066415290465535,600.0,602.0,True
43,120.0,5.0,0.2,DR-learner,600,0.2,True,0.27819051989537624,166.91431193722576,0.6677178908934525,20029.717432467092,3000.0,17029.717432467092,28.382862387445154,5.676572477489031,2308.8307317955223,19338.548164262615,0.8806099241688571,24353.114594393013,18886.371111799694,29819.858076986337,0.9297353634580869,7323.397161925921,25.912459306458558,600.0,612.0,True
43,120.0,5.0,0.2,Oracle,600,0.2,True,0.31025761339253627,186.15456803552178,0.6741313095928846,22338.548164262615,3000.0,19338.548164262615,32.230913607104355,6.446182721420872,0.0,19338.548164262615,1.0,,,,,,,,,
43,120.0,5.0,0.3,Treat nobody,0,0.0,True,0.0,0.0,0.6120797869143771,0.0,0.0,0.0,0.0,0.0,26352.829383245324,26352.829383245324,0.0,0.0,0.0,0.0,0.0,0.0,,,,
43,120.0,5.0,0.3,Random,900,0.3,True,0.15799699247510723,142.1972932275965,0.6594788846569094,17063.67518731158,4500.0,12563.675187311579,13.959639097012866,4.1878917291038595,13789.154195933745,26352.829383245324,0.47674862553086417,19250.135018354435,12329.731413024281,26170.538623684584,1.1769610155964454,6686.4598310428555,,,,
43,120.0,5.0,0.3,S-learner,900,0.3,True,0.26272125281747116,236.44912753572407,0.6908961627596186,28373.89530428689,4500.0,23873.89530428689,26.526550338096545,7.957965101428963,2478.934078958435,26352.829383245324,0.9059329059924587,34125.92029050617,27441.621611406375,40810.218969605965,1.1368063787268015,10252.02498621928,10.547652831539606,900.0,933.0,True
43,120.0,5.0,0.3,T-learner,900,0.3,True,0.25041647270629913,225.3748254356692,0.687204728726267,27044.979052280305,4500.0,22544.979052280305,25.049976724755894,7.514993017426768,3807.8503309650187,26352.829383245324,0.8555050664356373,32529.05900270336,25841.503710606772,39216.614294799954,1.1373602346517888,9984.079950423056,12.310983498350485,900.0,920.0,True
43,120.0,5.0,0.3,DR-learner,900,0.3,True,0.25790396272584304,232.11356645325873,0.6894509757321301,27853.62797439105,4500.0,23353.62797439105,25.948475527101166,7.784542658130349,2999.2014088542746,26352.829383245324,0.8861905351703482,31334.925643983403,24708.721798764935,37961.12948920187,1.1269261233854502,7981.2976695923535,20.84789902340993,900.0,903.0,True
43,120.0,5.0,0.3,Oracle,900,0.3,True,0.28567434614116044,257.10691152704436,0.6977820907567254,30852.829383245324,4500.0,26352.829383245324,29.28092153693925,8.784276461081774,0.0,26352.829383245324,1.0,,,,,,,,,
43,120.0,10.0,0.1,Treat nobody,0,0.0,True,0.0,0.0,0.6120797869143771,0.0,0.0,0.0,0.0,0.0,9194.488773920993,9194.488773920993,0.0,0.0,0.0,0.0,0.0,0.0,,,,
43,120.0,10.0,0.1,Random,300,0.1,True,0.1614892760811547,48.446782824346414,0.6282287145224927,5813.61393892157,3000.0,2813.6139389215696,9.378713129738566,0.9378713129738565,6380.874834999424,9194.488773920993,0.30601091676810027,4010.029920732321,311.8028260314951,7708.257015433148,0.6289617434932429,1196.4159818107514,,,,
43,120.0,10.0,0.1,S-learner,293,0.09766666666666667,True,0.3027780725302978,88.71397525137728,0.6416511119981697,10645.677030165274,2930.0,7715.677030165274,26.33336870363575,2.571892343388425,1478.8117437557194,9194.488773920993,0.8391632444046065,12200.679950433747,8356.933870651079,16044.426030216415,0.6537103249688339,4485.002920268473,12.369020431607506,300.0,293.0,False
43,120.0,10.0,0.1,T-learner,282,0.094,True,0.28924465660921367,81.56699316379826,0.6392687846356433,9788.03917965579,2820.0,6968.039179655791,24.70935879310564,2.32267972655193,2226.449594265203,9194.488773920993,0.7578495499847424,9862.66183104378,6168.776132811151,13556.54752927641,0.6282233971932698,2894.62265138799,15.846255617419516,300.0,282.0,False
43,120.0,10.0,0.1,DR-learner,300,0.1,True,0.2946469503661128,88.39408510983387,0.6415444819509885,10607.290213180064,3000.0,7607.290213180064,25.357634043933547,2.5357634043933546,1587.1985607409297,9194.488773920993,0.8273750069451585,11085.745358063174,7217.9092760829535,14953.581440043394,0.6578073394016791,3478.45514488311,28.081047712328598,300.0,300.0,False
43,120.0,10.0,0.1,Oracle,300,0.1,True,0.33873579927558317,101.62073978267495,0.6459533668419355,12194.488773920993,3000.0,9194.488773920993,30.64829591306998,3.0648295913069976,0.0,9194.488773920993,1.0,,,,,,,,,
43,120.0,10.0,0.2,Treat nobody,0,0.0,True,0.0,0.0,0.6120797869143771,0.0,0.0,0.0,0.0,0.0,16338.548164262615,16338.548164262615,0.0,0.0,0.0,0.0,0.0,0.0,,,,
43,120.0,10.0,0.2,Random,600,0.2,True,0.16197073742719087,97.18244245631453,0.6444739343998154,11661.893094757745,6000.0,5661.893094757745,9.436488491262908,1.8872976982525815,10676.65506950487,16338.548164262615,0.34653587563808336,6524.626646332113,1082.2386750473468,11967.014617616878,0.9255931935847851,862.733551574368,,,,
43,120.0,10.0,0.2,S-learner,600,0.2,True,0.2831200671842035,169.8720403105221,0.668703800351218,20384.64483726265,6000.0,14384.644837262651,23.97440806210442,4.794881612420884,1953.9033269999636,16338.548164262615,0.8804114473724326,19575.574982741797,14234.275618830998,24916.874346652596,0.9084009376434616,5190.930145479146,8.600883910992629,600.0,600.0,False
43,120.0,10.0,0.2,T-learner,600,0.2,True,0.2666270658146962,159.97623948881773,0.6654052000773164,19197.14873865813,6000.0,13197.148738658128,21.995247897763548,4.39904957955271,3141.399425604486,16338.548164262615,0.8077308097376923,21105.78043696599,15686.031876451838,26525.52899748014,0.9217428829074478,7908.631698307861,11.066415290465535,600.0,602.0,True
43,120.0,10.0,0.2,DR-learner,600,0.2,True,0.27819051989537624,166.91431193722576,0.6677178908934525,20029.717432467092,6000.0,14029.717432467092,23.382862387445154,4.676572477489031,2308.8307317955223,16338.548164262615,0.8586881338180562,21353.114594393017,15951.00984415839,26755.219344627643,0.9187421797621012,7323.397161925925,20.912459306458558,600.0,612.0,True
43,120.0,10.0,0.2,Oracle,600,0.2,True,0.31025761339253627,186.15456803552178,0.6741313095928846,22338.548164262615,6000.0,16338.548164262615,27.23091360710436,5.446182721420872,0.0,16338.548164262615,1.0,,,,,,,,,
43,120.0,10.0,0.3,Treat nobody,0,0.0,True,0.0,0.0,0.6120797869143771,0.0,0.0,0.0,0.0,0.0,21852.829383245324,21852.829383245324,0.0,0.0,0.0,0.0,0.0,0.0,,,,
43,120.0,10.0,0.3,Random,900,0.3,True,0.15799699247510723,142.1972932275965,0.6594788846569094,17063.67518731158,9000.0,8063.675187311579,8.959639097012866,2.6878917291038595,13789.154195933745,21852.829383245324,0.36899913717781735,14750.135018354438,7862.849892817304,21637.420143891573,1.1713285175753505,6686.459831042859,,,,
43,120.0,10.0,0.3,S-learner,900,0.3,True,0.26272125281747116,236.44912753572407,0.6908961627596186,28373.89530428689,9000.0,19373.89530428689,21.526550338096545,6.457965101428963,2478.934078958435,21852.829383245324,0.8865623285898601,29625.92029050617,23006.070384864663,36245.77019614768,1.1258455015598996,10252.02498621928,5.547652831539606,900.0,933.0,True
43,120.0,10.0,0.3,T-learner,900,0.3,True,0.25041647270629913,225.3748254356692,0.687204728726267,27044.979052280305,9000.0,18044.979052280305,20.049976724755894,6.014993017426768,3807.8503309650187,21852.829383245324,0.8257502374550859,28029.05900270336,21402.678845868308,34655.439159538415,1.1269561089052482,9984.079950423056,7.310983498350485,900.0,920.0,True
43,120.0,10.0,0.3,DR-learner,900,0.3,True,0.25790396272584304,232.11356645325873,0.6894509757321301,27853.62797439105,9000.0,18853.62797439105,20.948475527101166,6.284542658130349,2999.2014088542746,21852.829383245324,0.8627545497081591,26834.925643983403,20268.022507620535,33401.82878034627,1.1168407834976843,7981.2976695923535,15.84789902340993,900.0,903.0,True
43,120.0,10.0,0.3,Oracle,900,0.3,True,0.28567434614116044,257.10691152704436,0.6977820907567254,30852.829383245324,9000.0,21852.829383245324,24.28092153693925,7.284276461081775,0.0,21852.829383245324,1.0,,,,,,,,,
43,120.0,20.0,0.1,Treat nobody,0,0.0,True,0.0,0.0,0.6120797869143771,0.0,0.0,0.0,0.0,0.0,6194.4887739209935,6194.4887739209935,0.0,0.0,0.0,0.0,0.0,0.0,,,,
43,120.0,20.0,0.1,Random,300,0.1,True,0.1614892760811547,48.446782824346414,0.6282287145224927,5813.61393892157,6000.0,-186.38606107843043,-0.6212868702614348,-0.06212868702614348,6380.874834999424,6194.4887739209935,-0.03008901426427989,1010.0299207323213,-2664.6491935854715,4684.709035050114,0.624956911334969,1196.4159818107519,,,,
43,120.0,20.0,0.1,S-learner,293,0.09766666666666667,True,0.3027780725302978,88.71397525137728,0.6416511119981697,10645.677030165274,5860.0,4785.677030165274,16.33336870363575,1.595225676721758,1408.8117437557194,6194.4887739209935,0.7725701352972235,9270.679950433747,5525.031930544487,13016.327970323006,0.6370266748835614,4485.002920268473,2.369020431607506,300.0,293.0,False
43,120.0,20.0,0.1,T-learner,282,0.094,True,0.28924465660921367,81.56699316379826,0.6392687846356433,9788.03917965579,5640.0,4148.039179655791,14.70935879310564,1.3826797265519302,2046.449594265203,6194.4887739209935,0.6696338198430798,7042.6618310437825,3429.3214159281683,10656.002246159396,0.6145249680805673,2894.622651387992,5.846255617419516,300.0,282.0,False
43,120.0,20.0,0.1,DR-learner,300,0.1,True,0.2946469503661128,88.39408510983387,0.6415444819509885,10607.290213180064,6000.0,4607.290213180064,15.357634043933546,1.5357634043933546,1587.1985607409297,6194.4887739209935,0.7437724695824635,8085.745358063174,4304.5925556939255,11866.898160432422,0.6430650141523857,3478.45514488311,18.081047712328598,300.0,300.0,False
43,120.0,20.0,0.1,Oracle,300,0.1,True,0.33873579927558317,101.62073978267495,0.6459533668419355,12194.488773920993,6000.0,6194.4887739209935,20.64829591306998,2.0648295913069976,0.0,6194.4887739209935,1.0,,,,,,,,,
43,120.0,20.0,0.2,Treat nobody,0,0.0,True,0.0,0.0,0.6120797869143771,0.0,0.0,0.0,0.0,0.0,10338.548164262615,10338.548164262615,0.0,0.0,0.0,0.0,0.0,0.0,,,,
43,120.0,20.0,0.2,Random,600,0.2,True,0.16197073742719087,97.18244245631453,0.6444739343998154,11661.893094757745,12000.0,-338.1069052422554,-0.5635115087370923,-0.11270230174741847,10676.65506950487,10338.548164262615,-0.03270351889552477,524.6266463321117,-4897.815540008518,5947.068832672741,0.922200990955644,862.7335515743671,,,,
43,120.0,20.0,0.2,S-learner,484,0.16133333333333333,True,0.2914901315493796,141.08122366989974,0.6591068614710105,16929.74684038797,9680.0,7249.746840387968,14.978815785925555,2.416582280129323,3088.801323874646,10338.548164262615,0.7012345181549047,11772.514361582591,6936.228654166954,16608.80006899823,0.822512683151943,4522.7675211946225,0.002369183684599818,484.0,484.0,False
43,120.0,20.0,0.2,T-learner,600,0.2,True,0.2666270658146962,159.97623948881773,0.6654052000773164,19197.14873865813,12000.0,7197.148738658128,11.995247897763548,2.3990495795527096,3141.399425604486,10338.548164262615,0.6961469467769759,15105.78043696599,9789.723474441074,20421.8373994909,0.9041079333527376,7908.631698307861,1.0664152904655353,600.0,602.0,True
43,120.0,20.0,0.2,DR-learner,600,0.2,True,0.27819051989537624,166.91431193722576,0.6677178908934525,20029.717432467092,12000.0,8029.717432467092,13.382862387445154,2.6765724774890307,2308.8307317955223,10338.548164262615,0.77667747007491,15353.11459439302,10056.482093509745,20649.747095276296,0.9008043927783773,7323.397161925928,10.912459306458558,600.0,612.0,True
43,120.0,20.0,0.2,Oracle,600,0.2,True,0.31025761339253627,186.15456803552178,0.6741313095928846,22338.548164262615,12000.0,10338.548164262615,17.23091360710436,3.4461827214208713,0.0,10338.548164262615,1.0,,,,,,,,,
43,120.0,20.0,0.3,Treat nobody,0,0.0,True,0.0,0.0,0.6120797869143771,0.0,0.0,0.0,0.0,0.0,12852.829383245324,12852.829383245324,0.0,0.0,0.0,0.0,0.0,0.0,,,,
43,120.0,20.0,0.3,Random,900,0.3,True,0.15799699247510723,142.1972932275965,0.6594788846569094,17063.67518731158,18000.0,-936.3248126884209,-1.0403609029871344,-0.3121082708961403,13789.154195933745,12852.829383245324,-0.07284970373208206,5750.135018354436,-1096.9998557998126,12597.269892508686,1.1645001180571986,6686.459831042857,,,,
43,120.0,20.0,0.3,S-learner,484,0.16133333333333333,True,0.2914901315493796,141.08122366989974,0.6591068614710105,16929.74684038797,9680.0,7249.746840387968,14.978815785925555,2.416582280129323,5603.082542857355,12852.829383245324,0.564058436023323,11772.514361582591,6936.228654166954,16608.80006899823,0.822512683151943,4522.7675211946225,0.002369183684599818,484.0,484.0,False
43,120.0,20.0,0.3,T-learner,684,0.228,True,0.26374956376435255,180.40470161481716,0.6722146874526496,21648.56419377806,13680.0,7968.56419377806,11.64994765172231,2.6561880645926865,4884.265189467264,12852.829383245324,0.6199852154083452,18260.73367215137,12662.56500385854,23858.9023404442,0.9520869962323242,10292.169478373311,0.011048821861102454,679.0,684.0,False
43,120.0,20.0,0.3,DR-learner,900,0.3,True,0.25790396272584304,232.11356645325873,0.6894509757321301,27853.62797439105,18000.0,9853.627974391049,10.948475527101166,3.28454265813035,2999.2014088542746,12852.829383245324,0.7666504923216385,17834.9256439834,11360.15657356871,24309.694714398087,1.1011714367350354,7981.29766959235,5.84789902340993,900.0,903.0,True
43,120.0,20.0,0.3,Oracle,900,0.3,True,0.28567434614116044,257.10691152704436,0.6977820907567254,30852.829383245324,18000.0,12852.829383245324,14.280921536939248,4.284276461081775,0.0,12852.829383245324,1.0,,,,,,,,,
44,40.0,5.0,0.1,Treat nobody,0,0.0,True,0.0,0.0,0.6129860186447913,0.0,0.0,0.0,0.0,0.0,2557.8942970396274,2557.8942970396274,0.0,0.0,0.0,0.0,0.0,0.0,,,,
44,40.0,5.0,0.1,Random,300,0.1,True,0.1599553299471232,47.98659898413696,0.6289815516395036,1919.4639593654783,1500.0,419.46395936547833,1.3982131978849277,0.13982131978849277,2138.430337674149,2557.8942970396274,0.16398799584914198,83.99550287709056,-1257.7845768817035,1425.7755826358846,0.2281980843087908,-335.4684564883878,,,,
44,40.0,5.0,0.1,S-learner,300,0.1,True,0.30640355492147964,91.92106647644388,0.6436263741369393,3676.8426590577556,1500.0,2176.8426590577556,7.2561421968591855,0.7256142196859185,381.05163798187186,2557.8942970396274,0.8510291694137319,1123.1057915671659,-304.2814525654133,2550.493035699745,0.24275739339967944,-1053.7368674905897,2.122618195778589,300.0,311.0,True
44,40.0,5.0,0.1,T-learner,300,0.1,True,0.2967242422631701,89.01727267895103,0.6426584428711083,3560.6909071580412,1500.0,2060.6909071580412,6.8689696905268045,0.6868969690526804,497.2033898815862,2557.8942970396274,0.8056200404930637,987.6773142626531,-459.5465320235097,2434.901160548816,0.2461310271858191,-1073.0135928953882,3.077130222246332,300.0,335.0,True
44,40.0,5.0,0.1,DR-learner,300,0.1,True,0.3033406406639538,91.00219219918614,0.6433200827111867,3640.0876879674456,1500.0,2140.0876879674456,7.133625626558152,0.7133625626558152,417.8066090721818,2557.8942970396274,0.836659939562112,1662.4722386237888,293.0662464094358,3031.878230838142,0.23289645507367368,-477.6154493436568,6.885036945691734,300.0,334.0,True
44,40.0,5.0,0.1,Oracle,300,0.1,True,0.3381578580866356,101.44735742599069,0.646801804453455,4057.8942970396274,1500.0,2557.8942970396274,8.526314323465424,0.8526314323465425,0.0,2557.8942970396274,1.0,,,,,,,,,
44,40.0,5.0,0.2,Treat nobody,0,0.0,True,0.0,0.0,0.6129860186447913,0.0,0.0,0.0,0.0,0.0,4437.3284952098265,4437.3284952098265,0.0,0.0,0.0,0.0,0.0,0.0,,,,
44,40.0,5.0,0.2,Random,600,0.2,True,0.15283406325219936,91.70043795131961,0.6435528312952312,3668.0175180527845,3000.0,668.0175180527845,1.1133625300879741,0.2226725060175948,3769.310977157042,4437.3284952098265,0.15054497740564418,-1015.6016758452419,-2817.5986371985996,786.3952855081162,0.30646769967327303,-1683.6191938980264,,,,
44,40.0,5.0,0.2,S-learner,600,0.2,True,0.2819790969063006,169.18745814378033,0.6693818380260514,6767.498325751213,3000.0,3767.498325751213,6.279163876252022,1.2558327752504044,669.8301694586135,4437.3284952098265,0.8490465219823804,2441.1787939055284,430.0814753769294,4452.276112434127,0.3420296383661262,-1326.3195318456847,0.8819779619531953,600.0,611.0,True
44,40.0,5.0,0.2,T-learner,600,0.2,True,0.271076076500928,162.64564590055681,0.6672012339449771,6505.825836022273,3000.0,3505.8258360222726,5.843043060037121,1.1686086120074242,931.502659187554,4437.3284952098265,0.7900757944350689,2836.2830991460633,934.5273786374778,4738.038819654648,0.32343378679564055,-669.5427368762093,1.5502829894620458,600.0,623.0,True
44,40.0,5.0,0.2,DR-learner,600,0.2,True,0.2816366790768769,168.98200744612615,0.6693133544601667,6759.280297845045,3000.0,3759.2802978450454,6.265467163075075,1.2530934326150152,678.0481973647811,4437.3284952098265,0.8471945004529762,2548.185720428206,595.8437394006147,4500.527701455798,0.3320370504130716,-1211.0945774168395,4.637731000437256,600.0,664.0,True
44,40.0,5.0,0.2,Oracle,600,0.2,True,0.3098886873004094,185.93321238024566,0.6749637561048731,7437.3284952098265,3000.0,4437.3284952098265,7.3955474920163775,1.4791094984032755,0.0,4437.3284952098265,1.0,,,,,,,,,
44,40.0,5.0,0.3,Treat nobody,0,0.0,True,0.0,0.0,0.6129860186447913,0.0,0.0,0.0,0.0,0.0,5784.946285909846,5784.946285909846,0.0,0.0,0.0,0.0,0.0,0.0,,,,
44,40.0,5.0,0.3,Random,900,0.3,True,0.16427126647997461,147.84413983197717,0.6622673985887838,5913.765593279087,4500.0,1413.7655932790867,1.5708506591989853,0.4712551977596956,4371.180692630759,5784.946285909846,0.24438698708794188,930.9371164209233,-1229.3192740091072,3091.1935068509533,0.367397293601627,-482.8284768581634,,,,
44,40.0,5.0,0.3,S-learner,871,0.29033333333333333,True,0.2629838427688658,229.05892705168213,0.6893389943286854,9162.357082067285,4355.0,4807.357082067285,5.519353710754633,1.602452360689095,977.5892038425609,5784.946285909846,0.8310115331193939,4081.434599307735,1693.1290824451908,6469.740116170278,0.40618187131688716,-725.9224827595499,0.0015571723449747665,823.0,871.0,False
44,40.0,5.0,0.3,T-learner,900,0.3,True,0.25446686580473693,229.02017922426325,0.6893260783862124,9160.80716897053,4500.0,4660.80716897053,5.178674632189478,1.5536023896568434,1124.1391169393155,5784.946285909846,0.8056785557927592,3664.6709659418,1385.5093136019666,5943.832618281634,0.38761964851013775,-996.13620302873,0.38400667893732976,900.0,925.0,True
44,40.0,5.0,0.3,DR-learner,900,0.3,True,0.2616134489214866,235.45210402933793,0.6914700533212373,9418.084161173518,4500.0,4918.084161173518,5.4645379568594645,1.6393613870578392,866.862124736328,5784.946285909846,0.8501520875227989,4010.499510996328,1682.6368361976943,6338.362185794961,0.3959022875182942,-907.5846501771898,2.8544938472315025,900.0,974.0,True
44,40.0,5.0,0.3,Oracle,900,0.3,True,0.28569295238638454,257.12365714774614,0.6986939043607069,10284.946285909846,4500.0,5784.946285909846,6.4277180954553845,1.9283154286366153,0.0,5784.946285909846,1.0,,,,,,,,,
44,40.0,10.0,0.1,Treat nobody,0,0.0,True,0.0,0.0,0.6129860186447913,0.0,0.0,0.0,0.0,0.0,1057.8942970396274,1057.8942970396274,0.0,0.0,0.0,0.0,0.0,0.0,,,,
44,40.0,10.0,0.1,Random,300,0.1,True,0.1599553299471232,47.98659898413696,0.6289815516395036,1919.4639593654783,3000.0,-1080.5360406345217,-3.6017868021150723,-0.36017868021150723,2138.430337674149,1057.8942970396274,-1.0214026520969572,-1416.0044971229095,-2766.340499729002,-65.66849451681695,0.22965319996649106,-335.4684564883878,,,,
44,40.0,10.0,0.1,S-learner,22,0.007333333333333333,True,0.34044831206427967,7.489862865414153,0.6154826395999293,299.59451461656613,220.0,79.59451461656613,3.6179324825711876,0.02653150487218871,978.2997824230613,1057.8942970396274,0.07523862718543857,-264.2090794333129,-698.0813789566611,169.66322009003528,0.07378916193455215,-343.80359404987905,0.07303456930234375,19.0,22.0,False
44,40.0,10.0,0.1,T-learner,108,0.036,True,0.3150280305983179,34.02302730461833,0.6243270277463308,1360.9210921847332,1080.0,280.9210921847332,2.6011212239327146,0.09364036406157773,776.9732048548942,1057.8942970396274,0.2655474114671499,-652.3896266213806,-1535.4541317957667,230.67487855300553,0.1501837979574942,-933.3107188061138,0.013659762705451328,81.0,108.0,False
44,40.0,10.0,0.1,DR-learner,300,0.1,True,0.3033406406639538,91.00219219918614,0.6433200827111867,3640.0876879674456,3000.0,640.0876879674456,2.133625626558152,0.2133625626558152,417.8066090721818,1057.8942970396274,0.605058265044668,162.47223862378925,-1195.362519940483,1520.3069971880618,0.23092852203317682,-477.61544934365634,1.8850369456917342,300.0,334.0,True
44,40.0,10.0,0.1,Oracle,300,0.1,True,0.3381578580866356,101.44735742599069,0.646801804453455,4057.8942970396274,3000.0,1057.8942970396274,3.526314323465425,0.3526314323465425,0.0,1057.8942970396274,1.0,,,,,,,,,
44,40.0,10.0,0.2,Treat nobody,0,0.0,True,0.0,0.0,0.6129860186447913,0.0,0.0,0.0,0.0,0.0,1437.3284952098265,1437.3284952098265,0.0,0.0,0.0,0.0,0.0,0.0,,,,
44,40.0,10.0,0.2,Random,600,0.2,True,0.15283406325219936,91.70043795131961,0.6435528312952312,3668.0175180527845,6000.0,-2331.9824819472155,-3.886637469912026,-0.7773274939824052,3769.310977157042,1437.3284952098265,-1.6224422529150402,-4015.601675845242,-5838.930354071689,-2192.2729976187948,0.31009560934259195,-1683.6191938980264,,,,
44,40.0,10.0,0.2,S-learner,22,0.007333333333333333,True,0.34044831206427967,7.489862865414153,0.6154826395999293,299.59451461656613,220.0,79.59451461656613,3.6179324825711876,0.02653150487218871,1357.7339805932604,1437.3284952098265,0.05537670399065359,-264.2090794333129,-698.0813789566611,169.66322009003528,0.07378916193455215,-343.80359404987905,0.07303456930234375,19.0,22.0,False
44,40.0,10.0,0.2,T-learner,108,0.036,True,0.3150280305983179,34.02302730461833,0.6243270277463308,1360.9210921847332,1080.0,280.9210921847332,2.6011212239327146,0.09364036406157773,1156.4074030250933,1437.3284952098265,0.1954466867671216,-652.3896266213806,-1535.4541317957667,230.67487855300553,0.1501837979574942,-933.3107188061138,0.013659762705451328,81.0,108.0,False
44,40.0,10.0,0.2,DR-learner,600,0.2,True,0.2816366790768769,168.98200744612615,0.6693133544601667,6759.280297845045,6000.0,759.2802978450454,1.2654671630750758,0.25309343261501516,678.0481973647811,1437.3284952098265,0.528258015043529,-451.81427957179415,-2395.8862873820103,1492.257728238422,0.33063056653843453,-1211.0945774168395,0.004373313669630008,556.0,606.0,True
44,40.0,10.0,0.2,Oracle,600,0.2,True,0.3098886873004094,185.93321238024566,0.6749637561048731,7437.3284952098265,6000.0,1437.3284952098265,2.3955474920163775,0.4791094984032755,0.0,1437.3284952098265,1.0,,,,,,,,,
44,40.0,10.0,0.3,Treat nobody,0,0.0,True,0.0,0.0,0.6129860186447913,0.0,0.0,0.0,0.0,0.0,1446.8953414169118,1446.8953414169118,0.0,0.0,0.0,0.0,0.0,0.0,,,,
44,40.0,10.0,0.3,Random,900,0.3,True,0.16427126647997461,147.84413983197717,0.6622673985887838,5913.765593279087,9000.0,-3086.2344067209133,-3.4291493408010147,-1.0287448022403045,4533.129748137825,1446.8953414169118,-2.1330045915405558,-3569.0628835790767,-5737.5161064717995,-1400.6096606863541,0.36879133834383443,-482.8284768581634,,,,
44,40.0,10.0,0.3,S-learner,22,0.007333333333333333,True,0.34044831206427967,7.489862865414153,0.6154826395999293,299.59451461656613,220.0,79.59451461656613,3.6179324825711876,0.02653150487218871,1367.3008268003457,1446.8953414169118,0.055010554210936244,-264.2090794333129,-698.0813789566611,169.66322009003528,0.07378916193455215,-343.80359404987905,0.07303456930234375,19.0,22.0,False
44,40.0,10.0,0.3,T-learner,108,0.036,True,0.3150280305983179,34.02302730461833,0.6243270277463308,1360.9210921847332,1080.0,280.9210921847332,2.6011212239327146,0.09364036406157773,1165.9742492321786,1446.8953414169118,0.1941543967579808,-652.3896266213806,-1535.4541317957667,230.67487855300553,0.1501837979574942,-933.3107188061138,0.013659762705451328,81.0,108.0,False
44,40.0,10.0,0.3,DR-learner,606,0.202,True,0.28099894609363013,170.28536133273983,0.6697478057557046,6811.414453309593,6060.0,751.4144533095932,1.2399578437452032,0.25047148443653106,695.4808881073186,1446.8953414169118,0.5193288220651467,-397.28077672071873,-2347.6454924242894,1553.0839389828518,0.33170077462099634,-1148.695230030312,0.004373313669630008,556.0,606.0,False
44,40.0,10.0,0.3,Oracle,659,0.21966666666666668,True,0.30488980809624094,200.9223835354228,0.6799601464899323,8036.895341416912,6590.0,1446.8953414169118,2.1955923238496386,0.48229844713897063,0.0,1446.8953414169118,1.0,,,,,,,,,
44,40.0,20.0,0.1,Treat nobody,0,0.0,True,0.0,0.0,0.6129860186447913,0.0,0.0,0.0,0.0,0.0,0.0,0.0,,0.0,0.0,0.0,0.0,0.0,,,,
44,40.0,20.0,0.1,Random,300,0.1,True,0.1599553299471232,47.98659898413696,0.6289815516395036,1919.4639593654783,6000.0,-4080.5360406345217,-13.601786802115072,-1.3601786802115072,4080.5360406345217,0.0,,-4416.00449712291,-5839.066461392946,-2992.9425328528746,0.24202178806940108,-335.46845648838826,,,,
44,40.0,20.0,0.1,S-learner,0,0.0,True,0.0,0.0,0.6129860186447913,0.0,0.0,0.0,0.0,0.0,0.0,0.0,,0.0,0.0,0.0,0.0,0.0,,0.0,0.0,False
44,40.0,20.0,0.1,T-learner,0,0.0,True,0.0,0.0,0.6129860186447913,0.0,0.0,0.0,0.0,0.0,0.0,0.0,,0.0,0.0,0.0,0.0,0.0,,0.0,0.0,False
44,40.0,20.0,0.1,DR-learner,0,0.0,True,0.0,0.0,0.6129860186447913,0.0,0.0,0.0,0.0,0.0,0.0,0.0,,0.0,0.0,0.0,0.0,0.0,0.23054613282243963,2.0,0.0,False
44,40.0,20.0,0.1,Oracle,0,0.0,True,0.0,0.0,0.6129860186447913,0.0,0.0,0.0,0.0,0.0,0.0,0.0,,,,,,,,,,
44,40.0,20.0,0.2,Treat nobody,0,0.0,True,0.0,0.0,0.6129860186447913,0.0,0.0,0.0,0.0,0.0,0.0,0.0,,0.0,0.0,0.0,0.0,0.0,,,,
44,40.0,20.0,0.2,Random,600,0.2,True,0.15283406325219936,91.70043795131961,0.6435528312952312,3668.0175180527845,12000.0,-8331.982481947216,-13.886637469912026,-2.7773274939824053,8331.982481947216,0.0,,-10015.601675845242,-11953.60930480833,-8077.5940468821545,0.3295991906398698,-1683.6191938980264,,,,
44,40.0,20.0,0.2,S-learner,0,0.0,True,0.0,0.0,0.6129860186447913,0.0,0.0,0.0,0.0,0.0,0.0,0.0,,0.0,0.0,0.0,0.0,0.0,,0.0,0.0,False
44,40.0,20.0,0.2,T-learner,0,0.0,True,0.0,0.0,0.6129860186447913,0.0,0.0,0.0,0.0,0.0,0.0,0.0,,0.0,0.0,0.0,0.0,0.0,,0.0,0.0,False
44,40.0,20.0,0.2,DR-learner,0,0.0,True,0.0,0.0,0.6129860186447913,0.0,0.0,0.0,0.0,0.0,0.0,0.0,,0.0,0.0,0.0,0.0,0.0,0.23054613282243963,2.0,0.0,False
44,40.0,20.0,0.2,Oracle,0,0.0,True,0.0,0.0,0.6129860186447913,0.0,0.0,0.0,0.0,0.0,0.0,0.0,,,,,,,,,,
44,40.0,20.0,0.3,Treat nobody,0,0.0,True,0.0,0.0,0.6129860186447913,0.0,0.0,0.0,0.0,0.0,0.0,0.0,,0.0,0.0,0.0,0.0,0.0,,,,
44,40.0,20.0,0.3,Random,900,0.3,True,0.16427126647997461,147.84413983197717,0.6622673985887838,5913.765593279087,18000.0,-12086.234406720912,-13.429149340801013,-4.028744802240304,12086.234406720912,0.0,,-12569.062883579078,-14835.401715195205,-10302.724051962949,0.3854388566138153,-482.82847685816523,,,,
44,40.0,20.0,0.3,S-learner,0,0.0,True,0.0,0.0,0.6129860186447913,0.0,0.0,0.0,0.0,0.0,0.0,0.0,,0.0,0.0,0.0,0.0,0.0,,0.0,0.0,False
44,40.0,20.0,0.3,T-learner,0,0.0,True,0.0,0.0,0.6129860186447913,0.0,0.0,0.0,0.0,0.0,0.0,0.0,,0.0,0.0,0.0,0.0,0.0,,0.0,0.0,False
44,40.0,20.0,0.3,DR-learner,0,0.0,True,0.0,0.0,0.6129860186447913,0.0,0.0,0.0,0.0,0.0,0.0,0.0,,0.0,0.0,0.0,0.0,0.0,0.23054613282243963,2.0,0.0,False
44,40.0,20.0,0.3,Oracle,0,0.0,True,0.0,0.0,0.6129860186447913,0.0,0.0,0.0,0.0,0.0,0.0,0.0,,,,,,,,,,
44,80.0,5.0,0.1,Treat nobody,0,0.0,True,0.0,0.0,0.6129860186447913,0.0,0.0,0.0,0.0,0.0,6615.788594079255,6615.788594079255,0.0,0.0,0.0,0.0,0.0,0.0,,,,
44,80.0,5.0,0.1,Random,300,0.1,True,0.1599553299471232,47.98659898413696,0.6289815516395036,3838.9279187309567,1500.0,2338.9279187309567,7.796426395769855,0.7796426395769855,4276.860675348298,6615.788594079255,0.35353728213506713,1667.9910057541813,-1021.4780002707918,4357.460011779154,0.45740109295190495,-670.9369129767754,,,,
44,80.0,5.0,0.1,S-learner,300,0.1,True,0.30640355492147964,91.92106647644388,0.6436263741369393,7353.685318115511,1500.0,5853.685318115511,19.51228439371837,1.951228439371837,762.1032759637437,6615.788594079255,0.8848053765433525,3746.2115831343312,873.3453609503297,6619.077805318333,0.4885916688341903,-2107.47373498118,9.245236391557178,300.0,311.0,True
44,80.0,5.0,0.1,T-learner,300,0.1,True,0.2967242422631701,89.01727267895103,0.6426584428711083,7121.3818143160825,1500.0,5621.3818143160825,18.737939381053607,1.8737939381053608,994.4067797631724,6615.788594079255,0.8496918748804778,3475.354628525307,564.6703616014217,6386.038895449192,0.495023427281146,-2146.0271857907755,11.154260444492664,300.0,335.0,True
44,80.0,5.0,0.1,DR-learner,300,0.1,True,0.3033406406639538,91.00219219918614,0.6433200827111867,7280.175375934891,1500.0,5780.175375934891,19.267251253116303,1.9267251253116304,835.6132181443636,6615.788594079255,0.8736940870673847,4824.944477247579,2060.5238063732763,7589.365148121883,0.47014820896024984,-955.2308986873122,18.77007389138347,300.0,334.0,True
44,80.0,5.0,0.1,Oracle,300,0.1,True,0.3381578580866356,101.44735742599069,0.646801804453455,8115.788594079255,1500.0,6615.788594079255,22.05262864693085,2.205262864693085,0.0,6615.788594079255,1.0,,,,,,,,,
44,80.0,5.0,0.2,Treat nobody,0,0.0,True,0.0,0.0,0.6129860186447913,0.0,0.0,0.0,0.0,0.0,11874.656990419653,11874.656990419653,0.0,0.0,0.0,0.0,0.0,0.0,,,,
44,80.0,5.0,0.2,Random,600,0.2,True,0.15283406325219936,91.70043795131961,0.6435528312952312,7336.035036105569,3000.0,4336.035036105569,7.226725060175948,1.4453450120351896,7538.621954314084,11874.656990419653,0.36515033988803514,968.7966483095162,-2632.9309906293583,4570.5242872483905,0.6125499698546918,-3367.238387796053,,,,
44,80.0,5.0,0.2,S-learner,600,0.2,True,0.2819790969063006,169.18745814378033,0.6693818380260514,13534.996651502426,3000.0,10534.996651502426,17.558327752504045,3.5116655505008088,1339.660338917227,11874.656990419653,0.8871832390613008,7882.357587811057,3835.8460517886056,11928.869123833507,0.6881948797598356,-2652.6390636913693,6.763955923906391,600.0,611.0,True
44,80.0,5.0,0.2,T-learner,600,0.2,True,0.271076076500928,162.64564590055681,0.6672012339449771,13011.651672044545,3000.0,10011.651672044545,16.686086120074243,3.3372172240148483,1863.005318375108,11874.656990419653,0.8431108098635471,8672.566198292127,4840.178206067908,12504.954190516344,0.651778641929751,-1339.0854737524187,8.100565978924092,600.0,623.0,True
44,80.0,5.0,0.2,DR-learner,600,0.2,True,0.2816366790768769,168.98200744612615,0.6693133544601667,13518.56059569009,3000.0,10518.56059569009,17.530934326150152,3.5061868652300303,1356.0963947295622,11874.656990419653,0.8857991101702014,8096.371440856412,4165.806347563115,12026.936534149709,0.6684757346388495,-2422.189154833679,14.275462000874512,600.0,664.0,True
44,80.0,5.0,0.2,Oracle,600,0.2,True,0.3098886873004094,185.93321238024566,0.6749637561048731,14874.656990419653,3000.0,11874.656990419653,19.791094984032757,3.958218996806551,0.0,11874.656990419653,1.0,,,,,,,,,
44,80.0,5.0,0.3,Treat nobody,0,0.0,True,0.0,0.0,0.6129860186447913,0.0,0.0,0.0,0.0,0.0,16069.892571819692,16069.892571819692,0.0,0.0,0.0,0.0,0.0,0.0,,,,
44,80.0,5.0,0.3,Random,900,0.3,True,0.16427126647997461,147.84413983197717,0.6622673985887838,11827.531186558173,4500.0,7327.531186558173,8.14170131839797,2.442510395519391,8742.361385261518,16069.892571819692,0.455978853238123,6361.874232841847,2028.5802516949839,10695.16821398871,0.7369683006639126,-965.6569537163268,,,,
44,80.0,5.0,0.3,S-learner,900,0.3,True,0.26117958487736864,235.06162638963178,0.6913398941080019,18804.930111170543,4500.0,14304.930111170543,15.894366790189492,4.768310037056848,1764.9624606491489,16069.892571819692,0.8901696167064488,12356.169609747176,7489.863595649639,17222.47562384471,0.8276182713019795,-1948.7605014233668,4.437253257536069,900.0,944.0,True
44,80.0,5.0,0.3,T-learner,900,0.3,True,0.25446686580473693,229.02017922426325,0.6893260783862124,18321.61433794106,4500.0,13821.61433794106,15.357349264378955,4.607204779313687,2248.278233878631,16069.892571819692,0.86009376081199,11829.341931883602,7242.84132956682,16415.842534200383,0.7800314424983512,-1992.2724060574583,5.7680133578746595,900.0,925.0,True
44,80.0,5.0,0.3,DR-learner,900,0.3,True,0.2616134489214866,235.45210402933793,0.6914700533212373,18836.168322347035,4500.0,14336.168322347035,15.929075913718929,4.778722774115678,1733.724249472656,16069.892571819692,0.8921135134087373,12520.999021992655,7835.696474320201,17206.301569665113,0.796834803195284,-1815.1693003543805,10.708987694463005,900.0,974.0,True
44,80.0,5.0,0.3,Oracle,900,0.3,True,0.28569295238638454,257.12365714774614,0.6986939043607069,20569.89257181969,4500.0,16069.892571819692,17.85543619091077,5.35663085727323,0.0,16069.892571819692,1.0,,,,,,,,,
44,80.0,10.0,0.1,Treat nobody,0,0.0,True,0.0,0.0,0.6129860186447913,0.0,0.0,0.0,0.0,0.0,5115.788594079255,5115.788594079255,0.0,0.0,0.0,0.0,0.0,0.0,,,,
44,80.0,10.0,0.1,Random,300,0.1,True,0.1599553299471232,47.98659898413696,0.6289815516395036,3838.9279187309567,3000.0,838.9279187309567,2.7964263957698554,0.27964263957698554,4276.860675348298,5115.788594079255,0.16398799584914198,167.99100575418112,-2515.569153763407,2851.551165271769,0.4563961686175816,-670.9369129767756,,,,
44,80.0,10.0,0.1,S-learner,300,0.1,True,0.30640355492147964,91.92106647644388,0.6436263741369393,7353.685318115511,3000.0,4353.685318115511,14.512284393718371,1.451228439371837,762.1032759637437,5115.788594079255,0.8510291694137319,2246.2115831343317,-608.5629051308266,5100.98607139949,0.4855147867993589,-2107.4737349811794,4.245236391557178,300.0,311.0,True
44,80.0,10.0,0.1,T-learner,300,0.1,True,0.2967242422631701,89.01727267895103,0.6426584428711083,7121.3818143160825,3000.0,4121.3818143160825,13.737939381053609,1.3737939381053608,994.4067797631724,5115.788594079255,0.8056200404930637,1975.3546285253062,-919.0930640470194,4869.802321097632,0.4922620543716382,-2146.0271857907765,6.154260444492664,300.0,335.0,True
44,80.0,10.0,0.1,DR-learner,300,0.1,True,0.3033406406639538,91.00219219918614,0.6433200827111867,7280.175375934891,3000.0,4280.175375934891,14.267251253116305,1.4267251253116304,835.6132181443636,5115.788594079255,0.836659939562112,3324.9444772475777,586.1324928188716,6063.756461676284,0.46579291014734736,-955.2308986873136,13.770073891383468,300.0,334.0,True
44,80.0,10.0,0.1,Oracle,300,0.1,True,0.3381578580866356,101.44735742599069,0.646801804453455,8115.788594079255,3000.0,5115.788594079255,17.05262864693085,1.705262864693085,0.0,5115.788594079255,1.0,,,,,,,,,
44,80.0,10.0,0.2,Treat nobody,0,0.0,True,0.0,0.0,0.6129860186447913,0.0,0.0,0.0,0.0,0.0,8874.656990419653,8874.656990419653,0.0,0.0,0.0,0.0,0.0,0.0,,,,
44,80.0,10.0,0.2,Random,600,0.2,True,0.15283406325219936,91.70043795131961,0.6435528312952312,7336.035036105569,6000.0,1336.035036105569,2.2267250601759483,0.4453450120351896,7538.621954314084,8874.656990419653,0.15054497740564418,-2031.2033516904837,-5635.197274397199,1572.7905710162324,0.6129353993465461,-3367.238387796053,,,,
44,80.0,10.0,0.2,S-learner,600,0.2,True,0.2819790969063006,169.18745814378033,0.6693818380260514,13534.996651502426,6000.0,7534.996651502426,12.558327752504043,2.5116655505008088,1339.660338917227,8874.656990419653,0.8490465219823804,4882.357587811057,860.1629507538588,8904.552224868254,0.6840592767322524,-2652.6390636913693,1.7639559239063907,600.0,611.0,True
44,80.0,10.0,0.2,T-learner,600,0.2,True,0.271076076500928,162.64564590055681,0.6672012339449771,13011.651672044545,6000.0,7011.651672044545,11.686086120074242,2.3372172240148483,1863.005318375108,8874.656990419653,0.7900757944350689,5672.5661982921265,1869.0547572749556,9476.077639309297,0.6468675735912811,-1339.0854737524187,3.1005659789240916,600.0,623.0,True
44,80.0,10.0,0.2,DR-learner,600,0.2,True,0.2816366790768769,168.98200744612615,0.6693133544601667,13518.56059569009,6000.0,7518.560595690091,12.53093432615015,2.5061868652300303,1356.0963947295622,8874.656990419653,0.8471945004529762,5096.371440856412,1191.6874788012294,9001.055402911596,0.6640741008261432,-2422.189154833679,9.275462000874512,600.0,664.0,True
44,80.0,10.0,0.2,Oracle,600,0.2,True,0.3098886873004094,185.93321238024566,0.6749637561048731,14874.656990419653,6000.0,8874.656990419653,14.791094984032755,2.958218996806551,0.0,8874.656990419653,1.0,,,,,,,,,
44,80.0,10.0,0.3,Treat nobody,0,0.0,True,0.0,0.0,0.6129860186447913,0.0,0.0,0.0,0.0,0.0,11569.892571819692,11569.892571819692,0.0,0.0,0.0,0.0,0.0,0.0,,,,
44,80.0,10.0,0.3,Random,900,0.3,True,0.16427126647997461,147.84413983197717,0.6622673985887838,11827.531186558173,9000.0,2827.5311865581734,3.1417013183979705,0.9425103955193912,8742.361385261518,11569.892571819692,0.24438698708794188,1861.8742328418466,-2458.6385480182144,6182.387013701907,0.734794587203254,-965.6569537163268,,,,
44,80.0,10.0,0.3,S-learner,871,0.29033333333333333,True,0.2629838427688658,229.05892705168213,0.6893389943286854,18324.71416413457,8710.0,9614.71416413457,11.038707421509265,3.20490472137819,1955.1784076851218,11569.892571819692,0.8310115331193939,8162.86919861547,3386.2581648903815,12939.480232340557,0.8123637426337743,-1451.8449655190998,0.003114344689949533,823.0,871.0,False
44,80.0,10.0,0.3,T-learner,900,0.3,True,0.25446686580473693,229.02017922426325,0.6893260783862124,18321.61433794106,9000.0,9321.61433794106,10.357349264378955,3.1072047793136868,2248.278233878631,11569.892571819692,0.8056785557927592,7329.3419318836,2771.018627203933,11887.665236563267,0.7752392970202755,-1992.27240605746,0.7680133578746595,900.0,925.0,True
44,80.0,10.0,0.3,DR-learner,900,0.3,True,0.2616134489214866,235.45210402933793,0.6914700533212373,18836.168322347035,9000.0,9836.168322347035,10.929075913718929,3.2787227741156784,1733.724249472656,11569.892571819692,0.8501520875227989,8020.999021992656,3365.2736723953885,12676.724371589922,0.7918045750365884,-1815.1693003543796,5.708987694463005,900.0,974.0,True
44,80.0,10.0,0.3,Oracle,900,0.3,True,0.28569295238638454,257.12365714774614,0.6986939043607069,20569.89257181969,9000.0,11569.892571819692,12.855436190910769,3.8566308572732306,0.0,11569.892571819692,1.0,,,,,,,,,
44,80.0,20.0,0.1,Treat nobody,0,0.0,True,0.0,0.0,0.6129860186447913,0.0,0.0,0.0,0.0,0.0,2115.788594079255,2115.788594079255,0.0,0.0,0.0,0.0,0.0,0.0,,,,
44,80.0,20.0,0.1,Random,300,0.1,True,0.1599553299471232,47.98659898413696,0.6289815516395036,3838.9279187309567,6000.0,-2161.0720812690433,-7.203573604230145,-0.7203573604230145,4276.860675348298,2115.788594079255,-1.0214026520969572,-2832.008994245819,-5532.680999458004,-131.3369890336339,0.4593063999329821,-670.9369129767756,,,,
44,80.0,20.0,0.1,S-learner,22,0.007333333333333333,True,0.34044831206427967,7.489862865414153,0.6154826395999293,599.1890292331323,440.0,159.18902923313226,7.235864965142375,0.05306300974437742,1956.5995648461226,2115.788594079255,0.07523862718543857,-528.4181588666258,-1396.1627579133221,339.32644018007056,0.1475783238691043,-687.6071880997581,0.1460691386046875,19.0,22.0,False
44,80.0,20.0,0.1,T-learner,108,0.036,True,0.3150280305983179,34.02302730461833,0.6243270277463308,2721.8421843694664,2160.0,561.8421843694664,5.202242447865429,0.18728072812315547,1553.9464097097884,2115.788594079255,0.2655474114671499,-1304.7792532427611,-3070.9082635915333,461.34975710601105,0.3003675959149884,-1866.6214376122275,0.027319525410902656,81.0,108.0,False
44,80.0,20.0,0.1,DR-learner,300,0.1,True,0.3033406406639538,91.00219219918614,0.6433200827111867,7280.175375934891,6000.0,1280.1753759348912,4.267251253116304,0.4267251253116304,835.6132181443636,2115.788594079255,0.605058265044668,324.9444772475785,-2390.725039880966,3040.6139943761236,0.46185704406635364,-955.2308986873127,3.7700738913834684,300.0,334.0,True
44,80.0,20.0,0.1,Oracle,300,0.1,True,0.3381578580866356,101.44735742599069,0.646801804453455,8115.788594079255,6000.0,2115.788594079255,7.05262864693085,0.705262864693085,0.0,2115.788594079255,1.0,,,,,,,,,
44,80.0,20.0,0.2,Treat nobody,0,0.0,True,0.0,0.0,0.6129860186447913,0.0,0.0,0.0,0.0,0.0,2874.656990419653,2874.656990419653,0.0,0.0,0.0,0.0,0.0,0.0,,,,
44,80.0,20.0,0.2,Random,600,0.2,True,0.15283406325219936,91.70043795131961,0.6435528312952312,7336.035036105569,12000.0,-4663.964963894431,-7.773274939824052,-1.5546549879648104,7538.621954314084,2874.656990419653,-1.6224422529150402,-8031.203351690484,-11677.860708143378,-4384.5459952375895,0.6201912186851839,-3367.238387796053,,,,
44,80.0,20.0,0.2,S-learner,22,0.007333333333333333,True,0.34044831206427967,7.489862865414153,0.6154826395999293,599.1890292331323,440.0,159.18902923313226,7.235864965142375,0.05306300974437742,2715.467961186521,2874.656990419653,0.05537670399065359,-528.4181588666258,-1396.1627579133221,339.32644018007056,0.1475783238691043,-687.6071880997581,0.1460691386046875,19.0,22.0,False
44,80.0,20.0,0.2,T-learner,108,0.036,True,0.3150280305983179,34.02302730461833,0.6243270277463308,2721.8421843694664,2160.0,561.8421843694664,5.202242447865429,0.18728072812315547,2312.8148060501867,2874.656990419653,0.1954466867671216,-1304.7792532427611,-3070.9082635915333,461.34975710601105,0.3003675959149884,-1866.6214376122275,0.027319525410902656,81.0,108.0,False
44,80.0,20.0,0.2,DR-learner,600,0.2,True,0.2816366790768769,168.98200744612615,0.6693133544601667,13518.56059569009,12000.0,1518.5605956900908,2.5309343261501516,0.5061868652300303,1356.0963947295622,2874.656990419653,0.528258015043529,-903.6285591435883,-4791.772574764021,2984.515456476844,0.6612611330768691,-2422.189154833679,0.008746627339260016,556.0,606.0,True
44,80.0,20.0,0.2,Oracle,600,0.2,True,0.3098886873004094,185.93321238024566,0.6749637561048731,14874.656990419653,12000.0,2874.656990419653,4.791094984032755,0.958218996806551,0.0,2874.656990419653,1.0,,,,,,,,,
44,80.0,20.0,0.3,Treat nobody,0,0.0,True,0.0,0.0,0.6129860186447913,0.0,0.0,0.0,0.0,0.0,2893.7906828338237,2893.7906828338237,0.0,0.0,0.0,0.0,0.0,0.0,,,,
44,80.0,20.0,0.3,Random,900,0.3,True,0.16427126647997461,147.84413983197717,0.6622673985887838,11827.531186558173,18000.0,-6172.468813441827,-6.8582986816020295,-2.057489604480609,9066.25949627565,2893.7906828338237,-2.1330045915405558,-7138.125767158153,-11475.032212943599,-2801.2193213727082,0.7375826766876689,-965.6569537163268,,,,
44,80.0,20.0,0.3,S-learner,22,0.007333333333333333,True,0.34044831206427967,7.489862865414153,0.6154826395999293,599.1890292331323,440.0,159.18902923313226,7.235864965142375,0.05306300974437742,2734.6016536006914,2893.7906828338237,0.055010554210936244,-528.4181588666258,-1396.1627579133221,339.32644018007056,0.1475783238691043,-687.6071880997581,0.1460691386046875,19.0,22.0,False
44,80.0,20.0,0.3,T-learner,108,0.036,True,0.3150280305983179,34.02302730461833,0.6243270277463308,2721.8421843694664,2160.0,561.8421843694664,5.202242447865429,0.18728072812315547,2331.9484984643573,2893.7906828338237,0.1941543967579808,-1304.7792532427611,-3070.9082635915333,461.34975710601105,0.3003675959149884,-1866.6214376122275,0.027319525410902656,81.0,108.0,False
44,80.0,20.0,0.3,DR-learner,606,0.202,True,0.28099894609363013,170.28536133273983,0.6697478057557046,13622.828906619186,12120.0,1502.8289066191865,2.4799156874904065,0.5009429688730621,1390.9617762146372,2893.7906828338237,0.5193288220651467,-794.5615534414375,-4695.290984848579,3106.1678779657036,0.6634015492419927,-2297.390460060624,0.008746627339260016,556.0,606.0,False
44,80.0,20.0,0.3,Oracle,659,0.21966666666666668,True,0.30488980809624094,200.9223835354228,0.6799601464899323,16073.790682833824,13180.0,2893.7906828338237,4.391184647699277,0.9645968942779413,0.0,2893.7906828338237,1.0,,,,,,,,,
44,120.0,5.0,0.1,Treat nobody,0,0.0,True,0.0,0.0,0.6129860186447913,0.0,0.0,0.0,0.0,0.0,10673.682891118882,10673.682891118882,0.0,0.0,0.0,0.0,0.0,0.0,,,,
44,120.0,5.0,0.1,Random,300,0.1,True,0.1599553299471232,47.98659898413696,0.6289815516395036,5758.391878096435,1500.0,4258.391878096435,14.194639593654783,1.4194639593654783,6415.291013022447,10673.682891118882,0.398961813043899,3251.986508631272,-788.3782953187874,7292.3513125813315,0.687149497953354,-1006.405369465163,,,,
44,120.0,5.0,0.1,S-learner,300,0.1,True,0.30640355492147964,91.92106647644388,0.6436263741369393,11030.527977173266,1500.0,9530.527977173266,31.76842659057755,3.176842659057755,1143.1549139456165,10673.682891118882,0.8928996743104681,6369.317374701497,2048.0077988015933,10690.626950601401,0.7349300990538337,-3161.2106024717687,16.367854587335767,300.0,311.0,True
44,120.0,5.0,0.1,T-learner,300,0.1,True,0.2967242422631701,89.01727267895103,0.6426584428711083,10682.072721474124,1500.0,9182.072721474124,30.60690907158041,3.0606909071580413,1491.6101696447586,10673.682891118882,0.8602534678179484,5963.031942787959,1585.9533948771682,10340.110490698751,0.74441479238677,-3219.0407786861642,19.231390666738996,300.0,335.0,True
44,120.0,5.0,0.1,DR-learner,300,0.1,True,0.3033406406639538,91.00219219918614,0.6433200827111867,10920.263063902337,1500.0,9420.263063902337,31.400876879674456,3.140087687967446,1253.419827216545,10673.682891118882,0.8825691338217044,7987.416715871368,3824.9432786783154,12149.89015306442,0.7079166539157714,-1432.8463480309692,30.6551108370752,300.0,334.0,True
44,120.0,5.0,0.1,Oracle,300,0.1,True,0.3381578580866356,101.44735742599069,0.646801804453455,12173.682891118882,1500.0,10673.682891118882,35.57894297039628,3.5578942970396272,0.0,10673.682891118882,1.0,,,,,,,,,
44,120.0,5.0,0.2,Treat nobody,0,0.0,True,0.0,0.0,0.6129860186447913,0.0,0.0,0.0,0.0,0.0,19311.98548562948,19311.98548562948,0.0,0.0,0.0,0.0,0.0,0.0,,,,
44,120.0,5.0,0.2,Random,600,0.2,True,0.15283406325219936,91.70043795131961,0.6435528312952312,11004.052554158354,3000.0,8004.052554158354,13.340087590263924,2.6680175180527845,11307.932931471127,19311.98548562948,0.41446036504710326,2953.1949724642736,-2452.529741754502,8358.91968668305,0.9193578312081997,-5050.85758169408,,,,
44,120.0,5.0,0.2,S-learner,600,0.2,True,0.2819790969063006,169.18745814378033,0.6693818380260514,20302.49497725364,3000.0,17302.49497725364,28.837491628756062,5.7674983257512125,2009.4905083758422,19311.98548562948,0.8959459393819889,13323.536381716585,7237.869414446947,19409.203348986226,1.034996393687606,-3978.958595537053,12.645933885859584,600.0,611.0,True
44,120.0,5.0,0.2,T-learner,600,0.2,True,0.271076076500928,162.64564590055681,0.6672012339449771,19517.47750806682,3000.0,16517.47750806682,27.529129180111365,5.5058258360222725,2794.507977562662,19311.98548562948,0.8552967026802022,14508.849297438192,8741.901960746185,20275.796634130198,0.9807913788520184,-2008.6282106286271,14.65084896838614,600.0,623.0,True
44,120.0,5.0,0.2,DR-learner,600,0.2,True,0.2816366790768769,168.98200744612615,0.6693133544601667,20277.840893535136,3000.0,17277.840893535136,28.79640148922523,5.759280297845045,2034.1445920943443,19311.98548562948,0.8946693185116569,13644.557161284618,7731.924828557828,19557.18949401141,1.0055681940016725,-3633.2837322505184,23.913193001311765,600.0,664.0,True
44,120.0,5.0,0.2,Oracle,600,0.2,True,0.3098886873004094,185.93321238024566,0.6749637561048731,22311.98548562948,3000.0,19311.98548562948,32.18664247604914,6.437328495209827,0.0,19311.98548562948,1.0,,,,,,,,,
44,120.0,5.0,0.3,Treat nobody,0,0.0,True,0.0,0.0,0.6129860186447913,0.0,0.0,0.0,0.0,0.0,26354.838857729537,26354.838857729537,0.0,0.0,0.0,0.0,0.0,0.0,,,,
44,120.0,5.0,0.3,Random,900,0.3,True,0.16427126647997461,147.84413983197717,0.6622673985887838,17741.29677983726,4500.0,13241.29677983726,14.712551977596954,4.413765593279086,13113.542077892278,26354.838857729537,0.502423742801742,11792.811349262769,5281.8428871398655,18303.77981138567,1.1073279089957084,-1448.4854305744902,,,,
44,120.0,5.0,0.3,S-learner,900,0.3,True,0.26117958487736864,235.06162638963178,0.6913398941080019,28207.395166755814,4500.0,23707.395166755814,26.341550185284238,7.902465055585271,2647.4436909737233,26354.838857729537,0.8995462007844051,20784.254414620762,13466.706266868707,28101.802562372817,1.2445038455590587,-2923.140752135052,9.155879886304103,900.0,944.0,True
44,120.0,5.0,0.3,T-learner,900,0.3,True,0.25446686580473693,229.02017922426325,0.6893260783862124,27482.42150691159,4500.0,22982.42150691159,25.536023896568434,7.660807168970529,3372.4173508179483,26354.838857729537,0.8720380204552508,19994.0128978254,13095.842635830062,26892.183159820735,1.1731797652758291,-2988.4086090861892,11.15202003681199,900.0,925.0,True
44,120.0,5.0,0.3,DR-learner,900,0.3,True,0.2616134489214866,235.45210402933793,0.6914700533212373,28254.25248352055,4500.0,23754.25248352055,26.393613870578392,7.9180841611735175,2600.586374208986,26354.838857729537,0.90132414057822,21031.498532988982,13984.522646672527,28078.474419305436,1.1984873092740653,-2722.753950531569,18.563481541694507,900.0,974.0,True
44,120.0,5.0,0.3,Oracle,900,0.3,True,0.28569295238638454,257.12365714774614,0.6986939043607069,30854.838857729537,4500.0,26354.838857729537,29.283154286366152,8.784946285909847,0.0,26354.838857729537,1.0,,,,,,,,,
44,120.0,10.0,0.1,Treat nobody,0,0.0,True,0.0,0.0,0.6129860186447913,0.0,0.0,0.0,0.0,0.0,9173.682891118882,9173.682891118882,0.0,0.0,0.0,0.0,0.0,0.0,,,,
44,120.0,10.0,0.1,Random,300,0.1,True,0.1599553299471232,47.98659898413696,0.6289815516395036,5758.391878096435,3000.0,2758.391878096435,9.194639593654783,0.9194639593654783,6415.291013022447,9173.682891118882,0.3006853311625647,1751.9865086312714,-2277.655833098816,5781.628850361359,0.685325916448022,-1006.4053694651636,,,,
44,120.0,10.0,0.1,S-learner,300,0.1,True,0.30640355492147964,91.92106647644388,0.6436263741369393,11030.527977173266,3000.0,8030.527977173266,26.76842659057755,2.676842659057755,1143.1549139456165,9173.682891118882,0.8753875703451321,4869.317374701497,570.5531007055597,9168.081648697435,0.7310957935798893,-3161.2106024717687,11.367854587335767,300.0,311.0,True
44,120.0,10.0,0.1,T-learner,300,0.1,True,0.2967242422631701,89.01727267895103,0.6426584428711083,10682.072721474124,3000.0,7682.072721474124,25.60690907158041,2.5606909071580413,1491.6101696447586,9173.682891118882,0.8374033430903962,4463.031942787959,106.59696797733397,8819.466917598585,0.7409039161218658,-3219.0407786861642,14.231390666738996,300.0,335.0,True
44,120.0,10.0,0.1,DR-learner,300,0.1,True,0.3033406406639538,91.00219219918614,0.6433200827111867,10920.263063902337,3000.0,7920.263063902337,26.400876879674456,2.640087687967446,1253.419827216545,9173.682891118882,0.8633678706694787,6487.416715871368,2355.1193480296747,10619.714083713061,0.702784575029053,-1432.8463480309692,25.6551108370752,300.0,334.0,True
44,120.0,10.0,0.1,Oracle,300,0.1,True,0.3381578580866356,101.44735742599069,0.646801804453455,12173.682891118882,3000.0,9173.682891118882,30.578942970396273,3.0578942970396272,0.0,9173.682891118882,1.0,,,,,,,,,
44,120.0,10.0,0.2,Treat nobody,0,0.0,True,0.0,0.0,0.6129860186447913,0.0,0.0,0.0,0.0,0.0,16311.98548562948,16311.98548562948,0.0,0.0,0.0,0.0,0.0,0.0,,,,
44,120.0,10.0,0.2,Random,600,0.2,True,0.15283406325219936,91.70043795131961,0.6435528312952312,11004.052554158354,6000.0,5004.052554158354,8.340087590263924,1.6680175180527845,11307.932931471127,16311.98548562948,0.30677151831497274,-46.80502753572637,-5448.396060316797,5354.786005245344,0.9186548112428141,-5050.85758169408,,,,
44,120.0,10.0,0.2,S-learner,600,0.2,True,0.2819790969063006,169.18745814378033,0.6693818380260514,20302.49497725364,6000.0,14302.494977253638,23.837491628756062,4.7674983257512125,2009.4905083758422,16311.98548562948,0.8768089568160686,10323.536381716585,4267.806512236003,16379.266251197165,1.0299049569698573,-3978.958595537053,7.645933885859584,600.0,611.0,True
44,120.0,10.0,0.2,T-learner,600,0.2,True,0.271076076500928,162.64564590055681,0.6672012339449771,19517.47750806682,6000.0,13517.477508066819,22.529129180111365,4.5058258360222725,2794.507977562662,16311.98548562948,0.8286837626219956,11508.849297438188,5776.680021546703,17241.018573329675,0.9748766339766286,-2008.6282106286308,9.65084896838614,600.0,623.0,True
44,120.0,10.0,0.2,DR-learner,600,0.2,True,0.2816366790768769,168.98200744612615,0.6693133544601667,20277.840893535136,6000.0,14277.840893535136,23.79640148922523,4.759280297845045,2034.1445920943443,16311.98548562948,0.8752975476905381,10644.557161284616,4763.581551475628,16525.532771093604,1.0001842986567397,-3633.28373225052,18.913193001311765,600.0,664.0,True
44,120.0,10.0,0.2,Oracle,600,0.2,True,0.3098886873004094,185.93321238024566,0.6749637561048731,22311.98548562948,6000.0,16311.98548562948,27.186642476049133,5.437328495209827,0.0,16311.98548562948,1.0,,,,,,,,,
44,120.0,10.0,0.3,Treat nobody,0,0.0,True,0.0,0.0,0.6129860186447913,0.0,0.0,0.0,0.0,0.0,21854.838857729537,21854.838857729537,0.0,0.0,0.0,0.0,0.0,0.0,,,,
44,120.0,10.0,0.3,Random,900,0.3,True,0.16427126647997461,147.84413983197717,0.6622673985887838,17741.29677983726,9000.0,8741.29677983726,9.712551977596954,2.9137655932790865,13113.542077892278,21854.838857729537,0.39997077245644713,7292.811349262771,801.5852299273773,13784.037468598166,1.1039703060085728,-1448.4854305744884,,,,
44,120.0,10.0,0.3,S-learner,900,0.3,True,0.26117958487736864,235.06162638963178,0.6913398941080019,28207.395166755814,9000.0,19207.395166755814,21.341550185284238,6.402465055585271,2647.4436909737233,21854.838857729537,0.878862355919985,16284.254414620762,9000.851728820424,23567.6571004211,1.2386966874988334,-2923.140752135052,4.155879886304103,900.0,944.0,True
44,120.0,10.0,0.3,T-learner,900,0.3,True,0.25446686580473693,229.02017922426325,0.6893260783862124,27482.42150691159,9000.0,18482.42150691159,20.536023896568434,6.160807168970529,3372.4173508179483,21854.838857729537,0.8456901296426075,15494.012897825402,8630.525912359277,22357.499883291523,1.1672811404706813,-2988.4086090861874,6.15202003681199,900.0,925.0,True
44,120.0,10.0,0.3,DR-learner,900,0.3,True,0.2616134489214866,235.45210402933793,0.6914700533212373,28254.25248352055,9000.0,19254.25248352055,21.393613870578392,6.4180841611735175,2600.586374208986,21854.838857729537,0.8810063807315962,16531.498532988982,9520.459931783298,23542.537134194667,1.1923754137844478,-2722.753950531569,13.563481541694507,900.0,974.0,True
44,120.0,10.0,0.3,Oracle,900,0.3,True,0.28569295238638454,257.12365714774614,0.6986939043607069,30854.838857729537,9000.0,21854.838857729537,24.283154286366152,7.284946285909846,0.0,21854.838857729537,1.0,,,,,,,,,
44,120.0,20.0,0.1,Treat nobody,0,0.0,True,0.0,0.0,0.6129860186447913,0.0,0.0,0.0,0.0,0.0,6173.682891118882,6173.682891118882,0.0,0.0,0.0,0.0,0.0,0.0,,,,
44,120.0,20.0,0.1,Random,300,0.1,True,0.1599553299471232,47.98659898413696,0.6289815516395036,5758.391878096435,6000.0,-241.608121903565,-0.8053604063452167,-0.08053604063452167,6415.291013022447,6173.682891118882,-0.03913516877440029,-1248.0134913687284,-5275.492562452714,2779.4655797152573,0.684958006516485,-1006.4053694651634,,,,
44,120.0,20.0,0.1,S-learner,300,0.1,True,0.30640355492147964,91.92106647644388,0.6436263741369393,11030.527977173266,6000.0,5030.527977173266,16.76842659057755,1.6768426590577552,1143.1549139456165,6173.682891118882,0.8148342028402372,1869.3173747014976,-2402.2538710870517,6140.888620490046,0.726471043937909,-3161.210602471768,1.367854587335767,300.0,311.0,True
44,120.0,20.0,0.1,T-learner,300,0.1,True,0.2967242422631701,89.01727267895103,0.6426584428711083,10682.072721474124,6000.0,4682.072721474124,15.606909071580413,1.5606909071580413,1491.6101696447586,6173.682891118882,0.7583921630003857,1463.031942787959,-2869.816404353053,5795.88028992897,0.7368925111750297,-3219.0407786861647,4.231390666738996,300.0,335.0,True
44,120.0,20.0,0.1,DR-learner,300,0.1,True,0.3033406406639538,91.00219219918614,0.6433200827111867,10920.263063902337,6000.0,4920.263063902337,16.400876879674456,1.6400876879674458,1253.419827216545,6173.682891118882,0.7969737271378734,3487.416715871368,-602.92622052934,7577.759652272077,0.6956493365294486,-1432.8463480309692,15.655110837075199,300.0,334.0,True
44,120.0,20.0,0.1,Oracle,300,0.1,True,0.3381578580866356,101.44735742599069,0.646801804453455,12173.682891118882,6000.0,6173.682891118882,20.578942970396273,2.0578942970396272,0.0,6173.682891118882,1.0,,,,,,,,,
44,120.0,20.0,0.2,Treat nobody,0,0.0,True,0.0,0.0,0.6129860186447913,0.0,0.0,0.0,0.0,0.0,10311.98548562948,10311.98548562948,0.0,0.0,0.0,0.0,0.0,0.0,,,,
44,120.0,20.0,0.2,Random,600,0.2,True,0.15283406325219936,91.70043795131961,0.6435528312952312,11004.052554158354,12000.0,-995.9474458416462,-1.659912409736077,-0.3319824819472154,11307.932931471127,10311.98548562948,-0.09658154069646172,-6046.8050275357255,-11465.708509355169,-627.9015457162818,0.9215991594000476,-5050.857581694079,,,,
44,120.0,20.0,0.2,S-learner,407,0.13566666666666666,True,0.29742523018022154,121.05206868335017,0.6533367082059081,14526.24824200202,8140.0,6386.248242002021,15.691027621626587,2.1287494140006733,3925.73724362746,10311.98548562948,0.6193034552755852,3899.0126241102334,-1051.0637804371338,8849.0890286576,0.8418651981350915,-2487.235617891787,0.006019511127256294,406.0,407.0,False
44,120.0,20.0,0.2,T-learner,594,0.198,True,0.2714729876925771,161.25495468939081,0.6667376702079216,19350.5945627269,11880.0,7470.594562726899,12.576758523109259,2.490198187575633,2841.390922902581,10311.98548562948,0.724457435780697,5381.392016239841,-287.208207058649,11049.992239538331,0.9640653719509962,-2089.2025464870585,0.004453064927425032,569.0,594.0,False
44,120.0,20.0,0.2,DR-learner,600,0.2,True,0.2816366790768769,168.98200744612615,0.6693133544601667,20277.840893535136,12000.0,8277.840893535136,13.796401489225227,2.7592802978450455,2034.1445920943443,10311.98548562948,0.8027397735451551,4644.557161284618,-1196.3209770038054,10485.43529957304,0.9933648754705914,-3633.2837322505184,8.913193001311765,600.0,664.0,True
44,120.0,20.0,0.2,Oracle,600,0.2,True,0.3098886873004094,185.93321238024566,0.6749637561048731,22311.98548562948,12000.0,10311.98548562948,17.186642476049133,3.437328495209827,0.0,10311.98548562948,1.0,,,,,,,,,
44,120.0,20.0,0.3,Treat nobody,0,0.0,True,0.0,0.0,0.6129860186447913,0.0,0.0,0.0,0.0,0.0,12854.838857729537,12854.838857729537,0.0,0.0,0.0,0.0,0.0,0.0,,,,
44,120.0,20.0,0.3,Random,900,0.3,True,0.16427126647997461,147.84413983197717,0.6622673985887838,17741.29677983726,18000.0,-258.70322016274076,-0.2874480224030453,-0.08623440672091359,13113.542077892278,12854.838857729537,-0.020124967961553566,-1707.1886507372305,-8186.831223623882,4772.453922149421,1.1020002789162193,-1448.4854305744898,,,,
44,120.0,20.0,0.3,S-learner,407,0.13566666666666666,True,0.29742523018022154,121.05206868335017,0.6533367082059081,14526.24824200202,8140.0,6386.248242002021,15.691027621626587,2.1287494140006733,6468.590615727517,12854.838857729537,0.496797222639785,3899.0126241102334,-1051.0637804371338,8849.0890286576,0.8418651981350915,-2487.235617891787,0.006019511127256294,406.0,407.0,False
44,120.0,20.0,0.3,T-learner,594,0.198,True,0.2714729876925771,161.25495468939081,0.6667376702079216,19350.5945627269,11880.0,7470.594562726899,12.576758523109259,2.490198187575633,5384.244295002638,12854.838857729537,0.581150385890281,5381.392016239841,-287.208207058649,11049.992239538331,0.9640653719509962,-2089.2025464870585,0.004453064927425032,569.0,594.0,False
44,120.0,20.0,0.3,DR-learner,900,0.3,True,0.2616134489214866,235.45210402933793,0.6914700533212373,28254.25248352055,18000.0,10254.252483520551,11.39361387057839,3.418084161173517,2600.586374208986,12854.838857729537,0.7976959180125958,7531.498532988981,566.7740285312086,14496.223037446754,1.1844987219824163,-2722.75395053157,3.5634815416945074,900.0,974.0,True
44,120.0,20.0,0.3,Oracle,900,0.3,True,0.28569295238638454,257.12365714774614,0.6986939043607069,30854.838857729537,18000.0,12854.838857729537,14.283154286366152,4.284946285909846,0.0,12854.838857729537,1.0,,,,,,,,,
45,40.0,5.0,0.1,Treat nobody,0,0.0,True,0.0,0.0,0.6162285760256622,0.0,0.0,0.0,0.0,0.0,2480.6305005568993,2480.6305005568993,0.0,0.0,0.0,0.0,0.0,0.0,,,,
45,40.0,5.0,0.1,Random,300,0.1,True,0.14446356277563696,43.33906883269109,0.6306749323032259,1733.5627533076436,1500.0,233.56275330764356,0.7785425110254786,0.07785425110254786,2247.0677472492557,2480.6305005568993,0.09415459225193311,266.0592599932054,-850.7271228371467,1382.8456428235575,0.18993314701008468,32.496506685561826,,,,
45,40.0,5.0,0.1,S-learner,289,0.09633333333333334,True,0.2991587540365822,86.45687991657225,0.6450475359978529,3458.27519666289,1445.0,2013.2751966628898,6.966350161463287,0.6710917322209633,467.35530389400947,2480.6305005568993,0.8115981788544934,656.2225287331449,-647.7277820231292,1960.172839489419,0.22176433190297853,-1357.052667929745,3.973426500106209,300.0,289.0,False
45,40.0,5.0,0.1,T-learner,281,0.09366666666666666,True,0.2826225789647081,79.41694468908298,0.6427008909220232,3176.6777875633193,1405.0,1771.6777875633193,6.304903158588325,0.5905592625211065,708.95271299358,2480.6305005568993,0.7142046294946301,1311.9407278834165,136.7454980516983,2487.1359577151347,0.19986680692460143,-459.7370596799028,4.241137230868063,300.0,281.0,False
45,40.0,5.0,0.1,DR-learner,262,0.08733333333333333,True,0.30250024441085116,79.255064035643,0.6426469307042099,3170.20256142572,1310.0,1860.20256142572,7.100009776434046,0.6200675204752399,620.4279391311793,2480.6305005568993,0.7498910301264562,1165.4949623451182,-62.28513171770478,2393.2750564079415,0.20880997537835663,-694.7075990806018,8.871212704636664,300.0,262.0,False
45,40.0,5.0,0.1,Oracle,300,0.1,True,0.3317192083797416,99.51576251392248,0.6494004968636363,3980.6305005568993,1500.0,2480.6305005568993,8.268768335189664,0.8268768335189665,0.0,2480.6305005568993,1.0,,,,,,,,,
45,40.0,5.0,0.2,Treat nobody,0,0.0,True,0.0,0.0,0.6162285760256622,0.0,0.0,0.0,0.0,0.0,4293.199321372413,4293.199321372413,0.0,0.0,0.0,0.0,0.0,0.0,,,,
45,40.0,5.0,0.2,Random,600,0.2,True,0.15010618133724607,90.06370880234763,0.6462498122931114,3602.548352093905,3000.0,602.5483520939051,1.004247253489842,0.20084945069796836,3690.6509692785075,4293.199321372413,0.14034949392968965,179.15946809096903,-1535.748693577989,1894.067629759927,0.29165640715780755,-423.3888840029361,,,,
45,40.0,5.0,0.2,S-learner,573,0.191,True,0.2772989766881243,158.89231364229522,0.6691926805730939,6355.692545691809,2865.0,3490.692545691809,6.0919590675249715,1.1635641818972695,802.5067756806038,4293.199321372413,0.8130748852759845,3112.2662632856554,1330.1944334757561,4894.338093095555,0.3030790095917842,-378.4262824061534,2.5063075556739767,600.0,573.0,False
45,40.0,5.0,0.2,T-learner,582,0.194,True,0.26294406176785584,153.0334439488921,0.6672397240086262,6121.3377579556845,2910.0,3211.3377579556845,5.517762470714235,1.0704459193185616,1081.8615634167281,4293.199321372413,0.7480057452653076,3361.6524311777434,1709.4598841343743,5013.844978221113,0.28099029031071554,150.3146732220589,2.3547647093130397,600.0,582.0,False
45,40.0,5.0,0.2,DR-learner,537,0.179,True,0.2784450301795478,149.52498120641718,0.6660702364278013,5980.999248256687,2685.0,3295.9992482566868,6.137801207181912,1.0986664160855621,997.2000731157259,4293.199321372413,0.7677256520209852,3144.232800708506,1410.434052838474,4878.031548578539,0.29486915092080196,-151.76644754818062,6.097297641545897,600.0,537.0,False
45,40.0,5.0,0.2,Oracle,600,0.2,True,0.30388330505718386,182.32998303431032,0.677005237037099,7293.199321372413,3000.0,4293.199321372413,7.1553322022873544,1.431066440457471,0.0,4293.199321372413,1.0,,,,,,,,,
45,40.0,5.0,0.3,Treat nobody,0,0.0,True,0.0,0.0,0.6162285760256622,0.0,0.0,0.0,0.0,0.0,5603.31311606378,5603.31311606378,0.0,0.0,0.0,0.0,0.0,0.0,,,,
45,40.0,5.0,0.3,Random,900,0.3,True,0.15137119611458918,136.23407650313027,0.6616399348600389,5449.363060125211,4500.0,949.3630601252107,1.0548478445835674,0.3164543533750702,4653.95005593857,5603.31311606378,0.16942887903293186,1833.1656751117653,-297.819049191512,3964.1503994150426,0.36241902761346867,883.8026149865545,,,,
45,40.0,5.0,0.3,S-learner,867,0.289,True,0.2593891175894486,224.89036495005197,0.6911920310090129,8995.61459800208,4335.0,4660.614598002079,5.375564703577946,1.5535381993340265,942.6985180617012,5603.31311606378,0.8317605140860076,4400.632527289568,2240.250426143457,6561.01462843568,0.36741867336796835,-259.9820707125109,1.2742534532635341,900.0,867.0,False
45,40.0,5.0,0.3,T-learner,854,0.2846666666666667,True,0.25175868233103094,215.00191471070045,0.6878958809292289,8600.076588428017,4270.0,4330.076588428017,5.070347293241238,1.443358862809339,1273.2365276357632,5603.31311606378,0.7727707694960678,4500.632660372812,2427.6638166323323,6573.601504113292,0.35255219995397774,170.5560719447949,1.0361211061324553,900.0,854.0,False
45,40.0,5.0,0.3,DR-learner,870,0.29,True,0.2539308669785829,220.9198542713671,0.6898685274494513,8836.794170854684,4350.0,4486.794170854684,5.157234679143315,1.4955980569515614,1116.5189452090963,5603.31311606378,0.8007395049888932,6135.517206031316,4038.5595970769045,8232.474814985728,0.35663199689636244,1648.723035176632,3.9775662835430463,900.0,870.0,False
45,40.0,5.0,0.3,Oracle,900,0.3,True,0.28064758655732724,252.5828279015945,0.7004228519928604,10103.31311606378,4500.0,5603.31311606378,6.22590346229309,1.8677710386879267,0.0,5603.31311606378,1.0,,,,,,,,,
45,40.0,10.0,0.1,Treat nobody,0,0.0,True,0.0,0.0,0.6162285760256622,0.0,0.0,0.0,0.0,0.0,980.6305005568993,980.6305005568993,0.0,0.0,0.0,0.0,0.0,0.0,,,,
45,40.0,10.0,0.1,Random,300,0.1,True,0.14446356277563696,43.33906883269109,0.6306749323032259,1733.5627533076436,3000.0,-1266.4372466923564,-4.221457488974521,-0.42214574889745216,2247.0677472492557,980.6305005568993,-1.2914520259905722,-1233.9407400067944,-2358.195493018657,-109.68598699493192,0.1912033013327185,32.49650668556205,,,,
45,40.0,10.0,0.1,S-learner,138,0.046,True,0.3115087857019586,42.988212426870284,0.6305579801679523,1719.5284970748114,1380.0,339.5284970748114,2.4603514280783436,0.1131761656916038,641.1020034820879,980.6305005568993,0.34623489365463694,-380.1106208623928,-1277.5389325754636,517.3176908506779,0.1526266670870606,-719.6391179372042,0.0008819800183896831,155.0,138.0,False
45,40.0,10.0,0.1,T-learner,190,0.06333333333333334,True,0.2876742462352404,54.658106784695676,0.634447944953894,2186.324271387827,1900.0,286.32427138782714,1.5069698494096164,0.09544142379594238,694.3062291690721,980.6305005568993,0.2919797734470056,66.11588684616042,-873.1800700058513,1005.4118436981723,0.1597471457402719,-220.2083845416667,0.00788263984333959,208.0,190.0,False
45,40.0,10.0,0.1,DR-learner,262,0.08733333333333333,True,0.30250024441085116,79.255064035643,0.6426469307042099,3170.20256142572,2620.0,550.20256142572,2.1000097764340455,0.18340085380857332,430.4279391311793,980.6305005568993,0.5610702105566372,-144.50503765488168,-1364.972236717043,1075.9621614072796,0.20756626289888508,-694.7075990806017,3.8712127046366636,300.0,262.0,False
45,40.0,10.0,0.1,Oracle,300,0.1,True,0.3317192083797416,99.51576251392248,0.6494004968636363,3980.6305005568993,3000.0,980.6305005568993,3.268768335189664,0.3268768335189664,0.0,980.6305005568993,1.0,,,,,,,,,
45,40.0,10.0,0.2,Treat nobody,0,0.0,True,0.0,0.0,0.6162285760256622,0.0,0.0,0.0,0.0,0.0,1293.1993213724127,1293.1993213724127,0.0,0.0,0.0,0.0,0.0,0.0,,,,
45,40.0,10.0,0.2,Random,600,0.2,True,0.15010618133724607,90.06370880234763,0.6462498122931114,3602.548352093905,6000.0,-2397.451647906095,-3.995752746510158,-0.7991505493020317,3690.6509692785075,1293.1993213724127,-1.8538918233902182,-2820.8405319090307,-4547.546984700621,-1094.1340791174407,0.2936629561243014,-423.3888840029358,,,,
45,40.0,10.0,0.2,S-learner,138,0.046,True,0.3115087857019586,42.988212426870284,0.6305579801679523,1719.5284970748114,1380.0,339.5284970748114,2.4603514280783436,0.1131761656916038,953.6708242976013,1293.1993213724127,0.2625492385152859,-380.1106208623928,-1277.5389325754636,517.3176908506779,0.1526266670870606,-719.6391179372042,0.0008819800183896831,155.0,138.0,False
45,40.0,10.0,0.2,T-learner,190,0.06333333333333334,True,0.2876742462352404,54.658106784695676,0.634447944953894,2186.324271387827,1900.0,286.32427138782714,1.5069698494096164,0.09544142379594238,1006.8750499845855,1293.1993213724127,0.22140768762851223,66.11588684616042,-873.1800700058513,1005.4118436981723,0.1597471457402719,-220.2083845416667,0.00788263984333959,208.0,190.0,False
45,40.0,10.0,0.2,DR-learner,537,0.179,True,0.2784450301795478,149.52498120641718,0.6660702364278013,5980.999248256687,5370.0,610.9992482566868,1.1378012071819121,0.20366641608556227,682.2000731157259,1293.1993213724127,0.47247105543502876,459.2328007085067,-1258.0951884604315,2176.560789877445,0.2920679500091163,-151.76644754818005,1.0972976415458966,600.0,537.0,False
45,40.0,10.0,0.2,Oracle,600,0.2,True,0.30388330505718386,182.32998303431032,0.677005237037099,7293.199321372413,6000.0,1293.1993213724127,2.1553322022873544,0.4310664404574709,0.0,1293.1993213724127,1.0,,,,,,,,,
45,40.0,10.0,0.3,Treat nobody,0,0.0,True,0.0,0.0,0.6162285760256622,0.0,0.0,0.0,0.0,0.0,1296.2452699996638,1296.2452699996638,0.0,0.0,0.0,0.0,0.0,0.0,,,,
45,40.0,10.0,0.3,Random,900,0.3,True,0.15137119611458918,136.23407650313027,0.6616399348600389,5449.363060125211,9000.0,-3550.6369398747893,-3.9451521554164324,-1.1835456466249297,4846.882209874453,1296.2452699996638,-2.739170604553651,-2666.8343248882347,-4800.448253407858,-533.2203963686123,0.36286617940419613,883.8026149865545,,,,
45,40.0,10.0,0.3,S-learner,138,0.046,True,0.3115087857019586,42.988212426870284,0.6305579801679523,1719.5284970748114,1380.0,339.5284970748114,2.4603514280783436,0.1131761656916038,956.7167729248524,1296.2452699996638,0.2619322939360847,-380.1106208623928,-1277.5389325754636,517.3176908506779,0.1526266670870606,-719.6391179372042,0.0008819800183896831,155.0,138.0,False
45,40.0,10.0,0.3,T-learner,190,0.06333333333333334,True,0.2876742462352404,54.658106784695676,0.634447944953894,2186.324271387827,1900.0,286.32427138782714,1.5069698494096164,0.09544142379594238,1009.9209986118367,1296.2452699996638,0.22088741846510374,66.11588684616042,-873.1800700058513,1005.4118436981723,0.1597471457402719,-220.2083845416667,0.00788263984333959,208.0,190.0,False
45,40.0,10.0,0.3,DR-learner,693,0.231,True,0.266356888786755,184.5853239292212,0.6777570173354026,7383.412957168848,6930.0,453.41295716884815,0.6542755514701993,0.15113765238961605,842.8323128308157,1296.2452699996638,0.3497894786292765,888.8429719051578,-995.8806309308794,2773.566574741195,0.32053711491682113,435.43001473630966,0.0005577118811075366,738.0,693.0,False
45,40.0,10.0,0.3,Oracle,630,0.21,True,0.301438304365066,189.9061317499916,0.6795306199423261,7596.245269999664,6300.0,1296.2452699996638,2.057532174602641,0.43208175666655463,0.0,1296.2452699996638,1.0,,,,,,,,,
45,40.0,20.0,0.1,Treat nobody,0,0.0,True,0.0,0.0,0.6162285760256622,0.0,0.0,0.0,0.0,0.0,0.0,0.0,,0.0,0.0,0.0,0.0,0.0,,,,
45,40.0,20.0,0.1,Random,300,0.1,True,0.14446356277563696,43.33906883269109,0.6306749323032259,1733.5627533076436,6000.0,-4266.437246692356,-14.22145748897452,-1.422145748897452,4266.437246692356,0.0,,-4233.940740006794,-5439.3674522059255,-3028.5140278076624,0.2050083099668131,32.49650668556205,,,,
45,40.0,20.0,0.1,S-learner,0,0.0,True,0.0,0.0,0.6162285760256622,0.0,0.0,0.0,0.0,0.0,0.0,0.0,,0.0,0.0,0.0,0.0,0.0,,0.0,0.0,False
45,40.0,20.0,0.1,T-learner,0,0.0,True,0.0,0.0,0.6162285760256622,0.0,0.0,0.0,0.0,0.0,0.0,0.0,,0.0,0.0,0.0,0.0,0.0,,0.0,0.0,False
45,40.0,20.0,0.1,DR-learner,6,0.002,True,0.33184562282333036,1.9910737369399822,0.6168922672713089,79.64294947759929,120.0,-40.35705052240071,-6.726175087066785,-0.01345235017413357,40.35705052240071,0.0,,-173.40319535097115,-394.616619184586,47.81022848264371,0.0376220218974291,-133.04614482857045,0.39134439148566,6.0,6.0,False
45,40.0,20.0,0.1,Oracle,0,0.0,True,0.0,0.0,0.6162285760256622,0.0,0.0,0.0,0.0,0.0,0.0,0.0,,,,,,,,,,
45,40.0,20.0,0.2,Treat nobody,0,0.0,True,0.0,0.0,0.6162285760256622,0.0,0.0,0.0,0.0,0.0,0.0,0.0,,0.0,0.0,0.0,0.0,0.0,,,,
45,40.0,20.0,0.2,Random,600,0.2,True,0.15010618133724607,90.06370880234763,0.6462498122931114,3602.548352093905,12000.0,-8397.451647906095,-13.995752746510158,-2.7991505493020314,8397.451647906095,0.0,,-8820.84053190903,-10648.243819982663,-6993.4372438353985,0.31078858293450917,-423.3888840029358,,,,
45,40.0,20.0,0.2,S-learner,0,0.0,True,0.0,0.0,0.6162285760256622,0.0,0.0,0.0,0.0,0.0,0.0,0.0,,0.0,0.0,0.0,0.0,0.0,,0.0,0.0,False
45,40.0,20.0,0.2,T-learner,0,0.0,True,0.0,0.0,0.6162285760256622,0.0,0.0,0.0,0.0,0.0,0.0,0.0,,0.0,0.0,0.0,0.0,0.0,,0.0,0.0,False
45,40.0,20.0,0.2,DR-learner,6,0.002,True,0.33184562282333036,1.9910737369399822,0.6168922672713089,79.64294947759929,120.0,-40.35705052240071,-6.726175087066785,-0.01345235017413357,40.35705052240071,0.0,,-173.40319535097115,-394.616619184586,47.81022848264371,0.0376220218974291,-133.04614482857045,0.39134439148566,6.0,6.0,False
45,40.0,20.0,0.2,Oracle,0,0.0,True,0.0,0.0,0.6162285760256622,0.0,0.0,0.0,0.0,0.0,0.0,0.0,,,,,,,,,,
45,40.0,20.0,0.3,Treat nobody,0,0.0,True,0.0,0.0,0.6162285760256622,0.0,0.0,0.0,0.0,0.0,0.0,0.0,,0.0,0.0,0.0,0.0,0.0,,,,
45,40.0,20.0,0.3,Random,900,0.3,True,0.15137119611458918,136.23407650313027,0.6616399348600389,5449.363060125211,18000.0,-12550.636939874788,-13.945152155416432,-4.183545646624929,12550.636939874788,0.0,,-11666.834324888234,-13888.966702211466,-9444.701947565003,0.37792061399276194,883.8026149865545,,,,
45,40.0,20.0,0.3,S-learner,0,0.0,True,0.0,0.0,0.6162285760256622,0.0,0.0,0.0,0.0,0.0,0.0,0.0,,0.0,0.0,0.0,0.0,0.0,,0.0,0.0,False
45,40.0,20.0,0.3,T-learner,0,0.0,True,0.0,0.0,0.6162285760256622,0.0,0.0,0.0,0.0,0.0,0.0,0.0,,0.0,0.0,0.0,0.0,0.0,,0.0,0.0,False
45,40.0,20.0,0.3,DR-learner,6,0.002,True,0.33184562282333036,1.9910737369399822,0.6168922672713089,79.64294947759929,120.0,-40.35705052240071,-6.726175087066785,-0.01345235017413357,40.35705052240071,0.0,,-173.40319535097115,-394.616619184586,47.81022848264371,0.0376220218974291,-133.04614482857045,0.39134439148566,6.0,6.0,False
45,40.0,20.0,0.3,Oracle,0,0.0,True,0.0,0.0,0.6162285760256622,0.0,0.0,0.0,0.0,0.0,0.0,0.0,,,,,,,,,,
45,80.0,5.0,0.1,Treat nobody,0,0.0,True,0.0,0.0,0.6162285760256622,0.0,0.0,0.0,0.0,0.0,6461.261001113799,6461.261001113799,0.0,0.0,0.0,0.0,0.0,0.0,,,,
45,80.0,5.0,0.1,Random,300,0.1,True,0.14446356277563696,43.33906883269109,0.6306749323032259,3467.125506615287,1500.0,1967.1255066152871,6.557085022050957,0.6557085022050957,4494.135494498511,6461.261001113799,0.304449163449084,2032.1185199864108,-211.35845326839464,4275.595493241216,0.38155071401839796,64.99301337112365,,,,
45,80.0,5.0,0.1,S-learner,289,0.09633333333333334,True,0.2991587540365822,86.45687991657225,0.6450475359978529,6916.55039332578,1445.0,5471.55039332578,18.93270032292657,1.8238501311085933,989.7106077880189,6461.261001113799,0.846823923748412,2757.44505746629,136.03126822348977,5378.85884670909,0.4458268638131752,-2714.1053358594895,12.946853000212418,300.0,289.0,False
45,80.0,5.0,0.1,T-learner,281,0.09366666666666666,True,0.2826225789647081,79.41694468908298,0.6427008909220232,6353.3555751266385,1405.0,4948.3555751266385,17.60980631717665,1.6494518583755462,1512.90542598716,6461.261001113799,0.7658498200697412,4028.881455766833,1653.9737460354074,6403.789165498259,0.4039032908196945,-919.4741193598056,13.482274461736125,300.0,281.0,False
45,80.0,5.0,0.1,DR-learner,262,0.08733333333333333,True,0.30250024441085116,79.255064035643,0.6426469307042099,6340.40512285144,1310.0,5030.40512285144,19.200019552868092,1.6768017076171466,1430.8558782623586,6461.261001113799,0.7785485096460728,3640.989924690236,1164.1979070991954,6117.781942281277,0.4212308724595045,-1389.415198161204,22.742425409273327,300.0,262.0,False
45,80.0,5.0,0.1,Oracle,300,0.1,True,0.3317192083797416,99.51576251392248,0.6494004968636363,7961.261001113799,1500.0,6461.261001113799,21.53753667037933,2.153753667037933,0.0,6461.261001113799,1.0,,,,,,,,,
45,80.0,5.0,0.2,Treat nobody,0,0.0,True,0.0,0.0,0.6162285760256622,0.0,0.0,0.0,0.0,0.0,11586.398642744825,11586.398642744825,0.0,0.0,0.0,0.0,0.0,0.0,,,,
45,80.0,5.0,0.2,Random,600,0.2,True,0.15010618133724607,90.06370880234763,0.6462498122931114,7205.09670418781,3000.0,4205.09670418781,7.008494506979684,1.4016989013959367,7381.301938557015,11586.398642744825,0.3629338877288638,3358.318936181938,-79.8154852667634,6796.453357630639,0.5847274828463292,-846.7777680058721,,,,
45,80.0,5.0,0.2,S-learner,573,0.191,True,0.2772989766881243,158.89231364229522,0.6691926805730939,12711.385091383618,2865.0,9846.385091383618,17.183918135049943,3.282128363794539,1740.0135513612076,11586.398642744825,0.8498227443217855,9089.53252657131,5492.150137950191,12686.914915192432,0.6118109681260838,-756.8525648123068,10.012615111347953,600.0,573.0,False
45,80.0,5.0,0.2,T-learner,582,0.194,True,0.26294406176785584,153.0334439488921,0.6672397240086262,12242.675515911369,2910.0,9332.675515911369,16.03552494142847,3.110891838637123,2253.7231268334563,11586.398642744825,0.8054854492474507,9633.304862355486,6290.811294335887,12975.798430375085,0.5684617326959002,300.6293464441169,9.70952941862608,600.0,582.0,False
45,80.0,5.0,0.2,DR-learner,537,0.179,True,0.2784450301795478,149.52498120641718,0.6660702364278013,11961.998496513374,2685.0,9276.998496513374,17.275602414363824,3.0923328321711243,2309.400146231452,11586.398642744825,0.8006800717427798,8973.465601417012,5471.326125131969,12475.605077702054,0.5956128962758964,-303.53289509636124,17.194595283091793,600.0,537.0,False
45,80.0,5.0,0.2,Oracle,600,0.2,True,0.30388330505718386,182.32998303431032,0.677005237037099,14586.398642744825,3000.0,11586.398642744825,19.31066440457471,3.862132880914942,0.0,11586.398642744825,1.0,,,,,,,,,
45,80.0,5.0,0.3,Treat nobody,0,0.0,True,0.0,0.0,0.6162285760256622,0.0,0.0,0.0,0.0,0.0,15706.62623212756,15706.62623212756,0.0,0.0,0.0,0.0,0.0,0.0,,,,
45,80.0,5.0,0.3,Random,900,0.3,True,0.15137119611458918,136.23407650313027,0.6616399348600389,10898.726120250421,4500.0,6398.726120250421,7.109695689167135,2.1329087067501407,9307.90011187714,15706.62623212756,0.40739023299363725,8166.331350223531,3885.7323230117768,12446.930377435287,0.7280064091273402,1767.60522997311,,,,
45,80.0,5.0,0.3,S-learner,867,0.289,True,0.2593891175894486,224.89036495005197,0.6911920310090129,17991.22919600416,4335.0,13656.229196004158,15.751129407155892,4.552076398668053,2050.3970361234024,15706.62623212756,0.8694565589184672,13136.265054579137,8780.959029856413,17491.57107930186,0.7407119142795179,-519.9641414250218,7.548506906527068,900.0,867.0,False
45,80.0,5.0,0.3,T-learner,854,0.2846666666666667,True,0.25175868233103094,215.00191471070045,0.6878958809292289,17200.153176856034,4270.0,12930.153176856034,15.140694586482477,4.310051058952012,2776.4730552715264,15706.62623212756,0.8232291891181373,13271.265320745624,9088.572718556483,17453.957922934766,0.7113553506053661,341.1121438895898,7.072242212264911,900.0,854.0,False
45,80.0,5.0,0.3,DR-learner,870,0.29,True,0.2539308669785829,220.9198542713671,0.6898685274494513,17673.58834170937,4350.0,13323.588341709368,15.31446935828663,4.441196113903123,2383.0378904181925,15706.62623212756,0.8482781817559432,16621.034412062632,12380.390293171959,20861.678530953308,0.7212112318288052,3297.446070353264,12.955132567086093,900.0,870.0,False
45,80.0,5.0,0.3,Oracle,900,0.3,True,0.28064758655732724,252.5828279015945,0.7004228519928604,20206.62623212756,4500.0,15706.62623212756,17.45180692458618,5.235542077375854,0.0,15706.62623212756,1.0,,,,,,,,,
45,80.0,10.0,0.1,Treat nobody,0,0.0,True,0.0,0.0,0.6162285760256622,0.0,0.0,0.0,0.0,0.0,4961.261001113799,4961.261001113799,0.0,0.0,0.0,0.0,0.0,0.0,,,,
45,80.0,10.0,0.1,Random,300,0.1,True,0.14446356277563696,43.33906883269109,0.6306749323032259,3467.125506615287,3000.0,467.1255066152871,1.5570850220509571,0.15570850220509572,4494.135494498511,4961.261001113799,0.09415459225193311,532.1185199864108,-1701.4542456742934,2765.691285647115,0.37986629402016936,64.99301337112365,,,,
45,80.0,10.0,0.1,S-learner,289,0.09633333333333334,True,0.2991587540365822,86.45687991657225,0.6450475359978529,6916.55039332578,2890.0,4026.5503933257796,13.932700322926573,1.3421834644419266,934.7106077880189,4961.261001113799,0.8115981788544934,1312.4450574662899,-1295.4555640462584,3920.345678978838,0.44352866380595707,-2714.10533585949,7.946853000212418,300.0,289.0,False
45,80.0,10.0,0.1,T-learner,281,0.09366666666666666,True,0.2826225789647081,79.41694468908298,0.6427008909220232,6353.3555751266385,2810.0,3543.3555751266385,12.60980631717665,1.181118525042213,1417.90542598716,4961.261001113799,0.7142046294946301,2623.881455766833,273.4909961033966,4974.2719154302695,0.39973361384920286,-919.4741193598056,8.482274461736125,300.0,281.0,False
45,80.0,10.0,0.1,DR-learner,262,0.08733333333333333,True,0.30250024441085116,79.255064035643,0.6426469307042099,6340.40512285144,2620.0,3720.40512285144,14.200019552868092,1.2401350409504799,1240.8558782623586,4961.261001113799,0.7498910301264562,2330.9899246902364,-124.57026343540956,4786.550112815883,0.41761995075671327,-1389.4151981612035,17.742425409273327,300.0,262.0,False
45,80.0,10.0,0.1,Oracle,300,0.1,True,0.3317192083797416,99.51576251392248,0.6494004968636363,7961.261001113799,3000.0,4961.261001113799,16.53753667037933,1.653753667037933,0.0,4961.261001113799,1.0,,,,,,,,,
45,80.0,10.0,0.2,Treat nobody,0,0.0,True,0.0,0.0,0.6162285760256622,0.0,0.0,0.0,0.0,0.0,8586.398642744825,8586.398642744825,0.0,0.0,0.0,0.0,0.0,0.0,,,,
45,80.0,10.0,0.2,Random,600,0.2,True,0.15010618133724607,90.06370880234763,0.6462498122931114,7205.09670418781,6000.0,1205.0967041878102,2.008494506979684,0.4016989013959367,7381.301938557015,8586.398642744825,0.14034949392968965,358.31893618193806,-3071.497387155978,3788.135259519854,0.5833128143156151,-846.7777680058722,,,,
45,80.0,10.0,0.2,S-learner,573,0.191,True,0.2772989766881243,158.89231364229522,0.6691926805730939,12711.385091383618,5730.0,6981.385091383618,12.183918135049943,2.327128363794539,1605.0135513612076,8586.398642744825,0.8130748852759845,6224.532526571311,2660.3888669515122,9788.67618619111,0.6061580191835684,-756.8525648123068,5.012615111347953,600.0,573.0,False
45,80.0,10.0,0.2,T-learner,582,0.194,True,0.26294406176785584,153.0334439488921,0.6672397240086262,12242.675515911369,5820.0,6422.675515911369,11.03552494142847,2.140891838637123,2163.7231268334563,8586.398642744825,0.7480057452653076,6723.304862355487,3418.9197682687486,10027.689956442226,0.5619805806214311,300.6293464441178,4.709529418626079,600.0,582.0,False
45,80.0,10.0,0.2,DR-learner,537,0.179,True,0.2784450301795478,149.52498120641718,0.6660702364278013,11961.998496513374,5370.0,6591.9984965133735,12.275602414363824,2.1973328321711243,1994.4001462314518,8586.398642744825,0.7677256520209852,6288.465601417012,2820.868105676948,9756.063097157077,0.5897383018416039,-303.53289509636124,12.194595283091793,600.0,537.0,False
45,80.0,10.0,0.2,Oracle,600,0.2,True,0.30388330505718386,182.32998303431032,0.677005237037099,14586.398642744825,6000.0,8586.398642744825,14.310664404574709,2.862132880914942,0.0,8586.398642744825,1.0,,,,,,,,,
45,80.0,10.0,0.3,Treat nobody,0,0.0,True,0.0,0.0,0.6162285760256622,0.0,0.0,0.0,0.0,0.0,11206.62623212756,11206.62623212756,0.0,0.0,0.0,0.0,0.0,0.0,,,,
45,80.0,10.0,0.3,Random,900,0.3,True,0.15137119611458918,136.23407650313027,0.6616399348600389,10898.726120250421,9000.0,1898.7261202504214,2.109695689167135,0.6329087067501404,9307.90011187714,11206.62623212756,0.16942887903293186,3666.3313502235305,-595.638098383024,7928.300798830085,0.7248380552269373,1767.605229973109,,,,
45,80.0,10.0,0.3,S-learner,867,0.289,True,0.2593891175894486,224.89036495005197,0.6911920310090129,17991.22919600416,8670.0,9321.229196004158,10.751129407155892,3.107076398668053,1885.3970361234024,11206.62623212756,0.8317605140860076,8801.265054579137,4480.500852286914,13122.02925687136,0.7348373467359367,-519.9641414250218,2.5485069065270682,900.0,867.0,False
45,80.0,10.0,0.3,T-learner,854,0.2846666666666667,True,0.25175868233103094,215.00191471070045,0.6878958809292289,17200.153176856034,8540.0,8660.153176856034,10.140694586482477,2.886717725618678,2546.4730552715264,11206.62623212756,0.7727707694960678,9001.265320745624,4855.327633264665,13147.203008226585,0.7051043999079555,341.1121438895898,2.0722422122649107,900.0,854.0,False
45,80.0,10.0,0.3,DR-learner,870,0.29,True,0.2539308669785829,220.9198542713671,0.6898685274494513,17673.58834170937,8700.0,8973.588341709368,10.31446935828663,2.991196113903123,2233.0378904181925,11206.62623212756,0.8007395049888932,12271.034412062632,8077.119194153809,16464.949629971456,0.7132639937927249,3297.446070353264,7.955132567086093,900.0,870.0,False
45,80.0,10.0,0.3,Oracle,900,0.3,True,0.28064758655732724,252.5828279015945,0.7004228519928604,20206.62623212756,9000.0,11206.62623212756,12.45180692458618,3.7355420773758534,0.0,11206.62623212756,1.0,,,,,,,,,
45,80.0,20.0,0.1,Treat nobody,0,0.0,True,0.0,0.0,0.6162285760256622,0.0,0.0,0.0,0.0,0.0,1961.2610011137986,1961.2610011137986,0.0,0.0,0.0,0.0,0.0,0.0,,,,
45,80.0,20.0,0.1,Random,300,0.1,True,0.14446356277563696,43.33906883269109,0.6306749323032259,3467.125506615287,6000.0,-2532.874493384713,-8.442914977949043,-0.8442914977949043,4494.135494498511,1961.2610011137986,-1.2914520259905722,-2467.8814800135888,-4716.390986037314,-219.37197398986385,0.382406602665437,64.9930133711241,,,,
45,80.0,20.0,0.1,S-learner,138,0.046,True,0.3115087857019586,42.988212426870284,0.6305579801679523,3439.056994149623,2760.0,679.0569941496228,4.920702856156687,0.2263523313832076,1282.2040069641757,1961.2610011137986,0.34623489365463694,-760.2212417247856,-2555.077865150927,1034.6353817013558,0.3052533341741212,-1439.2782358744084,0.0017639600367793662,155.0,138.0,False
45,80.0,20.0,0.1,T-learner,190,0.06333333333333334,True,0.2876742462352404,54.658106784695676,0.634447944953894,4372.648542775654,3800.0,572.6485427756543,3.013939698819233,0.19088284759188476,1388.6124583381443,1961.2610011137986,0.2919797734470056,132.23177369232084,-1746.3601400117027,2010.8236873963447,0.3194942914805438,-440.4167690833334,0.01576527968667918,208.0,190.0,False
45,80.0,20.0,0.1,DR-learner,262,0.08733333333333333,True,0.30250024441085116,79.255064035643,0.6426469307042099,6340.40512285144,5240.0,1100.40512285144,4.200019552868091,0.36680170761714664,860.8558782623586,1961.2610011137986,0.5610702105566372,-289.01007530976335,-2729.944473434086,2151.924322814559,0.41513252579777016,-1389.4151981612033,7.742425409273327,300.0,262.0,False
45,80.0,20.0,0.1,Oracle,300,0.1,True,0.3317192083797416,99.51576251392248,0.6494004968636363,7961.261001113799,6000.0,1961.2610011137986,6.537536670379328,0.6537536670379328,0.0,1961.2610011137986,1.0,,,,,,,,,
45,80.0,20.0,0.2,Treat nobody,0,0.0,True,0.0,0.0,0.6162285760256622,0.0,0.0,0.0,0.0,0.0,2586.3986427448253,2586.3986427448253,0.0,0.0,0.0,0.0,0.0,0.0,,,,
45,80.0,20.0,0.2,Random,600,0.2,True,0.15010618133724607,90.06370880234763,0.6462498122931114,7205.09670418781,12000.0,-4794.90329581219,-7.991505493020316,-1.5983010986040633,7381.301938557015,2586.3986427448253,-1.8538918233902182,-5641.681063818061,-9095.093969401241,-2188.2681582348814,0.5873259122486028,-846.7777680058716,,,,
45,80.0,20.0,0.2,S-learner,138,0.046,True,0.3115087857019586,42.988212426870284,0.6305579801679523,3439.056994149623,2760.0,679.0569941496228,4.920702856156687,0.2263523313832076,1907.3416485952025,2586.3986427448253,0.2625492385152859,-760.2212417247856,-2555.077865150927,1034.6353817013558,0.3052533341741212,-1439.2782358744084,0.0017639600367793662,155.0,138.0,False
45,80.0,20.0,0.2,T-learner,190,0.06333333333333334,True,0.2876742462352404,54.658106784695676,0.634447944953894,4372.648542775654,3800.0,572.6485427756543,3.013939698819233,0.19088284759188476,2013.750099969171,2586.3986427448253,0.22140768762851223,132.23177369232084,-1746.3601400117027,2010.8236873963447,0.3194942914805438,-440.4167690833334,0.01576527968667918,208.0,190.0,False
45,80.0,20.0,0.2,DR-learner,537,0.179,True,0.2784450301795478,149.52498120641718,0.6660702364278013,11961.998496513374,10740.0,1221.9984965133735,2.2756024143638243,0.40733283217112454,1364.4001462314518,2586.3986427448253,0.47247105543502876,918.4656014170134,-2516.190376920863,4353.12157975489,0.5841359000182326,-303.5328950963601,2.194595283091793,600.0,537.0,False
45,80.0,20.0,0.2,Oracle,600,0.2,True,0.30388330505718386,182.32998303431032,0.677005237037099,14586.398642744825,12000.0,2586.3986427448253,4.310664404574709,0.8621328809149418,0.0,2586.3986427448253,1.0,,,,,,,,,
45,80.0,20.0,0.3,Treat nobody,0,0.0,True,0.0,0.0,0.6162285760256622,0.0,0.0,0.0,0.0,0.0,2592.4905399993277,2592.4905399993277,0.0,0.0,0.0,0.0,0.0,0.0,,,,
45,80.0,20.0,0.3,Random,900,0.3,True,0.15137119611458918,136.23407650313027,0.6616399348600389,10898.726120250421,18000.0,-7101.273879749579,-7.890304310832865,-2.3670912932498593,9693.764419748906,2592.4905399993277,-2.739170604553651,-5333.6686497764695,-9600.896506815716,-1066.4407927372247,0.7257323588083923,1767.605229973109,,,,
45,80.0,20.0,0.3,S-learner,138,0.046,True,0.3115087857019586,42.988212426870284,0.6305579801679523,3439.056994149623,2760.0,679.0569941496228,4.920702856156687,0.2263523313832076,1913.4335458497048,2592.4905399993277,0.2619322939360847,-760.2212417247856,-2555.077865150927,1034.6353817013558,0.3052533341741212,-1439.2782358744084,0.0017639600367793662,155.0,138.0,False
45,80.0,20.0,0.3,T-learner,190,0.06333333333333334,True,0.2876742462352404,54.658106784695676,0.634447944953894,4372.648542775654,3800.0,572.6485427756543,3.013939698819233,0.19088284759188476,2019.8419972236734,2592.4905399993277,0.22088741846510374,132.23177369232084,-1746.3601400117027,2010.8236873963447,0.3194942914805438,-440.4167690833334,0.01576527968667918,208.0,190.0,False
45,80.0,20.0,0.3,DR-learner,693,0.231,True,0.266356888786755,184.5853239292212,0.6777570173354026,14766.825914337696,13860.0,906.8259143376963,1.3085511029403987,0.3022753047792321,1685.6646256616314,2592.4905399993277,0.3497894786292765,1777.6859438103156,-1991.7612618617588,5547.13314948239,0.6410742298336423,870.8600294726193,0.0011154237622150731,738.0,693.0,False
45,80.0,20.0,0.3,Oracle,630,0.21,True,0.301438304365066,189.9061317499916,0.6795306199423261,15192.490539999328,12600.0,2592.4905399993277,4.115064349205282,0.8641635133331093,0.0,2592.4905399993277,1.0,,,,,,,,,
45,120.0,5.0,0.1,Treat nobody,0,0.0,True,0.0,0.0,0.6162285760256622,0.0,0.0,0.0,0.0,0.0,10441.891501670698,10441.891501670698,0.0,0.0,0.0,0.0,0.0,0.0,,,,
45,120.0,5.0,0.1,Random,300,0.1,True,0.14446356277563696,43.33906883269109,0.6306749323032259,5200.688259922931,1500.0,3700.688259922931,12.335627533076437,1.2335627533076436,6741.203241747767,10441.891501670698,0.3544078445299707,3798.177779979617,424.1786977106541,7172.17686224858,0.5738199118083527,97.4895200566857,,,,
45,120.0,5.0,0.1,S-learner,289,0.09633333333333334,True,0.2991587540365822,86.45687991657225,0.6450475359978529,10374.82558998867,1445.0,8929.82558998867,30.89905048438986,2.9766085299962235,1512.065911682028,10441.891501670698,0.8551923364229461,4858.667586199434,916.6299480948976,8800.705224303969,0.6704268835548046,-4071.1580037892363,21.920279500318625,300.0,289.0,False
45,120.0,5.0,0.1,T-learner,281,0.09366666666666666,True,0.2826225789647081,79.41694468908298,0.6427008909220232,9530.033362689957,1405.0,8125.033362689957,28.914709475764973,2.708344454229986,2316.8581389807405,10441.891501670698,0.7781189223609493,6745.822183650249,3167.8653509829273,10323.77901631757,0.6085072414407935,-1379.2111790397084,22.723411692604184,300.0,281.0,False
45,120.0,5.0,0.1,DR-learner,262,0.08733333333333333,True,0.30250024441085116,79.255064035643,0.6426469307042099,9510.60768427716,1310.0,8200.60768427716,31.300029329302138,2.7335358947590533,2241.283817393538,10441.891501670698,0.7853565307554734,6116.484887035354,2387.6598727559885,9845.30990131472,0.6341655669341993,-2084.1227972418055,36.61363811390999,300.0,262.0,False
45,120.0,5.0,0.1,Oracle,300,0.1,True,0.3317192083797416,99.51576251392248,0.6494004968636363,11941.891501670698,1500.0,10441.891501670698,34.806305005568994,3.480630500556899,0.0,10441.891501670698,1.0,,,,,,,,,
45,120.0,5.0,0.2,Treat nobody,0,0.0,True,0.0,0.0,0.6162285760256622,0.0,0.0,0.0,0.0,0.0,18879.597964117238,18879.597964117238,0.0,0.0,0.0,0.0,0.0,0.0,,,,
45,120.0,5.0,0.2,Random,600,0.2,True,0.15010618133724607,90.06370880234763,0.6462498122931114,10807.645056281715,3000.0,7807.645056281715,13.012741760469526,2.6025483520939052,11071.952907835523,18879.597964117238,0.4135493282813017,6537.478404272908,1371.6592274354102,11703.297581110406,0.8785568200206436,-1270.1666520088074,,,,
45,120.0,5.0,0.2,S-learner,573,0.191,True,0.2772989766881243,158.89231364229522,0.6691926805730939,19067.077637075425,2865.0,16202.077637075425,28.27587720257491,5.4006925456918085,2677.5203270418133,18879.597964117238,0.8581791660960824,15066.798789856966,9650.095608709848,20483.501971004087,0.9212249517292809,-1135.2788472184584,17.51892266702193,600.0,573.0,False
45,120.0,5.0,0.2,T-learner,582,0.194,True,0.26294406176785584,153.0334439488921,0.6672397240086262,18364.013273867055,2910.0,15454.013273867055,26.553287412142705,5.151337757955685,3425.5846902501835,18879.597964117238,0.8185562692192447,15904.957293533229,10867.831716289598,20942.08287077686,0.8566697512430224,450.9440196661744,17.06429412793912,600.0,582.0,False
45,120.0,5.0,0.2,DR-learner,537,0.179,True,0.2784450301795478,149.52498120641718,0.6660702364278013,17942.997744770062,2685.0,15257.997744770062,28.41340362154574,5.085999248256687,3621.600219347176,18879.597964117238,0.8081738696856561,14802.69840212552,9528.314757674052,20077.082046576987,0.8970205041274796,-455.2993426445428,28.291892924637686,600.0,537.0,False
45,120.0,5.0,0.2,Oracle,600,0.2,True,0.30388330505718386,182.32998303431032,0.677005237037099,21879.597964117238,3000.0,18879.597964117238,31.465996606862063,6.293199321372413,0.0,18879.597964117238,1.0,,,,,,,,,
45,120.0,5.0,0.3,Treat nobody,0,0.0,True,0.0,0.0,0.6162285760256622,0.0,0.0,0.0,0.0,0.0,25809.93934819134,25809.93934819134,0.0,0.0,0.0,0.0,0.0,0.0,,,,
45,120.0,5.0,0.3,Random,900,0.3,True,0.15137119611458918,136.23407650313027,0.6616399348600389,16348.089180375631,4500.0,11848.089180375631,13.1645435337507,3.9493630601252105,13961.850167815708,25809.93934819134,0.4590514150590555,14499.497025335295,8064.606229022862,20934.387821647728,1.094389292706402,2651.4078449596636,,,,
45,120.0,5.0,0.3,S-learner,867,0.289,True,0.2593891175894486,224.89036495005197,0.6911920310090129,26986.843794006236,4335.0,22651.843794006236,26.126694110733837,7.5506145980020785,3158.0955541851035,25809.93934819134,0.8776403341526484,21871.897581868707,15317.239740918125,28426.55542281929,1.1147582119965622,-779.9462121375291,13.822760359790603,900.0,867.0,False
45,120.0,5.0,0.3,T-learner,854,0.2846666666666667,True,0.25175868233103094,215.00191471070045,0.6878958809292289,25800.229765284053,4270.0,21530.229765284053,25.211041879723716,7.176743255094684,4279.709582907286,25809.93934819134,0.8341836636974821,22041.89798111844,15744.927244161792,28338.86871807509,1.070933069285346,511.6682158343865,13.108363318397366,900.0,854.0,False
45,120.0,5.0,0.3,DR-learner,870,0.29,True,0.2539308669785829,220.9198542713671,0.6898685274494513,26510.38251256405,4350.0,22160.38251256405,25.471704037429944,7.386794170854683,3649.556835627289,25809.93934819134,0.8585987829575029,27106.551618093952,20717.746135350546,33495.357100837355,1.0865515103232317,4946.169105529902,21.93269885062914,900.0,870.0,False
45,120.0,5.0,0.3,Oracle,900,0.3,True,0.28064758655732724,252.5828279015945,0.7004228519928604,30309.93934819134,4500.0,25809.93934819134,28.677710386879266,8.603313116063779,0.0,25809.93934819134,1.0,,,,,,,,,
45,120.0,10.0,0.1,Treat nobody,0,0.0,True,0.0,0.0,0.6162285760256622,0.0,0.0,0.0,0.0,0.0,8941.891501670698,8941.891501670698,0.0,0.0,0.0,0.0,0.0,0.0,,,,
45,120.0,10.0,0.1,Random,300,0.1,True,0.14446356277563696,43.33906883269109,0.6306749323032259,5200.688259922931,3000.0,2200.688259922931,7.335627533076437,0.7335627533076438,6741.203241747767,8941.891501670698,0.24610992646374158,2298.1777799796173,-1060.1625277186176,5656.518087677852,0.5711568059733743,97.48952005668616,,,,
45,120.0,10.0,0.1,S-learner,289,0.09633333333333334,True,0.2991587540365822,86.45687991657225,0.6450475359978529,10374.82558998867,2890.0,7484.82558998867,25.89905048438986,2.4949418633295566,1457.065911682028,8941.891501670698,0.8370517119996602,3413.667586199434,-510.1099320299782,7337.445104428846,0.6673213639263561,-4071.158003789236,16.920279500318625,300.0,289.0,False
45,120.0,10.0,0.1,T-learner,281,0.09366666666666666,True,0.2826225789647081,79.41694468908298,0.6427008909220232,9530.033362689957,2810.0,6720.033362689957,23.914709475764973,2.2400111208966527,2221.8581389807405,8941.891501670698,0.7515225790241796,5340.822183650249,1792.4002691453318,8889.244098155166,0.6034842038755843,-1379.2111790397084,17.723411692604184,300.0,281.0,False
45,120.0,10.0,0.1,DR-learner,262,0.08733333333333333,True,0.30250024441085116,79.255064035643,0.6426469307042099,9510.60768427716,2620.0,6890.60768427716,26.300029329302138,2.296869228092387,2051.283817393538,8941.891501670698,0.7705984447462512,4806.484887035354,1103.4328970255315,8509.536877045177,0.6297823189982105,-2084.1227972418055,31.613638113909992,300.0,262.0,False
45,120.0,10.0,0.1,Oracle,300,0.1,True,0.3317192083797416,99.51576251392248,0.6494004968636363,11941.891501670698,3000.0,8941.891501670698,29.806305005568994,2.980630500556899,0.0,8941.891501670698,1.0,,,,,,,,,
45,120.0,10.0,0.2,Treat nobody,0,0.0,True,0.0,0.0,0.6162285760256622,0.0,0.0,0.0,0.0,0.0,15879.597964117238,15879.597964117238,0.0,0.0,0.0,0.0,0.0,0.0,,,,
45,120.0,10.0,0.2,Random,600,0.2,True,0.15010618133724607,90.06370880234763,0.6462498122931114,10807.645056281715,6000.0,4807.645056281715,8.012741760469526,1.6025483520939052,11071.952907835523,15879.597964117238,0.3027560941495773,3537.4784042729075,-1613.3298837920238,8688.286692337839,0.8760039008699226,-1270.166652008808,,,,
45,120.0,10.0,0.2,S-learner,573,0.191,True,0.2772989766881243,158.89231364229522,0.6691926805730939,19067.077637075425,5730.0,13337.077637075425,23.27587720257491,4.445692545691808,2542.5203270418133,15879.597964117238,0.839887613478182,12201.798789856966,6824.363203681849,17579.234376032084,0.9145466666040202,-1135.2788472184584,12.51892266702193,600.0,573.0,False
45,120.0,10.0,0.2,T-learner,582,0.194,True,0.26294406176785584,153.0334439488921,0.6672397240086262,18364.013273867055,5820.0,12544.013273867055,21.553287412142705,4.181337757955685,3335.5846902501835,15879.597964117238,0.7899452682752091,12994.95729353323,8002.454611004694,17987.459976061768,0.8490806841194978,450.94401966617625,12.064294127939121,600.0,582.0,False
45,120.0,10.0,0.2,DR-learner,537,0.179,True,0.2784450301795478,149.52498120641718,0.6660702364278013,17942.997744770062,5370.0,12572.997744770062,23.41340362154574,4.190999248256688,3306.600219347176,15879.597964117238,0.7917705330563769,12117.698402125521,6883.725870022663,17351.67093422838,0.8901477396842945,-455.29934264454096,23.291892924637686,600.0,537.0,False
45,120.0,10.0,0.2,Oracle,600,0.2,True,0.30388330505718386,182.32998303431032,0.677005237037099,21879.597964117238,6000.0,15879.597964117238,26.465996606862063,5.293199321372413,0.0,15879.597964117238,1.0,,,,,,,,,
45,120.0,10.0,0.3,Treat nobody,0,0.0,True,0.0,0.0,0.6162285760256622,0.0,0.0,0.0,0.0,0.0,21309.93934819134,21309.93934819134,0.0,0.0,0.0,0.0,0.0,0.0,,,,
45,120.0,10.0,0.3,Random,900,0.3,True,0.15137119611458918,136.23407650313027,0.6616399348600389,16348.089180375631,9000.0,7348.089180375631,8.1645435337507,2.4493630601252105,13961.850167815708,21309.93934819134,0.3448198073355518,9999.497025335295,3590.2600849588275,16408.733965711763,1.0900263118662235,2651.4078449596636,,,,
45,120.0,10.0,0.3,S-learner,867,0.289,True,0.2593891175894486,224.89036495005197,0.6911920310090129,26986.843794006236,8670.0,18316.843794006236,21.126694110733837,6.105614598002078,2993.0955541851035,21309.93934819134,0.8595446235073804,17536.897581868707,11023.436271979823,24050.35889175759,1.1077518704877976,-779.9462121375291,8.822760359790603,900.0,867.0,False
45,120.0,10.0,0.3,T-learner,854,0.2846666666666667,True,0.25175868233103094,215.00191471070045,0.6878958809292289,25800.229765284053,8540.0,17260.229765284053,20.211041879723716,5.753409921761351,4049.709582907286,21309.93934819134,0.8099614683675296,17771.897981118436,11518.528351642084,24025.26761059479,1.0635177786942578,511.66821583438286,8.108363318397366,900.0,854.0,False
45,120.0,10.0,0.3,DR-learner,870,0.29,True,0.2539308669785829,220.9198542713671,0.6898685274494513,26510.38251256405,8700.0,17810.38251256405,20.471704037429944,5.936794170854683,3499.556835627289,21309.93934819134,0.8357781888326064,22756.55161809395,16421.20500549982,29091.89823068807,1.0774596986758485,4946.169105529898,16.93269885062914,900.0,870.0,False
45,120.0,10.0,0.3,Oracle,900,0.3,True,0.28064758655732724,252.5828279015945,0.7004228519928604,30309.93934819134,9000.0,21309.93934819134,23.677710386879266,7.10331311606378,0.0,21309.93934819134,1.0,,,,,,,,,
45,120.0,20.0,0.1,Treat nobody,0,0.0,True,0.0,0.0,0.6162285760256622,0.0,0.0,0.0,0.0,0.0,5941.891501670698,5941.891501670698,0.0,0.0,0.0,0.0,0.0,0.0,,,,
45,120.0,20.0,0.1,Random,300,0.1,True,0.14446356277563696,43.33906883269109,0.6306749323032259,5200.688259922931,6000.0,-799.3117400770689,-2.6643724669235627,-0.2664372466923563,6741.203241747767,5941.891501670698,-0.13452142972525233,-701.8222200203833,-4051.932697579731,2648.288257538965,0.569757149278353,97.48952005668559,,,,
45,120.0,20.0,0.1,S-learner,289,0.09633333333333334,True,0.2991587540365822,86.45687991657225,0.6450475359978529,10374.82558998867,5780.0,4594.82558998867,15.89905048438986,1.5316085299962232,1347.065911682028,5941.891501670698,0.7732934182148445,523.6675861994345,-3382.6483062268876,4429.983478625757,0.6643516451048497,-4071.1580037892354,6.920279500318625,300.0,289.0,False
45,120.0,20.0,0.1,T-learner,281,0.09366666666666666,True,0.2826225789647081,79.41694468908298,0.6427008909220232,9530.033362689957,5620.0,3910.0333626899574,13.914709475764973,1.3033444542299857,2031.8581389807405,5941.891501670698,0.6580452304776286,2530.822183650249,-978.7567381484366,6040.401105448935,0.5968781313469358,-1379.2111790397084,7.723411692604184,300.0,281.0,False
45,120.0,20.0,0.1,DR-learner,262,0.08733333333333333,True,0.30250024441085116,79.255064035643,0.6426469307042099,9510.60768427716,5240.0,4270.60768427716,16.300029329302138,1.4235358947590533,1671.283817393538,5941.891501670698,0.7187286545162229,2186.4848870353544,-1483.3026774082712,5856.27245147898,0.6241249998112963,-2084.1227972418055,21.613638113909992,300.0,262.0,False
45,120.0,20.0,0.1,Oracle,300,0.1,True,0.3317192083797416,99.51576251392248,0.6494004968636363,11941.891501670698,6000.0,5941.891501670698,19.806305005568994,1.9806305005568994,0.0,5941.891501670698,1.0,,,,,,,,,
45,120.0,20.0,0.2,Treat nobody,0,0.0,True,0.0,0.0,0.6162285760256622,0.0,0.0,0.0,0.0,0.0,9879.597964117238,9879.597964117238,0.0,0.0,0.0,0.0,0.0,0.0,,,,
45,120.0,20.0,0.2,Random,600,0.2,True,0.15010618133724607,90.06370880234763,0.6462498122931114,10807.645056281715,12000.0,-1192.3549437182846,-1.9872582395304743,-0.3974516479060949,11071.952907835523,9879.597964117238,-0.12068860980466263,-2462.521595727092,-7610.121015502747,2685.077824048562,0.87545816494236,-1270.1666520088074,,,,
45,120.0,20.0,0.2,S-learner,573,0.191,True,0.2772989766881243,158.89231364229522,0.6691926805730939,19067.077637075425,11460.0,7607.077637075425,13.275877202574913,2.5356925456918082,2272.5203270418133,9879.597964117238,0.7699784611382344,6471.798789856967,1148.6143030562534,11794.98327665768,0.9053201196194276,-1135.2788472184575,2.518922667021929,600.0,573.0,False
45,120.0,20.0,0.2,T-learner,582,0.194,True,0.26294406176785584,153.0334439488921,0.6672397240086262,18364.013273867055,11640.0,6724.0132738670545,11.553287412142705,2.241337757955685,3155.5846902501835,9879.597964117238,0.6805958398599531,7174.95729353323,2245.41667463061,12104.497912435852,0.8383726534069348,450.94401966617534,2.064294127939121,600.0,582.0,False
45,120.0,20.0,0.2,DR-learner,537,0.179,True,0.2784450301795478,149.52498120641718,0.6660702364278013,17942.997744770062,10740.0,7202.997744770062,13.41340362154574,2.4009992482566873,2676.600219347176,9879.597964117238,0.7290780222972023,6747.69840212552,1570.895713442162,11924.501090808879,0.88042479853666,-455.29934264454187,13.291892924637686,600.0,537.0,False
45,120.0,20.0,0.2,Oracle,600,0.2,True,0.30388330505718386,182.32998303431032,0.677005237037099,21879.597964117238,12000.0,9879.597964117238,16.465996606862063,3.2931993213724127,0.0,9879.597964117238,1.0,,,,,,,,,
45,120.0,20.0,0.3,Treat nobody,0,0.0,True,0.0,0.0,0.6162285760256622,0.0,0.0,0.0,0.0,0.0,12309.93934819134,12309.93934819134,0.0,0.0,0.0,0.0,0.0,0.0,,,,
45,120.0,20.0,0.3,Random,900,0.3,True,0.15137119611458918,136.23407650313027,0.6616399348600389,16348.089180375631,18000.0,-1651.9108196243687,-1.8354564662492987,-0.5506369398747896,13961.850167815708,12309.93934819134,-0.13419325415824074,999.4970253352961,-5386.61714977802,7385.611200448612,1.0860937965333668,2651.407844959665,,,,
45,120.0,20.0,0.3,S-learner,764,0.25466666666666665,True,0.2657383724898272,203.02411658222798,0.6839032815530715,24362.893989867356,15280.0,9082.893989867356,11.888604698779263,3.0276313299557853,3227.0453583239832,12309.93934819134,0.737850425818863,7571.284906797412,1447.1699377323532,13695.39987586247,1.0415352896569015,-1511.609083069944,0.02935163135978769,820.0,764.0,False
45,120.0,20.0,0.3,T-learner,725,0.24166666666666667,True,0.2571635928347629,186.44360480520314,0.6783764442940631,22373.232576624378,14500.0,7873.2325766243775,10.859631140171555,2.6244108588747923,4436.706771566962,12309.93934819134,0.6395833768085273,6680.54041624661,967.264100858454,12393.816731634766,0.9716634864133137,-1192.6921603777673,0.0033307928241228524,749.0,725.0,False
45,120.0,20.0,0.3,DR-learner,870,0.29,True,0.2539308669785829,220.9198542713671,0.6898685274494513,26510.38251256405,17400.0,9110.38251256405,10.471704037429943,3.0367941708546837,3199.556835627289,12309.93934819134,0.7400834605982531,14056.551618093948,7800.975852226566,20312.12738396133,1.0638929788524294,4946.169105529898,6.932698850629141,900.0,870.0,False
45,120.0,20.0,0.3,Oracle,900,0.3,True,0.28064758655732724,252.5828279015945,0.7004228519928604,30309.93934819134,18000.0,12309.93934819134,13.677710386879266,4.10331311606378,0.0,12309.93934819134,1.0,,,,,,,,,
46,40.0,5.0,0.1,Treat nobody,0,0.0,True,0.0,0.0,0.6154620619502381,0.0,0.0,0.0,0.0,0.0,2482.562861694997,2482.562861694997,0.0,0.0,0.0,0.0,0.0,0.0,,,,
46,40.0,5.0,0.1,Random,300,0.1,True,0.15445808528126231,46.33742558437869,0.6309078704783644,1853.4970233751478,1500.0,353.4970233751478,1.1783234112504928,0.11783234112504927,2129.0658383198493,2482.562861694997,0.14239197275906795,341.2781751603052,-1048.646683881195,1731.2030342018054,0.23638612239902546,-12.218848214842637,,,,
46,40.0,5.0,0.1,S-learner,261,0.087,True,0.29469453338060475,76.91527321233784,0.6411004863543508,3076.6109284935137,1305.0,1771.6109284935137,6.7877813352241905,0.5905369761645046,710.9519332014834,2482.562861694997,0.7136217800680088,2634.91401359714,1488.416310307206,3781.4117168870744,0.1949861855172446,863.3030851036265,2.9886431190444593,300.0,261.0,False
46,40.0,5.0,0.1,T-learner,279,0.093,True,0.2874032706427826,80.18551250933635,0.642190566120017,3207.420500373454,1395.0,1812.4205003734542,6.4961308257113055,0.6041401667911513,670.1423613215429,2482.562861694997,0.7300602648732142,2273.7748233971233,1112.072192906209,3435.4774538880374,0.1975721050070778,461.35432302366917,3.7034752949178262,300.0,279.0,False
46,40.0,5.0,0.1,DR-learner,270,0.09,True,0.29013044380251,78.33521982667772,0.6415738018924642,3133.4087930671085,1350.0,1783.4087930671085,6.605217752100402,0.5944695976890362,699.1540686278886,2482.562861694997,0.7183740724492538,1653.4274382849342,385.58146427191525,2921.273412297953,0.21562402574972916,-129.98135478217432,7.582065157437274,300.0,270.0,False
46,40.0,5.0,0.1,Oracle,300,0.1,True,0.3318802384745831,99.56407154237493,0.6486500857976965,3982.562861694997,1500.0,2482.562861694997,8.275209538983324,0.8275209538983324,0.0,2482.562861694997,1.0,,,,,,,,,
46,40.0,5.0,0.2,Treat nobody,0,0.0,True,0.0,0.0,0.6154620619502381,0.0,0.0,0.0,0.0,0.0,4266.741021151445,4266.741021151445,0.0,0.0,0.0,0.0,0.0,0.0,,,,
46,40.0,5.0,0.2,Random,600,0.2,True,0.1513611216119067,90.81667296714403,0.6457342862726195,3632.666918685761,3000.0,632.6669186857612,1.0544448644762687,0.2108889728952537,3634.074102465684,4266.741021151445,0.14827872503849,1250.3473615815983,-636.171194359328,3136.865917522525,0.32084238465970877,617.6804428958371,,,,
46,40.0,5.0,0.2,S-learner,586,0.19533333333333333,True,0.27263736764680935,159.76549744103028,0.6687172277639148,6390.619897641211,2930.0,3460.6198976412106,5.905494705872373,1.1535399658804035,806.1211235102346,4266.741021151445,0.8110686541521823,3950.3807133591254,2201.843524327593,5698.917902390658,0.29737573459236516,489.76081571791474,1.5249671036612922,600.0,586.0,False
46,40.0,5.0,0.2,T-learner,575,0.19166666666666668,True,0.26656763995710603,153.27639297533597,0.6665541929420168,6131.055719013439,2875.0,3256.0557190134386,5.662705598284241,1.085351906337813,1010.6853021380066,4266.741021151445,0.7631247602964997,4618.342985410805,2810.0474357553608,6426.6385350662495,0.3075389078437239,1362.2872663973667,2.028757157530028,600.0,575.0,False
46,40.0,5.0,0.2,DR-learner,572,0.19066666666666668,True,0.26998361646966323,154.43062862064735,0.6669389381571206,6177.225144825894,2860.0,3317.225144825894,5.799344658786528,1.1057417149419646,949.5158763255513,4266.741021151445,0.7774610946343985,2942.9113422380356,1127.624959078882,4758.197725397189,0.3087278469532946,-374.3138025878584,5.2937816531022275,600.0,572.0,False
46,40.0,5.0,0.2,Oracle,600,0.2,True,0.3027808758813102,181.66852552878612,0.6760182371265002,7266.741021151445,3000.0,4266.741021151445,7.111235035252409,1.4222470070504818,0.0,4266.741021151445,1.0,,,,,,,,,
46,40.0,5.0,0.3,Treat nobody,0,0.0,True,0.0,0.0,0.6154620619502381,0.0,0.0,0.0,0.0,0.0,5534.268170127496,5534.268170127496,0.0,0.0,0.0,0.0,0.0,0.0,,,,
46,40.0,5.0,0.3,Random,900,0.3,True,0.1515858804645658,136.42729241810923,0.6609378260896079,5457.091696724369,4500.0,957.0916967243693,1.0634352185826326,0.31903056557478976,4577.176473403127,5534.268170127496,0.17293916147585603,601.979409962599,-1537.393304545692,2741.3521244708895,0.36384558277318535,-355.1122867617703,,,,
46,40.0,5.0,0.3,S-learner,900,0.3,True,0.2527598273802655,227.48384464223892,0.6912900101643178,9099.353785689556,4500.0,4599.353785689556,5.110393095210618,1.5331179285631855,934.9143844379396,5534.268170127496,0.8310681095136737,6056.914375895847,3846.7187153756086,8267.110036416085,0.3758905228112999,1457.5605902062907,0.4098222143057999,900.0,920.0,True
46,40.0,5.0,0.3,T-learner,883,0.29433333333333334,True,0.2434987789079062,215.00942177568118,0.6871318692087985,8600.376871027247,4415.0,4185.376871027247,4.739951156316248,1.395125623675749,1348.891299100249,5534.268170127496,0.7562656420624493,5040.639993941975,2734.1918811434266,7347.088106740524,0.392260288282764,855.2631229147282,0.7553527117163572,900.0,883.0,False
46,40.0,5.0,0.3,DR-learner,867,0.289,True,0.25021034917968377,216.93237273878583,0.6877728528631668,8677.294909551434,4335.0,4342.294909551434,5.0084139671873515,1.4474316365171447,1191.9732605760619,5534.268170127496,0.7846195334353301,4565.090467411702,2310.0595728169974,6820.121362006407,0.38351570273435315,222.79555786026776,3.737650200510961,900.0,867.0,False
46,40.0,5.0,0.3,Oracle,900,0.3,True,0.27872967139243043,250.8567042531874,0.6990809633679672,10034.268170127496,4500.0,5534.268170127496,6.149186855697217,1.8447560567091654,0.0,5534.268170127496,1.0,,,,,,,,,
46,40.0,10.0,0.1,Treat nobody,0,0.0,True,0.0,0.0,0.6154620619502381,0.0,0.0,0.0,0.0,0.0,982.5628616949971,982.5628616949971,0.0,0.0,0.0,0.0,0.0,0.0,,,,
46,40.0,10.0,0.1,Random,300,0.1,True,0.15445808528126231,46.33742558437869,0.6309078704783644,1853.4970233751478,3000.0,-1146.5029766248522,-3.8216765887495074,-0.38216765887495074,2129.0658383198493,982.5628616949971,-1.1668494926085906,-1158.7218248396948,-2553.7224048214703,236.27875514208074,0.23724935610813302,-12.218848214842637,,,,
46,40.0,10.0,0.1,S-learner,46,0.015333333333333332,True,0.3143702210874445,14.461030170022447,0.6202824053402456,578.4412068008978,460.0,118.44120680089782,2.5748088434977787,0.03948040226696594,864.1216548940993,982.5628616949971,0.12054313410195207,387.6975591538553,-80.71899161760423,856.1141099253148,0.07966414254994304,269.2563523529575,0.026911779289291005,39.0,46.0,False
46,40.0,10.0,0.1,T-learner,142,0.04733333333333333,True,0.29306819569419684,41.615683788575964,0.6293339565464301,1664.6273515430385,1420.0,244.62735154303846,1.7227278277678764,0.08154245051434615,737.9355101519586,982.5628616949971,0.2489686523679893,494.17266489292473,-283.82676395524817,1272.1720937410978,0.13231525935934424,249.54531334988627,0.002914077580379981,154.0,142.0,False
46,40.0,10.0,0.1,DR-learner,270,0.09,True,0.29013044380251,78.33521982667772,0.6415738018924642,3133.4087930671085,2700.0,433.4087930671085,1.6052177521004019,0.14446959768903617,549.1540686278886,982.5628616949971,0.44110032035959995,303.42743828493406,-950.8527742978733,1557.7076508677412,0.2133168810713547,-129.98135478217444,2.582065157437274,300.0,270.0,False
46,40.0,10.0,0.1,Oracle,300,0.1,True,0.3318802384745831,99.56407154237493,0.6486500857976965,3982.562861694997,3000.0,982.5628616949971,3.2752095389833236,0.32752095389833236,0.0,982.5628616949971,1.0,,,,,,,,,
46,40.0,10.0,0.2,Treat nobody,0,0.0,True,0.0,0.0,0.6154620619502381,0.0,0.0,0.0,0.0,0.0,1266.7410211514452,1266.7410211514452,0.0,0.0,0.0,0.0,0.0,0.0,,,,
46,40.0,10.0,0.2,Random,600,0.2,True,0.1513611216119067,90.81667296714403,0.6457342862726195,3632.666918685761,6000.0,-2367.333081314239,-3.9455551355237315,-0.7891110271047462,3634.074102465684,1266.7410211514452,-1.8688374670004566,-1749.6526384184015,-3638.2042164315894,138.89893959478638,0.32118814306620636,617.6804428958374,,,,
46,40.0,10.0,0.2,S-learner,46,0.015333333333333332,True,0.3143702210874445,14.461030170022447,0.6202824053402456,578.4412068008978,460.0,118.44120680089782,2.5748088434977787,0.03948040226696594,1148.2998143505474,1266.7410211514452,0.09350072731775659,387.6975591538553,-80.71899161760423,856.1141099253148,0.07966414254994304,269.2563523529575,0.026911779289291005,39.0,46.0,False
46,40.0,10.0,0.2,T-learner,142,0.04733333333333333,True,0.29306819569419684,41.615683788575964,0.6293339565464301,1664.6273515430385,1420.0,244.62735154303846,1.7227278277678764,0.08154245051434615,1022.1136696084068,1266.7410211514452,0.1931155204247483,494.17266489292473,-283.82676395524817,1272.1720937410978,0.13231525935934424,249.54531334988627,0.002914077580379981,154.0,142.0,False
46,40.0,10.0,0.2,DR-learner,572,0.19066666666666668,True,0.26998361646966323,154.43062862064735,0.6669389381571206,6177.225144825894,5720.0,457.22514482589395,0.7993446587865278,0.15240838160863132,809.5158763255513,1266.7410211514452,0.360946031739214,82.91134223803573,-1719.368392532272,1885.1910770083434,0.3065157912741358,-374.3138025878582,0.2937816531022275,600.0,572.0,False
46,40.0,10.0,0.2,Oracle,600,0.2,True,0.3027808758813102,181.66852552878612,0.6760182371265002,7266.741021151445,6000.0,1266.7410211514452,2.1112350352524087,0.42224700705048174,0.0,1266.7410211514452,1.0,,,,,,,,,
46,40.0,10.0,0.3,Treat nobody,0,0.0,True,0.0,0.0,0.6154620619502381,0.0,0.0,0.0,0.0,0.0,1266.791668986035,1266.791668986035,0.0,0.0,0.0,0.0,0.0,0.0,,,,
46,40.0,10.0,0.3,Random,900,0.3,True,0.1515858804645658,136.42729241810923,0.6609378260896079,5457.091696724369,9000.0,-3542.9083032756307,-3.9365647814173674,-1.1809694344252102,4809.699972261666,1266.791668986035,-2.796756870142227,-3898.0205900374012,-6047.728944909842,-1748.3122351649615,0.36560337703975954,-355.1122867617705,,,,
46,40.0,10.0,0.3,S-learner,46,0.015333333333333332,True,0.3143702210874445,14.461030170022447,0.6202824053402456,578.4412068008978,460.0,118.44120680089782,2.5748088434977787,0.03948040226696594,1148.350462185137,1266.791668986035,0.0934969890476944,387.6975591538553,-80.71899161760423,856.1141099253148,0.07966414254994304,269.2563523529575,0.026911779289291005,39.0,46.0,False
46,40.0,10.0,0.3,T-learner,142,0.04733333333333333,True,0.29306819569419684,41.615683788575964,0.6293339565464301,1664.6273515430385,1420.0,244.62735154303846,1.7227278277678764,0.08154245051434615,1022.1643174429964,1266.791668986035,0.19310779943701636,494.17266489292473,-283.82676395524817,1272.1720937410978,0.13231525935934424,249.54531334988627,0.002914077580379981,154.0,142.0,False
46,40.0,10.0,0.3,DR-learner,624,0.208,True,0.26704287626635587,166.63475479020607,0.6710069802136401,6665.390191608243,6240.0,425.3901916082432,0.6817150506542359,0.14179673053608105,841.4014773777917,1266.791668986035,0.3358012229025266,31.46927267775189,-1825.4403615507028,1888.3789069062066,0.3158067612254649,-393.9209189304913,0.000272604361503781,648.0,624.0,False
46,40.0,10.0,0.3,Oracle,605,0.20166666666666666,True,0.30234676318124115,182.91979172465088,0.6764353258584551,7316.791668986035,6050.0,1266.791668986035,2.0938705272496443,0.4222638896620116,0.0,1266.791668986035,1.0,,,,,,,,,
46,40.0,20.0,0.1,Treat nobody,0,0.0,True,0.0,0.0,0.6154620619502381,0.0,0.0,0.0,0.0,0.0,0.0,0.0,,0.0,0.0,0.0,0.0,0.0,,,,
46,40.0,20.0,0.1,Random,300,0.1,True,0.15445808528126231,46.33742558437869,0.6309078704783644,1853.4970233751478,6000.0,-4146.502976624852,-13.821676588749506,-1.3821676588749505,4146.502976624852,0.0,,-4158.721824839695,-5618.149310571658,-2699.294339107732,0.24820651420872042,-12.218848214843092,,,,
46,40.0,20.0,0.1,S-learner,0,0.0,True,0.0,0.0,0.6154620619502381,0.0,0.0,0.0,0.0,0.0,0.0,0.0,,0.0,0.0,0.0,0.0,0.0,,0.0,0.0,False
46,40.0,20.0,0.1,T-learner,0,0.0,True,0.0,0.0,0.6154620619502381,0.0,0.0,0.0,0.0,0.0,0.0,0.0,,0.0,0.0,0.0,0.0,0.0,,0.0,0.0,False
46,40.0,20.0,0.1,DR-learner,1,0.0003333333333333333,True,0.3383053880781201,0.3383053880781201,0.6155748304129308,13.532215523124805,20.0,-6.467784476875195,-6.467784476875195,-0.0021559281589583986,6.467784476875195,0.0,,31.162416781572006,-29.91479778153568,92.23963134467968,0.010387472260523998,37.6302012584472,0.22719171191724996,1.0,1.0,False
46,40.0,20.0,0.1,Oracle,0,0.0,True,0.0,0.0,0.6154620619502381,0.0,0.0,0.0,0.0,0.0,0.0,0.0,,,,,,,,,,
46,40.0,20.0,0.2,Treat nobody,0,0.0,True,0.0,0.0,0.6154620619502381,0.0,0.0,0.0,0.0,0.0,0.0,0.0,,0.0,0.0,0.0,0.0,0.0,,,,
46,40.0,20.0,0.2,Random,600,0.2,True,0.1513611216119067,90.81667296714403,0.6457342862726195,3632.666918685761,12000.0,-8367.333081314238,-13.945555135523731,-2.789111027104746,8367.333081314238,0.0,,-7749.652638418402,-9713.99831203927,-5785.3069647975335,0.3340785322443638,617.6804428958367,,,,
46,40.0,20.0,0.2,S-learner,0,0.0,True,0.0,0.0,0.6154620619502381,0.0,0.0,0.0,0.0,0.0,0.0,0.0,,0.0,0.0,0.0,0.0,0.0,,0.0,0.0,False
46,40.0,20.0,0.2,T-learner,0,0.0,True,0.0,0.0,0.6154620619502381,0.0,0.0,0.0,0.0,0.0,0.0,0.0,,0.0,0.0,0.0,0.0,0.0,,0.0,0.0,False
46,40.0,20.0,0.2,DR-learner,1,0.0003333333333333333,True,0.3383053880781201,0.3383053880781201,0.6155748304129308,13.532215523124805,20.0,-6.467784476875195,-6.467784476875195,-0.0021559281589583986,6.467784476875195,0.0,,31.162416781572006,-29.91479778153568,92.23963134467968,0.010387472260523998,37.6302012584472,0.22719171191724996,1.0,1.0,False
46,40.0,20.0,0.2,Oracle,0,0.0,True,0.0,0.0,0.6154620619502381,0.0,0.0,0.0,0.0,0.0,0.0,0.0,,,,,,,,,,
46,40.0,20.0,0.3,Treat nobody,0,0.0,True,0.0,0.0,0.6154620619502381,0.0,0.0,0.0,0.0,0.0,0.0,0.0,,0.0,0.0,0.0,0.0,0.0,,,,
46,40.0,20.0,0.3,Random,900,0.3,True,0.1515858804645658,136.42729241810923,0.6609378260896079,5457.091696724369,18000.0,-12542.908303275632,-13.936564781417369,-4.180969434425211,12542.908303275632,0.0,,-12898.020590037397,-15150.362863031709,-10645.678317043084,0.38305844576065384,-355.11228676176506,,,,
46,40.0,20.0,0.3,S-learner,0,0.0,True,0.0,0.0,0.6154620619502381,0.0,0.0,0.0,0.0,0.0,0.0,0.0,,0.0,0.0,0.0,0.0,0.0,,0.0,0.0,False
46,40.0,20.0,0.3,T-learner,0,0.0,True,0.0,0.0,0.6154620619502381,0.0,0.0,0.0,0.0,0.0,0.0,0.0,,0.0,0.0,0.0,0.0,0.0,,0.0,0.0,False
46,40.0,20.0,0.3,DR-learner,1,0.0003333333333333333,True,0.3383053880781201,0.3383053880781201,0.6155748304129308,13.532215523124805,20.0,-6.467784476875195,-6.467784476875195,-0.0021559281589583986,6.467784476875195,0.0,,31.162416781572006,-29.91479778153568,92.23963134467968,0.010387472260523998,37.6302012584472,0.22719171191724996,1.0,1.0,False
46,40.0,20.0,0.3,Oracle,0,0.0,True,0.0,0.0,0.6154620619502381,0.0,0.0,0.0,0.0,0.0,0.0,0.0,,,,,,,,,,
46,80.0,5.0,0.1,Treat nobody,0,0.0,True,0.0,0.0,0.6154620619502381,0.0,0.0,0.0,0.0,0.0,6465.125723389994,6465.125723389994,0.0,0.0,0.0,0.0,0.0,0.0,,,,
46,80.0,5.0,0.1,Random,300,0.1,True,0.15445808528126231,46.33742558437869,0.6309078704783644,3706.9940467502956,1500.0,2206.9940467502956,7.356646822500985,0.7356646822500985,4258.1316766396985,6465.125723389994,0.3413690840946333,2182.5563503206104,-606.1904875982582,4971.303188239479,0.47428538822076133,-24.437696429685275,,,,
46,80.0,5.0,0.1,S-learner,261,0.087,True,0.29469453338060475,76.91527321233784,0.6411004863543508,6153.221856987027,1305.0,4848.221856987027,18.57556267044838,1.616073952329009,1616.9038664029667,6465.125723389994,0.749903724137457,6574.82802719428,4236.964011233638,8912.692043154924,0.39760322713434465,1726.606170207253,10.977286238088919,300.0,261.0,False
46,80.0,5.0,0.1,T-learner,279,0.093,True,0.2874032706427826,80.18551250933635,0.642190566120017,6414.841000746908,1395.0,5019.841000746908,17.99226165142261,1.6732803335823028,1445.2847226430858,6465.125723389994,0.7764490924879881,5942.549646794247,3580.1311554672134,8304.96813812128,0.40177923505423047,922.7086460473383,12.406950589835652,300.0,279.0,False
46,80.0,5.0,0.1,DR-learner,270,0.09,True,0.29013044380251,78.33521982667772,0.6415738018924642,6266.817586134217,1350.0,4916.817586134217,18.210435504200802,1.6389391953780723,1548.3081372557772,6465.125723389994,0.760513839405443,4656.854876569868,2093.853732204197,7219.856020935538,0.435892557989551,-259.9627095643491,20.164130314874548,300.0,270.0,False
46,80.0,5.0,0.1,Oracle,300,0.1,True,0.3318802384745831,99.56407154237493,0.6486500857976965,7965.125723389994,1500.0,6465.125723389994,21.550419077966648,2.1550419077966647,0.0,6465.125723389994,1.0,,,,,,,,,
46,80.0,5.0,0.2,Treat nobody,0,0.0,True,0.0,0.0,0.6154620619502381,0.0,0.0,0.0,0.0,0.0,11533.48204230289,11533.48204230289,0.0,0.0,0.0,0.0,0.0,0.0,,,,
46,80.0,5.0,0.2,Random,600,0.2,True,0.1513611216119067,90.81667296714403,0.6457342862726195,7265.333837371522,3000.0,4265.333837371522,7.108889728952537,1.4217779457905075,7268.148204931368,11533.48204230289,0.36982186487367724,5500.694723163197,1711.3942499562743,9289.995196370119,0.6444506979203771,1235.3608857916743,,,,
46,80.0,5.0,0.2,S-learner,586,0.19533333333333333,True,0.27263736764680935,159.76549744103028,0.6687172277639148,12781.239795282421,2930.0,9851.239795282421,16.810989411744746,3.2837465984274736,1682.2422470204692,11533.48204230289,0.8541427262946016,10830.761426718253,7292.523133981375,14368.999719455129,0.6017522635868228,979.5216314358313,8.049934207322584,600.0,586.0,False
46,80.0,5.0,0.2,T-learner,575,0.19166666666666668,True,0.26656763995710603,153.27639297533597,0.6665541929420168,12262.111438026877,2875.0,9387.111438026877,16.32541119656848,3.129037146008959,2146.370604276013,11533.48204230289,0.8139009020516542,12111.685970821609,8449.54256775539,15773.829373887831,0.6228249484774109,2724.5745327947316,9.057514315060056,600.0,575.0,False
46,80.0,5.0,0.2,DR-learner,572,0.19066666666666668,True,0.26998361646966323,154.43062862064735,0.6669389381571206,12354.450289651788,2860.0,9494.450289651788,16.598689317573054,3.164816763217263,2039.0317526511026,11533.48204230289,0.8232076188984148,8745.822684476072,5084.049221626545,12407.5961473256,0.6227620323184729,-748.6276051757159,15.587563306204455,600.0,572.0,False
46,80.0,5.0,0.2,Oracle,600,0.2,True,0.3027808758813102,181.66852552878612,0.6760182371265002,14533.48204230289,3000.0,11533.48204230289,19.222470070504816,3.8444940141009636,0.0,11533.48204230289,1.0,,,,,,,,,
46,80.0,5.0,0.3,Treat nobody,0,0.0,True,0.0,0.0,0.6154620619502381,0.0,0.0,0.0,0.0,0.0,15568.536340254992,15568.536340254992,0.0,0.0,0.0,0.0,0.0,0.0,,,,
46,80.0,5.0,0.3,Random,900,0.3,True,0.1515858804645658,136.42729241810923,0.6609378260896079,10914.183393448739,4500.0,6414.183393448739,7.126870437165265,2.1380611311495796,9154.352946806253,15568.536340254992,0.41199655852450434,5703.9588199251975,1414.3701333600989,9993.547506490297,0.7295352908524219,-710.224573523541,,,,
46,80.0,5.0,0.3,S-learner,900,0.3,True,0.2527598273802655,227.48384464223892,0.6912900101643178,18198.707571379113,4500.0,13698.707571379113,15.220786190421236,4.566235857126371,1869.8287688758792,15568.536340254992,0.8798969454796383,16613.828751791694,12149.947635603452,21077.709867979935,0.7591774051970285,2915.1211804125815,5.8196444286116,900.0,920.0,True
46,80.0,5.0,0.3,T-learner,883,0.29433333333333334,True,0.2434987789079062,215.00942177568118,0.6871318692087985,17200.753742054494,4415.0,12785.753742054494,14.479902312632497,4.261917914018165,2782.782598200498,15568.536340254992,0.8212559910975601,14496.279987883949,9847.40425105322,19145.155724714677,0.7906396535005181,1710.5262458294546,6.510705423432714,900.0,883.0,False
46,80.0,5.0,0.3,DR-learner,867,0.289,True,0.25021034917968377,216.93237273878583,0.6877728528631668,17354.58981910287,4335.0,13019.589819102868,15.016827934374703,4.33986327303429,2548.9465211521238,15568.536340254992,0.8362757766405178,13465.180934823404,8921.027414140934,18009.334455505872,0.7728294255279134,445.5911157205355,12.475300401021922,900.0,867.0,False
46,80.0,5.0,0.3,Oracle,900,0.3,True,0.27872967139243043,250.8567042531874,0.6990809633679672,20068.536340254992,4500.0,15568.536340254992,17.298373711394436,5.18951211341833,0.0,15568.536340254992,1.0,,,,,,,,,
46,80.0,10.0,0.1,Treat nobody,0,0.0,True,0.0,0.0,0.6154620619502381,0.0,0.0,0.0,0.0,0.0,4965.125723389994,4965.125723389994,0.0,0.0,0.0,0.0,0.0,0.0,,,,
46,80.0,10.0,0.1,Random,300,0.1,True,0.15445808528126231,46.33742558437869,0.6309078704783644,3706.9940467502956,3000.0,706.9940467502956,2.3566468225009856,0.23566468225009854,4258.1316766396985,4965.125723389994,0.14239197275906795,682.5563503206104,-2097.29336776239,3462.406068403611,0.4727722447980509,-24.437696429685275,,,,
46,80.0,10.0,0.1,S-learner,261,0.087,True,0.29469453338060475,76.91527321233784,0.6411004863543508,6153.221856987027,2610.0,3543.2218569870274,13.575562670448381,1.1810739523290092,1421.9038664029667,4965.125723389994,0.7136217800680088,5269.82802719428,2976.832620614412,7562.823433774149,0.3899723710344892,1726.606170207253,5.977286238088919,300.0,261.0,False
46,80.0,10.0,0.1,T-learner,279,0.093,True,0.2874032706427826,80.18551250933635,0.642190566120017,6414.841000746908,2790.0,3624.8410007469083,12.992261651422611,1.2082803335823027,1340.2847226430858,4965.125723389994,0.7300602648732142,4547.549646794247,2224.144385812418,6870.954907776075,0.3951442100141556,922.7086460473383,7.4069505898356525,300.0,279.0,False
46,80.0,10.0,0.1,DR-learner,270,0.09,True,0.29013044380251,78.33521982667772,0.6415738018924642,6266.817586134217,2700.0,3566.817586134217,13.210435504200804,1.1889391953780724,1398.3081372557772,4965.125723389994,0.7183740724492538,3306.8548765698683,771.1629285438305,5842.546824595906,0.43124805149945833,-259.96270956434864,15.164130314874548,300.0,270.0,False
46,80.0,10.0,0.1,Oracle,300,0.1,True,0.3318802384745831,99.56407154237493,0.6486500857976965,7965.125723389994,3000.0,4965.125723389994,16.550419077966648,1.6550419077966647,0.0,4965.125723389994,1.0,,,,,,,,,
46,80.0,10.0,0.2,Treat nobody,0,0.0,True,0.0,0.0,0.6154620619502381,0.0,0.0,0.0,0.0,0.0,8533.48204230289,8533.48204230289,0.0,0.0,0.0,0.0,0.0,0.0,,,,
46,80.0,10.0,0.2,Random,600,0.2,True,0.1513611216119067,90.81667296714403,0.6457342862726195,7265.333837371522,6000.0,1265.3338373715223,2.1088897289525375,0.4217779457905074,7268.148204931368,8533.48204230289,0.14827872503849,2500.6947231631966,-1272.342388718656,6273.73183504505,0.6416847693194175,1235.3608857916743,,,,
46,80.0,10.0,0.2,S-learner,586,0.19533333333333333,True,0.27263736764680935,159.76549744103028,0.6687172277639148,12781.239795282421,5860.0,6921.239795282421,11.810989411744746,2.307079931760807,1612.2422470204692,8533.48204230289,0.8110686541521823,7900.761426718251,4403.687048655186,11397.835804781316,0.5947514691847303,979.5216314358295,3.0499342073225844,600.0,586.0,False
46,80.0,10.0,0.2,T-learner,575,0.19166666666666668,True,0.26656763995710603,153.27639297533597,0.6665541929420168,12262.111438026877,5750.0,6512.111438026877,11.325411196568481,2.170703812675626,2021.3706042760132,8533.48204230289,0.7631247602964997,9236.68597082161,5620.0948715107215,12853.277070132499,0.6150778156874478,2724.5745327947334,4.057514315060056,600.0,575.0,False
46,80.0,10.0,0.2,DR-learner,572,0.19066666666666668,True,0.26998361646966323,154.43062862064735,0.6669389381571206,12354.450289651788,5720.0,6634.450289651788,11.598689317573056,2.211483429883929,1899.0317526511026,8533.48204230289,0.7774610946343985,5885.822684476071,2255.249918157764,9516.395450794378,0.6174556939065892,-748.6276051757168,10.587563306204455,600.0,572.0,False
46,80.0,10.0,0.2,Oracle,600,0.2,True,0.3027808758813102,181.66852552878612,0.6760182371265002,14533.48204230289,6000.0,8533.48204230289,14.222470070504817,2.8444940141009636,0.0,8533.48204230289,1.0,,,,,,,,,
46,80.0,10.0,0.3,Treat nobody,0,0.0,True,0.0,0.0,0.6154620619502381,0.0,0.0,0.0,0.0,0.0,11068.536340254992,11068.536340254992,0.0,0.0,0.0,0.0,0.0,0.0,,,,
46,80.0,10.0,0.3,Random,900,0.3,True,0.1515858804645658,136.42729241810923,0.6609378260896079,10914.183393448739,9000.0,1914.1833934487386,2.126870437165265,0.6380611311495795,9154.352946806253,11068.536340254992,0.17293916147585603,1203.958819925198,-3074.786609091384,5482.704248941779,0.7276911655463707,-710.2245735235406,,,,
46,80.0,10.0,0.3,S-learner,900,0.3,True,0.2527598273802655,227.48384464223892,0.6912900101643178,18198.707571379113,9000.0,9198.707571379113,10.220786190421236,3.066235857126371,1869.8287688758792,11068.536340254992,0.8310681095136737,12113.828751791694,7693.437430751217,16534.22007283217,0.7517810456225998,2915.1211804125815,0.8196444286115998,900.0,920.0,True
46,80.0,10.0,0.3,T-learner,883,0.29433333333333334,True,0.2434987789079062,215.00942177568118,0.6871318692087985,17200.753742054494,8830.0,8370.753742054494,9.479902312632497,2.790251247351498,2697.782598200498,11068.536340254992,0.7562656420624493,10081.27998788395,5468.383762286853,14694.176213481049,0.784520576565528,1710.5262458294565,1.5107054234327144,900.0,883.0,False
46,80.0,10.0,0.3,DR-learner,867,0.289,True,0.25021034917968377,216.93237273878583,0.6877728528631668,17354.58981910287,8670.0,8684.589819102868,10.016827934374703,2.8948632730342894,2383.9465211521238,11068.536340254992,0.7846195334353301,9130.180934823404,4620.119145633995,13640.242724012815,0.7670314054687063,445.5911157205355,7.475300401021922,900.0,867.0,False
46,80.0,10.0,0.3,Oracle,900,0.3,True,0.27872967139243043,250.8567042531874,0.6990809633679672,20068.536340254992,9000.0,11068.536340254992,12.298373711394435,3.689512113418331,0.0,11068.536340254992,1.0,,,,,,,,,
46,80.0,20.0,0.1,Treat nobody,0,0.0,True,0.0,0.0,0.6154620619502381,0.0,0.0,0.0,0.0,0.0,1965.1257233899942,1965.1257233899942,0.0,0.0,0.0,0.0,0.0,0.0,,,,
46,80.0,20.0,0.1,Random,300,0.1,True,0.15445808528126231,46.33742558437869,0.6309078704783644,3706.9940467502956,6000.0,-2293.0059532497044,-7.643353177499015,-0.7643353177499015,4258.1316766396985,1965.1257233899942,-1.1668494926085906,-2317.4436496793896,-5107.4448096429405,472.5575102841615,0.47449871221626605,-24.437696429685275,,,,
46,80.0,20.0,0.1,S-learner,46,0.015333333333333332,True,0.3143702210874445,14.461030170022447,0.6202824053402456,1156.8824136017956,920.0,236.88241360179563,5.149617686995557,0.07896080453393188,1728.2433097881985,1965.1257233899942,0.12054313410195207,775.3951183077106,-161.43798323520846,1712.2282198506296,0.15932828509988609,538.512704705915,0.05382355857858201,39.0,46.0,False
46,80.0,20.0,0.1,T-learner,142,0.04733333333333333,True,0.29306819569419684,41.615683788575964,0.6293339565464301,3329.254703086077,2840.0,489.2547030860769,3.4454556555357527,0.1630849010286923,1475.8710203039172,1965.1257233899942,0.2489686523679893,988.3453297858495,-567.6535279104963,2544.3441874821956,0.2646305187186885,499.09062669977254,0.005828155160759962,154.0,142.0,False
46,80.0,20.0,0.1,DR-learner,270,0.09,True,0.29013044380251,78.33521982667772,0.6415738018924642,6266.817586134217,5400.0,866.817586134217,3.2104355042008037,0.28893919537807233,1098.3081372557772,1965.1257233899942,0.44110032035959995,606.8548765698681,-1901.7055485957467,3115.4153017354824,0.4266337621427094,-259.96270956434887,5.164130314874548,300.0,270.0,False
46,80.0,20.0,0.1,Oracle,300,0.1,True,0.3318802384745831,99.56407154237493,0.6486500857976965,7965.125723389994,6000.0,1965.1257233899942,6.550419077966647,0.6550419077966647,0.0,1965.1257233899942,1.0,,,,,,,,,
46,80.0,20.0,0.2,Treat nobody,0,0.0,True,0.0,0.0,0.6154620619502381,0.0,0.0,0.0,0.0,0.0,2533.4820423028905,2533.4820423028905,0.0,0.0,0.0,0.0,0.0,0.0,,,,
46,80.0,20.0,0.2,Random,600,0.2,True,0.1513611216119067,90.81667296714403,0.6457342862726195,7265.333837371522,12000.0,-4734.666162628478,-7.891110271047463,-1.5782220542094925,7268.148204931368,2533.4820423028905,-1.8688374670004566,-3499.305276836803,-7276.408432863179,277.79787918957277,0.6423762861324127,1235.3608857916747,,,,
46,80.0,20.0,0.2,S-learner,46,0.015333333333333332,True,0.3143702210874445,14.461030170022447,0.6202824053402456,1156.8824136017956,920.0,236.88241360179563,5.149617686995557,0.07896080453393188,2296.599628701095,2533.4820423028905,0.09350072731775659,775.3951183077106,-161.43798323520846,1712.2282198506296,0.15932828509988609,538.512704705915,0.05382355857858201,39.0,46.0,False
46,80.0,20.0,0.2,T-learner,142,0.04733333333333333,True,0.29306819569419684,41.615683788575964,0.6293339565464301,3329.254703086077,2840.0,489.2547030860769,3.4454556555357527,0.1630849010286923,2044.2273392168136,2533.4820423028905,0.1931155204247483,988.3453297858495,-567.6535279104963,2544.3441874821956,0.2646305187186885,499.09062669977254,0.005828155160759962,154.0,142.0,False
46,80.0,20.0,0.2,DR-learner,572,0.19066666666666668,True,0.26998361646966323,154.43062862064735,0.6669389381571206,12354.450289651788,11440.0,914.4502896517879,1.5986893175730557,0.30481676321726264,1619.0317526511026,2533.4820423028905,0.360946031739214,165.82268447607146,-3438.736785064544,3770.382154016687,0.6130315825482716,-748.6276051757164,0.587563306204455,600.0,572.0,False
46,80.0,20.0,0.2,Oracle,600,0.2,True,0.3027808758813102,181.66852552878612,0.6760182371265002,14533.48204230289,12000.0,2533.4820423028905,4.2224700705048175,0.8444940141009635,0.0,2533.4820423028905,1.0,,,,,,,,,
46,80.0,20.0,0.3,Treat nobody,0,0.0,True,0.0,0.0,0.6154620619502381,0.0,0.0,0.0,0.0,0.0,2533.58333797207,2533.58333797207,0.0,0.0,0.0,0.0,0.0,0.0,,,,
46,80.0,20.0,0.3,Random,900,0.3,True,0.1515858804645658,136.42729241810923,0.6609378260896079,10914.183393448739,18000.0,-7085.816606551261,-7.873129562834735,-2.3619388688504204,9619.399944523331,2533.58333797207,-2.796756870142227,-7796.0411800748025,-12095.457889819683,-3496.624470329923,0.7312067540795191,-710.224573523541,,,,
46,80.0,20.0,0.3,S-learner,46,0.015333333333333332,True,0.3143702210874445,14.461030170022447,0.6202824053402456,1156.8824136017956,920.0,236.88241360179563,5.149617686995557,0.07896080453393188,2296.700924370274,2533.58333797207,0.0934969890476944,775.3951183077106,-161.43798323520846,1712.2282198506296,0.15932828509988609,538.512704705915,0.05382355857858201,39.0,46.0,False
46,80.0,20.0,0.3,T-learner,142,0.04733333333333333,True,0.29306819569419684,41.615683788575964,0.6293339565464301,3329.254703086077,2840.0,489.2547030860769,3.4454556555357527,0.1630849010286923,2044.3286348859929,2533.58333797207,0.19310779943701636,988.3453297858495,-567.6535279104963,2544.3441874821956,0.2646305187186885,499.09062669977254,0.005828155160759962,154.0,142.0,False
46,80.0,20.0,0.3,DR-learner,624,0.208,True,0.26704287626635587,166.63475479020607,0.6710069802136401,13330.780383216486,12480.0,850.7803832164864,1.3634301013084718,0.2835934610721621,1682.8029547555834,2533.58333797207,0.3358012229025266,62.93854535550378,-3650.8807231014057,3776.757813812413,0.6316135224509298,-787.8418378609827,0.000545208723007562,648.0,624.0,False
46,80.0,20.0,0.3,Oracle,605,0.20166666666666666,True,0.30234676318124115,182.91979172465088,0.6764353258584551,14633.58333797207,12100.0,2533.58333797207,4.187741054499289,0.8445277793240232,0.0,2533.58333797207,1.0,,,,,,,,,
46,120.0,5.0,0.1,Treat nobody,0,0.0,True,0.0,0.0,0.6154620619502381,0.0,0.0,0.0,0.0,0.0,10447.688585084992,10447.688585084992,0.0,0.0,0.0,0.0,0.0,0.0,,,,
46,120.0,5.0,0.1,Random,300,0.1,True,0.15445808528126231,46.33742558437869,0.6309078704783644,5560.491070125443,1500.0,4060.491070125443,13.534970233751476,1.3534970233751478,6387.197514959549,10447.688585084992,0.38864970343030286,4023.8345254809155,-166.82078483356455,8214.489835795395,0.7127095775517366,-36.65654464452746,,,,
46,120.0,5.0,0.1,S-learner,261,0.087,True,0.29469453338060475,76.91527321233784,0.6411004863543508,9229.832785480541,1305.0,7924.832785480541,30.36334400567257,2.6416109284935136,2522.855799604451,10447.688585084992,0.7585249809985672,10514.74204079142,6982.554903915873,14046.929177666963,0.6007231365366896,2589.9092553108785,18.96592935713338,300.0,261.0,False
46,120.0,5.0,0.1,T-learner,279,0.093,True,0.2874032706427826,80.18551250933635,0.642190566120017,9622.261501120362,1395.0,8227.261501120362,29.488392477133914,2.742420500373454,2220.4270839646306,10447.688585084992,0.7874719306685224,9611.324470191368,6044.993750828613,13177.655189554122,0.6065299749542198,1384.0629690710066,21.11042588475348,300.0,279.0,False
46,120.0,5.0,0.1,DR-learner,270,0.09,True,0.29013044380251,78.33521982667772,0.6415738018924642,9400.226379201325,1350.0,8050.2263792013255,29.815653256301207,2.6834087930671084,2397.4622058836667,10447.688585084992,0.7705270226654479,7660.282314854801,3799.164810114513,11521.39981959509,0.6566647032286123,-389.9440643465241,32.746195472311825,300.0,270.0,False
46,120.0,5.0,0.1,Oracle,300,0.1,True,0.3318802384745831,99.56407154237493,0.6486500857976965,11947.688585084992,1500.0,10447.688585084992,34.82562861694998,3.4825628616949973,0.0,10447.688585084992,1.0,,,,,,,,,
46,120.0,5.0,0.2,Treat nobody,0,0.0,True,0.0,0.0,0.6154620619502381,0.0,0.0,0.0,0.0,0.0,18800.223063454334,18800.223063454334,0.0,0.0,0.0,0.0,0.0,0.0,,,,
46,120.0,5.0,0.2,Random,600,0.2,True,0.1513611216119067,90.81667296714403,0.6457342862726195,10898.000756057283,3000.0,7898.000756057283,13.163334593428806,2.632666918685761,10902.22230739705,18800.223063454334,0.4201014386584684,9751.042084744793,4054.933736072202,15447.150433417384,0.9687437105312084,1853.04132868751,,,,
46,120.0,5.0,0.2,S-learner,586,0.19533333333333333,True,0.27263736764680935,159.76549744103028,0.6687172277639148,19171.859692923634,2930.0,16241.859692923634,27.71648411761712,5.413953230974545,2558.3633705307,18800.223063454334,0.8639184566110872,17711.142140077376,12379.112191804572,23043.17208835018,0.906824477444684,1469.2824471537424,14.574901310983876,600.0,586.0,False
46,120.0,5.0,0.2,T-learner,575,0.19166666666666668,True,0.26656763995710603,153.27639297533597,0.6665541929420168,18393.167157040316,2875.0,15518.167157040316,26.988116794852722,5.172722385680105,3282.055906414018,18800.223063454334,0.8254246295197427,19605.028956232418,14085.17964992968,25124.878262535156,0.9387671320906245,4086.861799192102,16.086271472590084,600.0,575.0,False
46,120.0,5.0,0.2,DR-learner,572,0.19066666666666668,True,0.26998361646966323,154.43062862064735,0.6669389381571206,18531.675434477682,2860.0,15671.675434477682,27.398033976359585,5.22389181149256,3128.547628976652,18800.223063454334,0.8335898665448166,14548.734026714106,9036.526252939848,20060.941800488363,0.9374675278481053,-1122.9414077635756,25.88134495930668,600.0,572.0,False
46,120.0,5.0,0.2,Oracle,600,0.2,True,0.3027808758813102,181.66852552878612,0.6760182371265002,21800.223063454334,3000.0,18800.223063454334,31.333705105757222,6.266741021151445,0.0,18800.223063454334,1.0,,,,,,,,,
46,120.0,5.0,0.3,Treat nobody,0,0.0,True,0.0,0.0,0.6154620619502381,0.0,0.0,0.0,0.0,0.0,25602.804510382488,25602.804510382488,0.0,0.0,0.0,0.0,0.0,0.0,,,,
46,120.0,5.0,0.3,Random,900,0.3,True,0.1515858804645658,136.42729241810923,0.6609378260896079,16371.275090173109,4500.0,11871.275090173109,13.190305655747899,3.9570916967243694,13731.52942020938,25602.804510382488,0.4636708875138679,10805.938229887797,4361.445261796073,17250.43119797952,1.0960223451255677,-1065.3368602853116,,,,
46,120.0,5.0,0.3,S-learner,900,0.3,True,0.2527598273802655,227.48384464223892,0.6912900101643178,27298.06135706867,4500.0,22798.06135706867,25.331179285631855,7.599353785689557,2804.7431533138188,25602.804510382488,0.8904517217175785,27170.74312768754,20448.813907898926,33892.67234747615,1.1432062481437308,4372.68177061887,11.229466642917398,900.0,920.0,True
46,120.0,5.0,0.3,T-learner,883,0.29433333333333334,True,0.2434987789079062,215.00942177568118,0.6871318692087985,25801.13061308174,4415.0,21386.13061308174,24.21985346894874,7.12871020436058,4216.673897300749,25602.804510382488,0.8353042185050159,23951.919981825926,16956.42937795539,30947.410585696467,1.1897311479615742,2565.7893687441865,12.266058135149073,900.0,883.0,False
46,120.0,5.0,0.3,DR-learner,867,0.289,True,0.25021034917968377,216.93237273878583,0.6877728528631668,26031.8847286543,4335.0,21696.8847286543,25.02524190156205,7.232294909551433,3905.9197817281893,25602.804510382488,0.8474417214667145,22365.271402235107,15527.74839856652,29202.794405903693,1.1628654161678649,668.3866735808078,21.212950601532885,900.0,867.0,False
46,120.0,5.0,0.3,Oracle,900,0.3,True,0.27872967139243043,250.8567042531874,0.6990809633679672,30102.804510382488,4500.0,25602.804510382488,28.447560567091653,8.534268170127495,0.0,25602.804510382488,1.0,,,,,,,,,
46,120.0,10.0,0.1,Treat nobody,0,0.0,True,0.0,0.0,0.6154620619502381,0.0,0.0,0.0,0.0,0.0,8947.688585084992,8947.688585084992,0.0,0.0,0.0,0.0,0.0,0.0,,,,
46,120.0,10.0,0.1,Random,300,0.1,True,0.15445808528126231,46.33742558437869,0.6309078704783644,5560.491070125443,3000.0,2560.491070125443,8.534970233751476,0.8534970233751477,6387.197514959549,8947.688585084992,0.28616229161054574,2523.8345254809155,-1653.289782430724,6700.958833392556,0.7104083443812003,-36.65654464452746,,,,
46,120.0,10.0,0.1,S-learner,261,0.087,True,0.29469453338060475,76.91527321233784,0.6411004863543508,9229.832785480541,2610.0,6619.832785480541,25.36334400567257,2.2066109284935136,2327.855799604451,8947.688585084992,0.7398371906366096,9209.74204079142,5726.878712739344,12692.605368843495,0.5923345795338516,2589.9092553108785,13.96592935713338,300.0,261.0,False
46,120.0,10.0,0.1,T-learner,279,0.093,True,0.2874032706427826,80.18551250933635,0.642190566120017,9622.261501120362,2790.0,6832.261501120362,24.488392477133914,2.277420500373454,2115.4270839646306,8947.688585084992,0.763578374029371,8216.32447019137,4693.820320145452,11738.828620237287,0.5990763398087894,1384.0629690710084,16.11042588475348,300.0,279.0,False
46,120.0,10.0,0.1,DR-learner,270,0.09,True,0.29013044380251,78.33521982667772,0.6415738018924642,9400.226379201325,2700.0,6700.2263792013255,24.815653256301207,2.2334087930671087,2247.4622058836667,8947.688585084992,0.7488220354885855,6310.2823148548005,2480.927209085057,10139.637420624545,0.6512628354356185,-389.944064346525,27.746195472311825,300.0,270.0,False
46,120.0,10.0,0.1,Oracle,300,0.1,True,0.3318802384745831,99.56407154237493,0.6486500857976965,11947.688585084992,3000.0,8947.688585084992,29.825628616949974,2.9825628616949973,0.0,8947.688585084992,1.0,,,,,,,,,
46,120.0,10.0,0.2,Treat nobody,0,0.0,True,0.0,0.0,0.6154620619502381,0.0,0.0,0.0,0.0,0.0,15800.223063454334,15800.223063454334,0.0,0.0,0.0,0.0,0.0,0.0,,,,
46,120.0,10.0,0.2,Random,600,0.2,True,0.1513611216119067,90.81667296714403,0.6457342862726195,10898.000756057283,6000.0,4898.000756057283,8.163334593428806,1.632666918685761,10902.22230739705,15800.223063454334,0.3099956713513926,6751.042084744794,1077.2428759523298,12424.841293537258,0.9649495694047902,1853.041328687511,,,,
46,120.0,10.0,0.2,S-learner,586,0.19533333333333333,True,0.27263736764680935,159.76549744103028,0.6687172277639148,19171.859692923634,5860.0,13311.859692923634,22.71648411761712,4.437286564307878,2488.3633705307,15800.223063454334,0.8425108708568649,14781.14214007738,9496.429052683787,20065.855227470973,0.8987772443913488,1469.282447153746,9.574901310983876,600.0,586.0,False
46,120.0,10.0,0.2,T-learner,575,0.19166666666666668,True,0.26656763995710603,153.27639297533597,0.6665541929420168,18393.167157040316,5750.0,12643.167157040316,21.988116794852722,4.214389052346772,3157.055906414018,15800.223063454334,0.8001891559546246,16730.028956232418,11261.536117791977,22198.52179467286,0.9300328784228038,4086.861799192102,11.086271472590084,600.0,575.0,False
46,120.0,10.0,0.2,DR-learner,572,0.19066666666666668,True,0.26998361646966323,154.43062862064735,0.6669389381571206,18531.675434477682,5720.0,12811.675434477682,22.398033976359585,4.270558478159227,2988.547628976652,15800.223063454334,0.8108540862382433,11688.734026714106,6213.660110465766,17163.80794296245,0.9311521299090233,-1122.9414077635756,20.88134495930668,600.0,572.0,False
46,120.0,10.0,0.2,Oracle,600,0.2,True,0.3027808758813102,181.66852552878612,0.6760182371265002,21800.223063454334,6000.0,15800.223063454334,26.333705105757222,5.266741021151445,0.0,15800.223063454334,1.0,,,,,,,,,
46,120.0,10.0,0.3,Treat nobody,0,0.0,True,0.0,0.0,0.6154620619502381,0.0,0.0,0.0,0.0,0.0,21102.804510382488,21102.804510382488,0.0,0.0,0.0,0.0,0.0,0.0,,,,
46,120.0,10.0,0.3,Random,900,0.3,True,0.1515858804645658,136.42729241810923,0.6609378260896079,16371.275090173109,9000.0,7371.275090173109,8.190305655747899,2.4570916967243694,13731.52942020938,21102.804510382488,0.3493031026537953,6305.938229887797,-120.67377872170803,12732.550238497304,1.0929813097420502,-1065.3368602853116,,,,
46,120.0,10.0,0.3,S-learner,900,0.3,True,0.2527598273802655,227.48384464223892,0.6912900101643178,27298.06135706867,9000.0,18298.06135706867,20.331179285631855,6.099353785689557,2804.7431533138188,21102.804510382488,0.8670914497675464,22670.743127687536,15998.862963360865,29342.623292014203,1.1346943476093796,4372.681770618867,6.229466642917398,900.0,920.0,True
46,120.0,10.0,0.3,T-learner,883,0.29433333333333334,True,0.2434987789079062,215.00942177568118,0.6871318692087985,25801.13061308174,8830.0,16971.13061308174,19.21985346894874,5.657043537693913,4131.673897300749,21102.804510382488,0.8042120944034722,19536.919981825926,12583.701532747264,26490.13843090459,1.1825418738855686,2565.7893687441865,7.266058135149073,900.0,883.0,False
46,120.0,10.0,0.3,DR-learner,867,0.289,True,0.25021034917968377,216.93237273878583,0.6877728528631668,26031.8847286543,8670.0,17361.8847286543,20.02524190156205,5.7872949095514326,3740.9197817281893,21102.804510382488,0.8227287856508516,18030.271402235107,11233.22206085844,24827.320743611774,1.1559820137837442,668.3866735808078,16.212950601532885,900.0,867.0,False
46,120.0,10.0,0.3,Oracle,900,0.3,True,0.27872967139243043,250.8567042531874,0.6990809633679672,30102.804510382488,9000.0,21102.804510382488,23.447560567091653,7.034268170127496,0.0,21102.804510382488,1.0,,,,,,,,,
46,120.0,20.0,0.1,Treat nobody,0,0.0,True,0.0,0.0,0.6154620619502381,0.0,0.0,0.0,0.0,0.0,5947.688585084992,5947.688585084992,0.0,0.0,0.0,0.0,0.0,0.0,,,,
46,120.0,20.0,0.1,Random,300,0.1,True,0.15445808528126231,46.33742558437869,0.6309078704783644,5560.491070125443,6000.0,-439.508929874557,-1.4650297662485234,-0.14650297662485234,6387.197514959549,5947.688585084992,-0.07389575354982653,-476.16547451908457,-4644.8042872167625,3692.473338178593,0.7089652064322559,-36.65654464452757,,,,
46,120.0,20.0,0.1,S-learner,261,0.087,True,0.29469453338060475,76.91527321233784,0.6411004863543508,9229.832785480541,5220.0,4009.832785480541,15.363344005672571,1.3366109284935137,1937.855799604451,5947.688585084992,0.6741833786550276,6599.74204079142,3197.4378740884044,10002.046207494435,0.5786337901342333,2589.9092553108785,3.96592935713338,300.0,261.0,False
46,120.0,20.0,0.1,T-learner,279,0.093,True,0.2874032706427826,80.18551250933635,0.642190566120017,9622.261501120362,5580.0,4042.2615011203616,14.488392477133912,1.3474205003734538,1905.4270839646306,5947.688585084992,0.6796357010447946,5426.32447019137,1971.9736796353388,8880.6752607474,0.5874854194266681,1384.0629690710084,6.110425884753479,300.0,279.0,False
46,120.0,20.0,0.1,DR-learner,270,0.09,True,0.29013044380251,78.33521982667772,0.6415738018924642,9400.226379201325,5400.0,4000.2263792013255,14.815653256301205,1.3334087930671086,1947.4622058836667,5947.688585084992,0.6725682291491666,3610.282314854801,-173.50533514949106,7394.069964859094,0.6435131257258343,-389.94406434652456,17.746195472311825,300.0,270.0,False
46,120.0,20.0,0.1,Oracle,300,0.1,True,0.3318802384745831,99.56407154237493,0.6486500857976965,11947.688585084992,6000.0,5947.688585084992,19.825628616949974,1.9825628616949973,0.0,5947.688585084992,1.0,,,,,,,,,
46,120.0,20.0,0.2,Treat nobody,0,0.0,True,0.0,0.0,0.6154620619502381,0.0,0.0,0.0,0.0,0.0,9800.223063454334,9800.223063454334,0.0,0.0,0.0,0.0,0.0,0.0,,,,
46,120.0,20.0,0.2,Random,600,0.2,True,0.1513611216119067,90.81667296714403,0.6457342862726195,10898.000756057283,12000.0,-1101.999243942717,-1.836665406571195,-0.367333081314239,10902.22230739705,9800.223063454334,-0.11244634298704316,751.0420847447939,-4902.396603902178,6404.480773391767,0.9614868322820516,1853.041328687511,,,,
46,120.0,20.0,0.2,S-learner,547,0.18233333333333332,True,0.2741754389726632,149.97396511804678,0.6654533836562536,17996.875814165614,10940.0,7056.875814165614,12.901052676719587,2.3522919380552048,2743.3472492887195,9800.223063454334,0.7200729787958767,8607.137347345702,3630.010690001249,13584.264004690156,0.8464656657985207,1550.261533180088,0.009922475652405893,573.0,547.0,False
46,120.0,20.0,0.2,T-learner,575,0.19166666666666668,True,0.26656763995710603,153.27639297533597,0.6665541929420168,18393.167157040316,11500.0,6893.167157040316,11.988116794852724,2.2977223856801055,2907.055906414018,9800.223063454334,0.7033683940057837,10980.028956232416,5590.810083847744,16369.24782861709,0.9165506636676566,4086.8617991921,1.0862714725900844,600.0,575.0,False
46,120.0,20.0,0.2,DR-learner,572,0.19066666666666668,True,0.26998361646966323,154.43062862064735,0.6669389381571206,18531.675434477682,11440.0,7091.675434477682,12.398033976359583,2.3638918114925604,2708.547628976652,9800.223063454334,0.7236238796362706,5968.734026714105,544.042606554743,11393.425446873467,0.9225835207430064,-1122.9414077635765,10.88134495930668,600.0,572.0,False
46,120.0,20.0,0.2,Oracle,600,0.2,True,0.3027808758813102,181.66852552878612,0.6760182371265002,21800.223063454334,12000.0,9800.223063454334,16.333705105757222,3.2667410211514447,0.0,9800.223063454334,1.0,,,,,,,,,
46,120.0,20.0,0.3,Treat nobody,0,0.0,True,0.0,0.0,0.6154620619502381,0.0,0.0,0.0,0.0,0.0,12102.804510382488,12102.804510382488,0.0,0.0,0.0,0.0,0.0,0.0,,,,
46,120.0,20.0,0.3,Random,900,0.3,True,0.1515858804645658,136.42729241810923,0.6609378260896079,16371.275090173109,18000.0,-1628.7249098268912,-1.8096943442521014,-0.5429083032756304,13731.52942020938,12102.804510382488,-0.13457417315380715,-2694.061770112203,-9113.110406857486,3724.986866633081,1.0916949983737665,-1065.3368602853116,,,,
46,120.0,20.0,0.3,S-learner,547,0.18233333333333332,True,0.2741754389726632,149.97396511804678,0.6654533836562536,17996.875814165614,10940.0,7056.875814165614,12.901052676719587,2.3522919380552048,5045.9286962168735,12102.804510382488,0.5830777327777059,8607.137347345702,3630.010690001249,13584.264004690156,0.8464656657985207,1550.261533180088,0.009922475652405893,573.0,547.0,False
46,120.0,20.0,0.3,T-learner,657,0.219,True,0.26171636498464307,171.94765179491048,0.672777945881875,20633.718215389257,13140.0,7493.718215389257,11.405963798157165,2.497906071796419,4609.086294993231,12102.804510382488,0.6191720447075478,8828.792882847483,2875.2649176197124,14782.320848075255,1.0125233613454876,1335.074667458226,0.0014696949951797933,684.0,657.0,False
46,120.0,20.0,0.3,DR-learner,867,0.289,True,0.25021034917968377,216.93237273878583,0.6877728528631668,26031.8847286543,17340.0,8691.884728654299,10.025241901562051,2.897294909551433,3410.9197817281893,12102.804510382488,0.7181711248163924,9360.271402235107,2618.4972559930225,16102.045548477192,1.146581297653144,668.3866735808078,6.212950601532885,900.0,867.0,False
46,120.0,20.0,0.3,Oracle,900,0.3,True,0.27872967139243043,250.8567042531874,0.6990809633679672,30102.804510382488,18000.0,12102.804510382488,13.447560567091653,4.034268170127496,0.0,12102.804510382488,1.0,,,,,,,,,
47,40.0,5.0,0.1,Treat nobody,0,0.0,True,0.0,0.0,0.612661685603526,0.0,0.0,0.0,0.0,0.0,2520.6608204583035,2520.6608204583035,0.0,0.0,0.0,0.0,0.0,0.0,,,,
47,40.0,5.0,0.1,Random,300,0.1,True,0.16149214027071054,48.44764208121315,0.628810899630597,1937.9056832485257,1500.0,437.90568324852575,1.459685610828419,0.14596856108284192,2082.755137209778,2520.6608204583035,0.1737265401573966,386.4775218273593,-905.7165748297642,1678.671618484483,0.21976493902435387,-51.428161421166465,,,,
47,40.0,5.0,0.1,S-learner,300,0.1,True,0.2883835999448998,86.51507998346993,0.6415000455980159,3460.6031993387974,1500.0,1960.6031993387974,6.535343997795991,0.6535343997795992,560.0576211195062,2520.6608204583035,0.777813176380598,1880.178156435949,371.0812749822384,3389.275037889659,0.25665384557357085,-80.42504290284842,2.6080751062283047,300.0,319.0,True
47,40.0,5.0,0.1,T-learner,300,0.1,True,0.27088730599590893,81.2661917987727,0.6397504162031168,3250.647671950908,1500.0,1750.6476719509078,5.835492239836359,0.583549223983636,770.0131485073957,2520.6608204583035,0.694519333082111,1489.8971500161713,88.3058446003876,2891.488455431955,0.23837024837724188,-260.7505219347365,3.4089093905278993,300.0,316.0,True
47,40.0,5.0,0.1,DR-learner,286,0.09533333333333334,True,0.28264355319772416,80.8360562145491,0.6396070376750423,3233.442248581964,1430.0,1803.4422485819641,6.305742127908966,0.601147416193988,717.2185718763394,2520.6608204583035,0.7154640695585789,740.7107470381975,-631.4895072284523,2112.911001304847,0.2333716784407589,-1062.7315015437666,6.87084027948214,300.0,286.0,False
47,40.0,5.0,0.1,Oracle,300,0.1,True,0.3350550683715253,100.51652051145759,0.6461671924406784,4020.6608204583035,1500.0,2520.6608204583035,8.402202734861012,0.8402202734861012,0.0,2520.6608204583035,1.0,,,,,,,,,
47,40.0,5.0,0.2,Treat nobody,0,0.0,True,0.0,0.0,0.612661685603526,0.0,0.0,0.0,0.0,0.0,4351.578866397757,4351.578866397757,0.0,0.0,0.0,0.0,0.0,0.0,,,,
47,40.0,5.0,0.2,Random,600,0.2,True,0.15716749201132854,94.30049520679712,0.6440951840057916,3772.019808271885,3000.0,772.0198082718848,1.2866996804531414,0.2573399360906283,3579.5590581258725,4351.578866397757,0.17741142513429012,576.1065985907301,-1352.59062179544,2504.8038189769,0.32801575872473304,-195.91320968115474,,,,
47,40.0,5.0,0.2,S-learner,600,0.2,True,0.2643114788433831,158.5868873060299,0.6655239813722027,6343.475492241196,3000.0,3343.4754922411958,5.572459153735326,1.1144918307470653,1008.1033741565616,4351.578866397757,0.7683361820830169,3734.4288577112625,1690.890481252856,5777.967234169669,0.3475469264703462,390.95336547006673,0.9773356670759075,600.0,647.0,True
47,40.0,5.0,0.2,T-learner,600,0.2,True,0.26001391477473035,156.0083488648382,0.6646644685584719,6240.333954593529,3000.0,3240.3339545935287,5.400556590989215,1.080111318197843,1111.2449118042286,4351.578866397757,0.7446340866334525,3908.420543648148,2023.385945890708,5793.455141405588,0.32059000618146605,668.0865890546193,1.818034690904211,600.0,624.0,True
47,40.0,5.0,0.2,DR-learner,600,0.2,True,0.2649490807285079,158.96944843710475,0.6656515017492275,6358.77793748419,3000.0,3358.7779374841903,5.597963229140317,1.1195926458280634,992.8009289135671,4351.578866397757,0.7718527092362205,2059.518809269203,-25.36669952682924,4144.404318065235,0.3545788809116466,-1299.2591282149874,4.72770813943875,600.0,628.0,True
47,40.0,5.0,0.2,Oracle,600,0.2,True,0.30631578609990656,183.78947165994393,0.6739248428235073,7351.578866397757,3000.0,4351.578866397757,7.252631443996262,1.4505262887992525,0.0,4351.578866397757,1.0,,,,,,,,,
47,40.0,5.0,0.3,Treat nobody,0,0.0,True,0.0,0.0,0.612661685603526,0.0,0.0,0.0,0.0,0.0,5690.104014634428,5690.104014634428,0.0,0.0,0.0,0.0,0.0,0.0,,,,
47,40.0,5.0,0.3,Random,900,0.3,True,0.15669853411017431,141.0286806991569,0.6596712458365782,5641.147227966276,4500.0,1141.1472279662758,1.267941364406973,0.38038240932209194,4548.956786668152,5690.104014634428,0.20054944954105397,454.9381168191921,-2122.5027569603762,3032.3789905987605,0.4383483394099915,-686.2091111470836,,,,
47,40.0,5.0,0.3,S-learner,895,0.29833333333333334,True,0.2500121797886727,223.76090091086206,0.6872486525738133,8950.436036434483,4475.0,4475.436036434483,5.000487191546909,1.4918120121448277,1214.6679781999446,5690.104014634428,0.7865297409193348,5860.561735614703,3445.628887314522,8275.494583914884,0.4107104122573788,1385.1256991802202,0.004433518557731553,860.0,895.0,False
47,40.0,5.0,0.3,T-learner,900,0.3,True,0.24447617453860687,220.02855708474618,0.686004537965108,8801.142283389847,4500.0,4301.142283389847,4.779046981544274,1.4337140944632822,1388.9617312445807,5690.104014634428,0.7558987098175538,4314.894042866926,1963.2153882045352,6666.5726975293155,0.39995269865707267,13.75175947707885,0.6212622616747048,900.0,920.0,True
47,40.0,5.0,0.3,DR-learner,900,0.3,True,0.24891013197698997,224.01911877929095,0.6873347251966229,8960.764751171639,4500.0,4460.764751171639,4.956405279079599,1.4869215837238796,1229.339263462789,5690.104014634428,0.7839513547905204,3666.0723650021214,1172.5906561360068,6159.554073868236,0.42406930748632465,-794.6923861695172,3.125476304172029,900.0,970.0,True
47,40.0,5.0,0.3,Oracle,900,0.3,True,0.28305844485095627,254.75260036586067,0.6975792190588128,10190.104014634428,4500.0,5690.104014634428,6.322337794038253,1.896701338211476,0.0,5690.104014634428,1.0,,,,,,,,,
47,40.0,10.0,0.1,Treat nobody,0,0.0,True,0.0,0.0,0.612661685603526,0.0,0.0,0.0,0.0,0.0,1020.6608204583035,1020.6608204583035,0.0,0.0,0.0,0.0,0.0,0.0,,,,
47,40.0,10.0,0.1,Random,300,0.1,True,0.16149214027071054,48.44764208121315,0.628810899630597,1937.9056832485257,3000.0,-1062.0943167514743,-3.5403143891715807,-0.3540314389171581,2082.755137209778,1020.6608204583035,-1.040594774936659,-1113.5224781726408,-2410.5721626007294,183.52720625544794,0.2205907344316956,-51.42816142116658,,,,
47,40.0,10.0,0.1,S-learner,62,0.020666666666666667,True,0.30891508773967297,19.152735439859732,0.6190459307501458,766.1094175943892,620.0,146.10941759438924,2.356603509586923,0.04870313919812975,874.5514028639143,1020.6608204583035,0.14315178428107223,267.36864848870266,-381.6866199906003,916.4239169680055,0.11038557742199487,121.25923089431342,0.005844432876173755,58.0,62.0,False
47,40.0,10.0,0.1,T-learner,129,0.043,True,0.28261870894325264,36.45781345367959,0.6248142900880858,1458.3125381471837,1290.0,168.31253814718366,1.3047483577301058,0.05610417938239455,852.3482823111199,1020.6608204583035,0.16490545612557844,170.63823733234705,-800.0709797894145,1141.3474544541089,0.1650896351121062,2.325699185163387,0.02469627140949271,109.0,129.0,False
47,40.0,10.0,0.1,DR-learner,286,0.09533333333333334,True,0.28264355319772416,80.8360562145491,0.6396070376750423,3233.442248581964,2860.0,373.4422485819641,1.3057421279089654,0.12448074952732137,647.2185718763394,1020.6608204583035,0.36588280954517166,-689.2892529618024,-2061.163784314165,682.5852783905602,0.2333162823693929,-1062.7315015437666,1.87084027948214,300.0,286.0,False
47,40.0,10.0,0.1,Oracle,300,0.1,True,0.3350550683715253,100.51652051145759,0.6461671924406784,4020.6608204583035,3000.0,1020.6608204583035,3.402202734861012,0.3402202734861012,0.0,1020.6608204583035,1.0,,,,,,,,,
47,40.0,10.0,0.2,Treat nobody,0,0.0,True,0.0,0.0,0.612661685603526,0.0,0.0,0.0,0.0,0.0,1351.5788663977573,1351.5788663977573,0.0,0.0,0.0,0.0,0.0,0.0,,,,
47,40.0,10.0,0.2,Random,600,0.2,True,0.15716749201132854,94.30049520679712,0.6440951840057916,3772.019808271885,6000.0,-2227.980191728115,-3.7133003195468586,-0.7426600639093718,3579.5590581258725,1351.5788663977573,-1.648427810702717,-2423.8934014092697,-4359.939687786094,-487.8471150324457,0.32926562284615274,-195.9132096811545,,,,
47,40.0,10.0,0.2,S-learner,62,0.020666666666666667,True,0.30891508773967297,19.152735439859732,0.6190459307501458,766.1094175943892,620.0,146.10941759438924,2.356603509586923,0.04870313919812975,1205.469448803368,1351.5788663977573,0.10810276871508183,267.36864848870266,-381.6866199906003,916.4239169680055,0.11038557742199487,121.25923089431342,0.005844432876173755,58.0,62.0,False
47,40.0,10.0,0.2,T-learner,129,0.043,True,0.28261870894325264,36.45781345367959,0.6248142900880858,1458.3125381471837,1290.0,168.31253814718366,1.3047483577301058,0.05610417938239455,1183.2663282505737,1351.5788663977573,0.12453031216430016,170.63823733234705,-800.0709797894145,1141.3474544541089,0.1650896351121062,2.325699185163387,0.02469627140949271,109.0,129.0,False
47,40.0,10.0,0.2,DR-learner,585,0.195,True,0.2656556434226828,155.40855140226944,0.664464536070949,6216.342056090778,5850.0,366.342056090778,0.6262257369073128,0.122114018696926,985.2368103069794,1351.5788663977573,0.2710474876446957,-1103.9541076755504,-3158.812146162322,950.903930811221,0.34947207443524986,-1470.2961637663284,0.0024293334616576345,552.0,585.0,False
47,40.0,10.0,0.2,Oracle,600,0.2,True,0.30631578609990656,183.78947165994393,0.6739248428235073,7351.578866397757,6000.0,1351.5788663977573,2.252631443996262,0.45052628879925244,0.0,1351.5788663977573,1.0,,,,,,,,,
47,40.0,10.0,0.3,Treat nobody,0,0.0,True,0.0,0.0,0.612661685603526,0.0,0.0,0.0,0.0,0.0,1357.7313981468942,1357.7313981468942,0.0,0.0,0.0,0.0,0.0,0.0,,,,
47,40.0,10.0,0.3,Random,900,0.3,True,0.15669853411017431,141.0286806991569,0.6596712458365782,5641.147227966276,9000.0,-3358.8527720337242,-3.732058635593027,-1.119617590677908,4716.5841701806185,1357.7313981468942,-2.4738713243415225,-4045.061883180808,-6631.852780642996,-1458.27098571862,0.43993850871180373,-686.2091111470836,,,,
47,40.0,10.0,0.3,S-learner,62,0.020666666666666667,True,0.30891508773967297,19.152735439859732,0.6190459307501458,766.1094175943892,620.0,146.10941759438924,2.356603509586923,0.04870313919812975,1211.621980552505,1357.7313981468942,0.10761290325450773,267.36864848870266,-381.6866199906003,916.4239169680055,0.11038557742199487,121.25923089431342,0.005844432876173755,58.0,62.0,False
47,40.0,10.0,0.3,T-learner,129,0.043,True,0.28261870894325264,36.45781345367959,0.6248142900880858,1458.3125381471837,1290.0,168.31253814718366,1.3047483577301058,0.05610417938239455,1189.4188599997105,1357.7313981468942,0.12396600563035205,170.63823733234705,-800.0709797894145,1141.3474544541089,0.1650896351121062,2.325699185163387,0.02469627140949271,109.0,129.0,False
47,40.0,10.0,0.3,DR-learner,585,0.195,True,0.2656556434226828,155.40855140226944,0.664464536070949,6216.342056090778,5850.0,366.342056090778,0.6262257369073128,0.122114018696926,991.3893420561162,1357.7313981468942,0.2698192415604306,-1103.9541076755504,-3158.812146162322,950.903930811221,0.34947207443524986,-1470.2961637663284,0.0024293334616576345,552.0,585.0,False
47,40.0,10.0,0.3,Oracle,647,0.21566666666666667,True,0.3024625733441613,195.69328495367236,0.6778927805880833,7827.731398146894,6470.0,1357.7313981468942,2.0985029337664516,0.4525771327156314,0.0,1357.7313981468942,1.0,,,,,,,,,
47,40.0,20.0,0.1,Treat nobody,0,0.0,True,0.0,0.0,0.612661685603526,0.0,0.0,0.0,0.0,0.0,0.0,0.0,,0.0,0.0,0.0,0.0,0.0,,,,
47,40.0,20.0,0.1,Random,300,0.1,True,0.16149214027071054,48.44764208121315,0.628810899630597,1937.9056832485257,6000.0,-4062.0943167514743,-13.54031438917158,-1.3540314389171582,4062.0943167514743,0.0,,-4113.522478172641,-5478.48161454944,-2748.563341795843,0.23214017317723218,-51.428161421166806,,,,
47,40.0,20.0,0.1,S-learner,0,0.0,True,0.0,0.0,0.612661685603526,0.0,0.0,0.0,0.0,0.0,0.0,0.0,,0.0,0.0,0.0,0.0,0.0,,0.0,0.0,False
47,40.0,20.0,0.1,T-learner,0,0.0,True,0.0,0.0,0.612661685603526,0.0,0.0,0.0,0.0,0.0,0.0,0.0,,0.0,0.0,0.0,0.0,0.0,,0.0,0.0,False
47,40.0,20.0,0.1,DR-learner,0,0.0,True,0.0,0.0,0.612661685603526,0.0,0.0,0.0,0.0,0.0,0.0,0.0,,0.0,0.0,0.0,0.0,0.0,2.870702037049824,1.0,0.0,False
47,40.0,20.0,0.1,Oracle,0,0.0,True,0.0,0.0,0.612661685603526,0.0,0.0,0.0,0.0,0.0,0.0,0.0,,,,,,,,,,
47,40.0,20.0,0.2,Treat nobody,0,0.0,True,0.0,0.0,0.612661685603526,0.0,0.0,0.0,0.0,0.0,0.0,0.0,,0.0,0.0,0.0,0.0,0.0,,,,
47,40.0,20.0,0.2,Random,600,0.2,True,0.15716749201132854,94.30049520679712,0.6440951840057916,3772.019808271885,12000.0,-8227.980191728115,-13.713300319546859,-2.7426600639093714,8227.980191728115,0.0,,-8423.89340140927,-10444.229263085093,-6403.557539733448,0.3436008480448238,-195.91320968115542,,,,
47,40.0,20.0,0.2,S-learner,0,0.0,True,0.0,0.0,0.612661685603526,0.0,0.0,0.0,0.0,0.0,0.0,0.0,,0.0,0.0,0.0,0.0,0.0,,0.0,0.0,False
47,40.0,20.0,0.2,T-learner,0,0.0,True,0.0,0.0,0.612661685603526,0.0,0.0,0.0,0.0,0.0,0.0,0.0,,0.0,0.0,0.0,0.0,0.0,,0.0,0.0,False
47,40.0,20.0,0.2,DR-learner,0,0.0,True,0.0,0.0,0.612661685603526,0.0,0.0,0.0,0.0,0.0,0.0,0.0,,0.0,0.0,0.0,0.0,0.0,2.870702037049824,1.0,0.0,False
47,40.0,20.0,0.2,Oracle,0,0.0,True,0.0,0.0,0.612661685603526,0.0,0.0,0.0,0.0,0.0,0.0,0.0,,,,,,,,,,
47,40.0,20.0,0.3,Treat nobody,0,0.0,True,0.0,0.0,0.612661685603526,0.0,0.0,0.0,0.0,0.0,0.0,0.0,,0.0,0.0,0.0,0.0,0.0,,,,
47,40.0,20.0,0.3,Random,900,0.3,True,0.15669853411017431,141.0286806991569,0.6596712458365782,5641.147227966276,18000.0,-12358.852772033724,-13.732058635593027,-4.119617590677908,12358.852772033724,0.0,,-13045.061883180808,-15719.234172091477,-10370.889594270137,0.4547995626457426,-686.2091111470836,,,,
47,40.0,20.0,0.3,S-learner,0,0.0,True,0.0,0.0,0.612661685603526,0.0,0.0,0.0,0.0,0.0,0.0,0.0,,0.0,0.0,0.0,0.0,0.0,,0.0,0.0,False
47,40.0,20.0,0.3,T-learner,0,0.0,True,0.0,0.0,0.612661685603526,0.0,0.0,0.0,0.0,0.0,0.0,0.0,,0.0,0.0,0.0,0.0,0.0,,0.0,0.0,False
47,40.0,20.0,0.3,DR-learner,0,0.0,True,0.0,0.0,0.612661685603526,0.0,0.0,0.0,0.0,0.0,0.0,0.0,,0.0,0.0,0.0,0.0,0.0,2.870702037049824,1.0,0.0,False
47,40.0,20.0,0.3,Oracle,0,0.0,True,0.0,0.0,0.612661685603526,0.0,0.0,0.0,0.0,0.0,0.0,0.0,,,,,,,,,,
47,80.0,5.0,0.1,Treat nobody,0,0.0,True,0.0,0.0,0.612661685603526,0.0,0.0,0.0,0.0,0.0,6541.321640916607,6541.321640916607,0.0,0.0,0.0,0.0,0.0,0.0,,,,
47,80.0,5.0,0.1,Random,300,0.1,True,0.16149214027071054,48.44764208121315,0.628810899630597,3875.8113664970515,1500.0,2375.8113664970515,7.919371221656839,0.7919371221656838,4165.510274419556,6541.321640916607,0.3632005115963292,2272.9550436547183,-321.6033412106847,4867.513428520121,0.44125953424500813,-102.85632284233316,,,,
47,80.0,5.0,0.1,S-learner,300,0.1,True,0.2883835999448998,86.51507998346993,0.6415000455980159,6921.206398677595,1500.0,5421.206398677595,18.07068799559198,1.8070687995591983,1120.1152422390123,6541.321640916607,0.8287631607605744,5260.356312871897,2216.4307685767503,8304.281857167043,0.5176839248586954,-160.85008580569774,10.21615021245661,300.0,319.0,True
47,80.0,5.0,0.1,T-learner,300,0.1,True,0.27088730599590893,81.2661917987727,0.6397504162031168,6501.295343901816,1500.0,5001.295343901816,16.67098447967272,1.667098447967272,1540.0262970147915,6541.321640916607,0.7645695500765815,4479.794300032343,1653.6969187530187,7305.891681311667,0.4806376381694121,-521.5010438694726,11.817818781055799,300.0,316.0,True
47,80.0,5.0,0.1,DR-learner,286,0.09533333333333334,True,0.28264355319772416,80.8360562145491,0.6396070376750423,6466.884497163928,1430.0,5036.884497163928,17.61148425581793,1.6789614990546426,1504.4371437526788,6541.321640916607,0.7700102171490426,2911.4214940763954,153.1447646452677,5669.698223507523,0.4691033017592948,-2125.463003087533,18.74168055896428,300.0,286.0,False
47,80.0,5.0,0.1,Oracle,300,0.1,True,0.3350550683715253,100.51652051145759,0.6461671924406784,8041.321640916607,1500.0,6541.321640916607,21.804405469722024,2.1804405469722026,0.0,6541.321640916607,1.0,,,,,,,,,
47,80.0,5.0,0.2,Treat nobody,0,0.0,True,0.0,0.0,0.612661685603526,0.0,0.0,0.0,0.0,0.0,11703.157732795515,11703.157732795515,0.0,0.0,0.0,0.0,0.0,0.0,,,,
47,80.0,5.0,0.2,Random,600,0.2,True,0.15716749201132854,94.30049520679712,0.6440951840057916,7544.03961654377,3000.0,4544.03961654377,7.573399360906283,1.5146798721812564,7159.118116251745,11703.157732795515,0.3882746622999109,4152.21319718146,284.2646463360843,8020.161748026835,0.6578264671111751,-391.82641936230993,,,,
47,80.0,5.0,0.2,S-learner,600,0.2,True,0.2643114788433831,158.5868873060299,0.6655239813722027,12686.950984482392,3000.0,9686.950984482392,16.144918307470654,3.2289836614941305,2016.2067483131232,11703.157732795515,0.8277211335310684,10468.857715422524,6348.188319375104,14589.527111469946,0.7008069924669937,781.9067309401325,6.954671334151815,600.0,647.0,True
47,80.0,5.0,0.2,T-learner,600,0.2,True,0.26001391477473035,156.0083488648382,0.6646644685584719,12480.667909187057,3000.0,9480.667909187057,15.80111318197843,3.160222636395686,2222.4898236084573,11703.157732795515,0.8100948586396969,10816.841087296296,7008.975635038589,14624.706539554003,0.6476080653001219,1336.1731781092385,8.636069381808422,600.0,624.0,True
47,80.0,5.0,0.2,DR-learner,600,0.2,True,0.2649490807285079,158.96944843710475,0.6656515017492275,12717.55587496838,3000.0,9717.55587496838,16.195926458280635,3.239185291656127,1985.6018578271342,11703.157732795515,0.8303362303438051,7119.037618538405,2928.6044270727793,11309.470810004032,0.7126718015431626,-2598.5182564299757,14.4554162788775,600.0,628.0,True
47,80.0,5.0,0.2,Oracle,600,0.2,True,0.30631578609990656,183.78947165994393,0.6739248428235073,14703.157732795515,3000.0,11703.157732795515,19.505262887992526,3.901052577598505,0.0,11703.157732795515,1.0,,,,,,,,,
47,80.0,5.0,0.3,Treat nobody,0,0.0,True,0.0,0.0,0.612661685603526,0.0,0.0,0.0,0.0,0.0,15880.208029268855,15880.208029268855,0.0,0.0,0.0,0.0,0.0,0.0,,,,
47,80.0,5.0,0.3,Random,900,0.3,True,0.15669853411017431,141.0286806991569,0.6596712458365782,11282.294455932552,4500.0,6782.2944559325515,7.535882728813946,2.260764818644184,9097.913573336304,15880.208029268855,0.4270910332806778,5409.876233638384,246.75664321442702,10572.995824062342,0.8780976982485371,-1372.4182222941672,,,,
47,80.0,5.0,0.3,S-learner,900,0.3,True,0.2497326268588683,224.75936417298146,0.6875814736611865,17980.749133838515,4500.0,13480.749133838515,14.978610148709462,4.493583044612839,2399.45889543034,15880.208029268855,0.8489025527242533,16221.158695589538,11329.851731076367,21112.46566010271,0.8318702117479673,2740.409561751023,4.75529012583408,900.0,932.0,True
47,80.0,5.0,0.3,T-learner,900,0.3,True,0.24447617453860687,220.02855708474618,0.686004537965108,17602.284566779694,4500.0,13102.284566779694,14.558093963088549,4.3674281889265645,2777.9234624891615,15880.208029268855,0.8250700836305693,13129.788085733853,8395.42146104201,17864.154710425697,0.8051791873109104,27.503518954159517,6.2425245233494095,900.0,920.0,True
47,80.0,5.0,0.3,DR-learner,900,0.3,True,0.24891013197698997,224.01911877929095,0.6873347251966229,17921.529502343277,4500.0,13421.529502343277,14.912810558159197,4.473843167447759,2458.678526925578,15880.208029268855,0.8451734056383908,11832.144730004242,6819.405364364743,16844.88409564374,0.8525223601350754,-1589.3847723390354,11.250952608344058,900.0,970.0,True
47,80.0,5.0,0.3,Oracle,900,0.3,True,0.28305844485095627,254.75260036586067,0.6975792190588128,20380.208029268855,4500.0,15880.208029268855,17.644675588076506,5.293402676422952,0.0,15880.208029268855,1.0,,,,,,,,,
47,80.0,10.0,0.1,Treat nobody,0,0.0,True,0.0,0.0,0.612661685603526,0.0,0.0,0.0,0.0,0.0,5041.321640916607,5041.321640916607,0.0,0.0,0.0,0.0,0.0,0.0,,,,
47,80.0,10.0,0.1,Random,300,0.1,True,0.16149214027071054,48.44764208121315,0.628810899630597,3875.8113664970515,3000.0,875.8113664970515,2.919371221656838,0.29193712216568385,4165.510274419556,5041.321640916607,0.1737265401573966,772.9550436547186,-1811.4331496595285,3357.343236968966,0.43952987804870775,-102.85632284233293,,,,
47,80.0,10.0,0.1,S-learner,300,0.1,True,0.2883835999448998,86.51507998346993,0.6415000455980159,6921.206398677595,3000.0,3921.2063986775947,13.070687995591982,1.3070687995591983,1120.1152422390123,5041.321640916607,0.777813176380598,3760.356312871898,742.1625499644769,6778.550075779318,0.5133076911471417,-160.85008580569684,5.2161502124566095,300.0,319.0,True
47,80.0,10.0,0.1,T-learner,300,0.1,True,0.27088730599590893,81.2661917987727,0.6397504162031168,6501.295343901816,3000.0,3501.2953439018156,11.670984479672718,1.167098447967272,1540.0262970147915,5041.321640916607,0.694519333082111,2979.7943000323426,176.6116892007752,5782.97691086391,0.47674049675448377,-521.501043869473,6.817818781055799,300.0,316.0,True
47,80.0,10.0,0.1,DR-learner,286,0.09533333333333334,True,0.28264355319772416,80.8360562145491,0.6396070376750423,6466.884497163928,2860.0,3606.8844971639282,12.611484255817931,1.202294832387976,1434.4371437526788,5041.321640916607,0.7154640695585789,1481.421494076395,-1262.9790144569047,4225.822002609694,0.4667433568815178,-2125.4630030875333,13.74168055896428,300.0,286.0,False
47,80.0,10.0,0.1,Oracle,300,0.1,True,0.3350550683715253,100.51652051145759,0.6461671924406784,8041.321640916607,3000.0,5041.321640916607,16.804405469722024,1.6804405469722024,0.0,5041.321640916607,1.0,,,,,,,,,
47,80.0,10.0,0.2,Treat nobody,0,0.0,True,0.0,0.0,0.612661685603526,0.0,0.0,0.0,0.0,0.0,8703.157732795515,8703.157732795515,0.0,0.0,0.0,0.0,0.0,0.0,,,,
47,80.0,10.0,0.2,Random,600,0.2,True,0.15716749201132854,94.30049520679712,0.6440951840057916,7544.03961654377,6000.0,1544.0396165437696,2.573399360906283,0.5146798721812565,7159.118116251745,8703.157732795515,0.17741142513429012,1152.2131971814601,-2705.18124359088,5009.6076379538,0.6560315174494661,-391.8264193623095,,,,
47,80.0,10.0,0.2,S-learner,600,0.2,True,0.2643114788433831,158.5868873060299,0.6655239813722027,12686.950984482392,6000.0,6686.9509844823915,11.144918307470652,2.2289836614941305,2016.2067483131232,8703.157732795515,0.7683361820830169,7468.857715422525,3381.780962505712,11555.934468339337,0.6950938529406924,781.9067309401335,1.954671334151815,600.0,647.0,True
47,80.0,10.0,0.2,T-learner,600,0.2,True,0.26001391477473035,156.0083488648382,0.6646644685584719,12480.667909187057,6000.0,6480.667909187057,10.80111318197843,2.160222636395686,2222.4898236084573,8703.157732795515,0.7446340866334525,7816.841087296296,4046.771891781416,11586.910282811175,0.6411800123629321,1336.1731781092385,3.636069381808422,600.0,624.0,True
47,80.0,10.0,0.2,DR-learner,600,0.2,True,0.2649490807285079,158.96944843710475,0.6656515017492275,12717.55587496838,6000.0,6717.5558749683805,11.195926458280635,2.239185291656127,1985.6018578271342,8703.157732795515,0.7718527092362205,4119.037618538406,-50.73339905365848,8288.80863613047,0.7091577618232932,-2598.518256429975,9.4554162788775,600.0,628.0,True
47,80.0,10.0,0.2,Oracle,600,0.2,True,0.30631578609990656,183.78947165994393,0.6739248428235073,14703.157732795515,6000.0,8703.157732795515,14.505262887992524,2.901052577598505,0.0,8703.157732795515,1.0,,,,,,,,,
47,80.0,10.0,0.3,Treat nobody,0,0.0,True,0.0,0.0,0.612661685603526,0.0,0.0,0.0,0.0,0.0,11380.208029268855,11380.208029268855,0.0,0.0,0.0,0.0,0.0,0.0,,,,
47,80.0,10.0,0.3,Random,900,0.3,True,0.15669853411017431,141.0286806991569,0.6596712458365782,11282.294455932552,9000.0,2282.2944559325515,2.535882728813946,0.7607648186441839,9097.913573336304,11380.208029268855,0.20054944954105397,909.8762336383842,-4245.0055139207525,6064.757981197521,0.876696678819983,-1372.4182222941672,,,,
47,80.0,10.0,0.3,S-learner,895,0.29833333333333334,True,0.2500121797886727,223.76090091086206,0.6872486525738133,17900.872072868966,8950.0,8950.872072868966,10.000974383093817,2.9836240242896555,2429.3359563998893,11380.208029268855,0.7865297409193348,11721.123471229406,6891.257774629044,16550.989167829768,0.8214208245147576,2770.2513983604404,0.008867037115463106,860.0,895.0,False
47,80.0,10.0,0.3,T-learner,900,0.3,True,0.24447617453860687,220.02855708474618,0.686004537965108,17602.284566779694,9000.0,8602.284566779694,9.558093963088549,2.8674281889265645,2777.9234624891615,11380.208029268855,0.7558987098175538,8629.788085733851,3926.4307764090704,13333.145395058631,0.7999053973141453,27.5035189541577,1.2425245233494095,900.0,920.0,True
47,80.0,10.0,0.3,DR-learner,900,0.3,True,0.24891013197698997,224.01911877929095,0.6873347251966229,17921.529502343277,9000.0,8921.529502343277,9.912810558159197,2.9738431674477592,2458.678526925578,11380.208029268855,0.7839513547905204,7332.144730004243,2345.1813122720137,12319.108147736471,0.8481386149726493,-1589.3847723390345,6.250952608344058,900.0,970.0,True
47,80.0,10.0,0.3,Oracle,900,0.3,True,0.28305844485095627,254.75260036586067,0.6975792190588128,20380.208029268855,9000.0,11380.208029268855,12.644675588076506,3.793402676422952,0.0,11380.208029268855,1.0,,,,,,,,,
47,80.0,20.0,0.1,Treat nobody,0,0.0,True,0.0,0.0,0.612661685603526,0.0,0.0,0.0,0.0,0.0,2041.321640916607,2041.321640916607,0.0,0.0,0.0,0.0,0.0,0.0,,,,
47,80.0,20.0,0.1,Random,300,0.1,True,0.16149214027071054,48.44764208121315,0.628810899630597,3875.8113664970515,6000.0,-2124.1886335029485,-7.080628778343161,-0.7080628778343162,4165.510274419556,2041.321640916607,-1.040594774936659,-2227.0449563452817,-4821.144325201459,367.0544125108959,0.4411814688633912,-102.85632284233316,,,,
47,80.0,20.0,0.1,S-learner,62,0.020666666666666667,True,0.30891508773967297,19.152735439859732,0.6190459307501458,1532.2188351887785,1240.0,292.2188351887785,4.713207019173846,0.0974062783962595,1749.1028057278286,2041.321640916607,0.14315178428107223,534.7372969774053,-763.3732399812006,1832.847833936011,0.22077115484398974,242.51846178862684,0.01168886575234751,58.0,62.0,False
47,80.0,20.0,0.1,T-learner,129,0.043,True,0.28261870894325264,36.45781345367959,0.6248142900880858,2916.6250762943673,2580.0,336.6250762943673,2.6094967154602116,0.1122083587647891,1704.6965646222397,2041.321640916607,0.16490545612557844,341.2764746646941,-1600.141959578829,2282.6949089082177,0.3301792702242124,4.651398370326774,0.04939254281898542,109.0,129.0,False
47,80.0,20.0,0.1,DR-learner,286,0.09533333333333334,True,0.28264355319772416,80.8360562145491,0.6396070376750423,6466.884497163928,5720.0,746.8844971639282,2.6114842558179308,0.24896149905464274,1294.4371437526788,2041.321640916607,0.36588280954517166,-1378.5785059236048,-4122.32756862833,1365.1705567811205,0.4666325647387858,-2125.4630030875333,3.74168055896428,300.0,286.0,False
47,80.0,20.0,0.1,Oracle,300,0.1,True,0.3350550683715253,100.51652051145759,0.6461671924406784,8041.321640916607,6000.0,2041.321640916607,6.804405469722024,0.6804405469722024,0.0,2041.321640916607,1.0,,,,,,,,,
47,80.0,20.0,0.2,Treat nobody,0,0.0,True,0.0,0.0,0.612661685603526,0.0,0.0,0.0,0.0,0.0,2703.1577327955147,2703.1577327955147,0.0,0.0,0.0,0.0,0.0,0.0,,,,
47,80.0,20.0,0.2,Random,600,0.2,True,0.15716749201132854,94.30049520679712,0.6440951840057916,7544.03961654377,12000.0,-4455.96038345623,-7.426600639093717,-1.4853201278187436,7159.118116251745,2703.1577327955147,-1.648427810702717,-4847.786802818539,-8719.879375572187,-975.6942300648914,0.6585312456923055,-391.826419362309,,,,
47,80.0,20.0,0.2,S-learner,62,0.020666666666666667,True,0.30891508773967297,19.152735439859732,0.6190459307501458,1532.2188351887785,1240.0,292.2188351887785,4.713207019173846,0.0974062783962595,2410.938897606736,2703.1577327955147,0.10810276871508183,534.7372969774053,-763.3732399812006,1832.847833936011,0.22077115484398974,242.51846178862684,0.01168886575234751,58.0,62.0,False
47,80.0,20.0,0.2,T-learner,129,0.043,True,0.28261870894325264,36.45781345367959,0.6248142900880858,2916.6250762943673,2580.0,336.6250762943673,2.6094967154602116,0.1122083587647891,2366.5326565011474,2703.1577327955147,0.12453031216430016,341.2764746646941,-1600.141959578829,2282.6949089082177,0.3301792702242124,4.651398370326774,0.04939254281898542,109.0,129.0,False
47,80.0,20.0,0.2,DR-learner,585,0.195,True,0.2656556434226828,155.40855140226944,0.664464536070949,12432.684112181556,11700.0,732.684112181556,1.2524514738146255,0.244228037393852,1970.4736206139587,2703.1577327955147,0.2710474876446957,-2207.908215351101,-6317.624292324644,1901.807861622442,0.6989441488704997,-2940.592327532657,0.004858666923315269,552.0,585.0,False
47,80.0,20.0,0.2,Oracle,600,0.2,True,0.30631578609990656,183.78947165994393,0.6739248428235073,14703.157732795515,12000.0,2703.1577327955147,4.505262887992524,0.9010525775985049,0.0,2703.1577327955147,1.0,,,,,,,,,
47,80.0,20.0,0.3,Treat nobody,0,0.0,True,0.0,0.0,0.612661685603526,0.0,0.0,0.0,0.0,0.0,2715.4627962937884,2715.4627962937884,0.0,0.0,0.0,0.0,0.0,0.0,,,,
47,80.0,20.0,0.3,Random,900,0.3,True,0.15669853411017431,141.0286806991569,0.6596712458365782,11282.294455932552,18000.0,-6717.7055440674485,-7.464117271186054,-2.239235181355816,9433.168340361237,2715.4627962937884,-2.4738713243415225,-8090.123766361616,-13263.705561285991,-2916.54197143724,0.8798770174236075,-1372.4182222941672,,,,
47,80.0,20.0,0.3,S-learner,62,0.020666666666666667,True,0.30891508773967297,19.152735439859732,0.6190459307501458,1532.2188351887785,1240.0,292.2188351887785,4.713207019173846,0.0974062783962595,2423.24396110501,2715.4627962937884,0.10761290325450773,534.7372969774053,-763.3732399812006,1832.847833936011,0.22077115484398974,242.51846178862684,0.01168886575234751,58.0,62.0,False
47,80.0,20.0,0.3,T-learner,129,0.043,True,0.28261870894325264,36.45781345367959,0.6248142900880858,2916.6250762943673,2580.0,336.6250762943673,2.6094967154602116,0.1122083587647891,2378.837719999421,2715.4627962937884,0.12396600563035205,341.2764746646941,-1600.141959578829,2282.6949089082177,0.3301792702242124,4.651398370326774,0.04939254281898542,109.0,129.0,False
47,80.0,20.0,0.3,DR-learner,585,0.195,True,0.2656556434226828,155.40855140226944,0.664464536070949,12432.684112181556,11700.0,732.684112181556,1.2524514738146255,0.244228037393852,1982.7786841122324,2715.4627962937884,0.2698192415604306,-2207.908215351101,-6317.624292324644,1901.807861622442,0.6989441488704997,-2940.592327532657,0.004858666923315269,552.0,585.0,False
47,80.0,20.0,0.3,Oracle,647,0.21566666666666667,True,0.3024625733441613,195.69328495367236,0.6778927805880833,15655.462796293788,12940.0,2715.4627962937884,4.197005867532903,0.9051542654312628,0.0,2715.4627962937884,1.0,,,,,,,,,
47,120.0,5.0,0.1,Treat nobody,0,0.0,True,0.0,0.0,0.612661685603526,0.0,0.0,0.0,0.0,0.0,10561.98246137491,10561.98246137491,0.0,0.0,0.0,0.0,0.0,0.0,,,,
47,120.0,5.0,0.1,Random,300,0.1,True,0.16149214027071054,48.44764208121315,0.628810899630597,5813.717049745577,1500.0,4313.717049745577,14.379056832485258,1.4379056832485257,6248.265411629332,10561.98246137491,0.40841925893370945,4159.432565482078,259.19649822619516,8059.66863273796,0.6633176422322805,-154.2844842634995,,,,
47,120.0,5.0,0.1,S-learner,300,0.1,True,0.2883835999448998,86.51507998346993,0.6415000455980159,10381.809598016393,1500.0,8881.809598016393,29.606031993387976,2.9606031993387973,1680.1728633585171,10561.98246137491,0.8409225853666301,8640.534469307846,4059.020913941926,13222.048024673764,0.7791832896768027,-241.27512870854662,17.824225318684913,300.0,319.0,True
47,120.0,5.0,0.1,T-learner,300,0.1,True,0.27088730599590893,81.2661917987727,0.6397504162031168,9751.943015852723,1500.0,8251.943015852723,27.506476719509077,2.7506476719509076,2310.0394455221867,10561.98246137491,0.7812873242338753,7469.691450048515,3216.099655297368,11723.283244799664,0.723413257982109,-782.2515658042075,20.226728171583698,300.0,316.0,True
47,120.0,5.0,0.1,DR-learner,286,0.09533333333333334,True,0.28264355319772416,80.8360562145491,0.6396070376750423,9700.326745745893,1430.0,8270.326745745893,28.9172263837269,2.756775581915298,2291.6557156290164,10561.98246137491,0.7830278809863978,5082.132241114593,934.8045250377514,9229.459957191435,0.7053408036729986,-3188.1945046313003,30.61252083844642,300.0,286.0,False
47,120.0,5.0,0.1,Oracle,300,0.1,True,0.3350550683715253,100.51652051145759,0.6461671924406784,12061.98246137491,1500.0,10561.98246137491,35.206608204583034,3.5206608204583034,0.0,10561.98246137491,1.0,,,,,,,,,
47,120.0,5.0,0.2,Treat nobody,0,0.0,True,0.0,0.0,0.612661685603526,0.0,0.0,0.0,0.0,0.0,19054.73659919327,19054.73659919327,0.0,0.0,0.0,0.0,0.0,0.0,,,,
47,120.0,5.0,0.2,Random,600,0.2,True,0.15716749201132854,94.30049520679712,0.6440951840057916,11316.059424815654,3000.0,8316.059424815654,13.860099041359423,2.7720198082718848,10738.677174377617,19054.73659919327,0.43643003835422917,7728.319795772189,1917.160535435936,13539.479056108441,0.9883105516519585,-587.7396290434654,,,,
47,120.0,5.0,0.2,S-learner,600,0.2,True,0.2643114788433831,158.5868873060299,0.6655239813722027,19030.426476723587,3000.0,16030.426476723587,26.717377461205977,5.343475492241196,3024.310122469684,19054.73659919327,0.8412830265731552,17203.286573133784,11001.858156776958,23404.71498949061,1.0546840767267331,1172.860096410197,12.93200700122772,600.0,647.0,True
47,120.0,5.0,0.2,T-learner,600,0.2,True,0.26001391477473035,156.0083488648382,0.6646644685584719,18721.001863780584,3000.0,15721.001863780584,26.20166977296764,5.240333954593528,3333.734735412687,19054.73659919327,0.8250443023414016,17725.261630944442,11990.667967913647,23459.855293975237,0.9752889522910525,2004.2597671638578,15.454104072712632,600.0,624.0,True
47,120.0,5.0,0.2,DR-learner,600,0.2,True,0.2649490807285079,158.96944843710475,0.6656515017492275,19076.33381245257,3000.0,16076.333812452569,26.793889687420947,5.35877793748419,2978.402786740702,19054.73659919327,0.8436922614366236,12178.55642780761,5878.948414696432,18478.16444091879,1.0713815938799018,-3897.777384644958,24.183124418316254,600.0,628.0,True
47,120.0,5.0,0.2,Oracle,600,0.2,True,0.30631578609990656,183.78947165994393,0.6739248428235073,22054.73659919327,3000.0,19054.73659919327,31.757894331988783,6.351578866397757,0.0,19054.73659919327,1.0,,,,,,,,,
47,120.0,5.0,0.3,Treat nobody,0,0.0,True,0.0,0.0,0.612661685603526,0.0,0.0,0.0,0.0,0.0,26070.31204390328,26070.31204390328,0.0,0.0,0.0,0.0,0.0,0.0,,,,
47,120.0,5.0,0.3,Random,900,0.3,True,0.15669853411017431,141.0286806991569,0.6596712458365782,16923.441683898825,4500.0,12423.441683898825,13.803824093220918,4.141147227966275,13646.870360004454,26070.31204390328,0.4765359794304469,10364.814350457576,2612.116078734386,18117.512622180766,1.3185103285698934,-2058.627333441249,,,,
47,120.0,5.0,0.3,S-learner,900,0.3,True,0.2497326268588683,224.75936417298146,0.6875814736611865,26971.123700757777,4500.0,22471.123700757777,24.967915223064196,7.490374566919259,3599.1883431455026,26070.31204390328,0.8619430278746051,26581.73804338431,19221.481847899053,33941.99423886957,1.2517672524498784,4110.6143426265335,9.63293518875112,900.0,932.0,True
47,120.0,5.0,0.3,T-learner,900,0.3,True,0.24447617453860687,220.02855708474618,0.686004537965108,26403.42685016954,4500.0,21903.42685016954,24.33714094463282,7.301142283389847,4166.885193733739,26070.31204390328,0.8401674215975411,21944.682128600776,14823.444337499186,29065.91991970237,1.211117116993477,41.25527843123564,11.863786785024114,900.0,920.0,True
47,120.0,5.0,0.3,DR-learner,900,0.3,True,0.24891013197698997,224.01911877929095,0.6873347251966229,26882.294253514912,4500.0,22382.294253514912,24.86921583723879,7.460764751171637,3688.017790388367,26070.31204390328,0.858535725073884,19998.21709500636,12462.247489377929,27534.18670063479,1.2816510345889347,-2384.077158508553,19.376428912516086,900.0,970.0,True
47,120.0,5.0,0.3,Oracle,900,0.3,True,0.28305844485095627,254.75260036586067,0.6975792190588128,30570.31204390328,4500.0,26070.31204390328,28.967013382114754,8.690104014634427,0.0,26070.31204390328,1.0,,,,,,,,,
47,120.0,10.0,0.1,Treat nobody,0,0.0,True,0.0,0.0,0.612661685603526,0.0,0.0,0.0,0.0,0.0,9061.98246137491,9061.98246137491,0.0,0.0,0.0,0.0,0.0,0.0,,,,
47,120.0,10.0,0.1,Random,300,0.1,True,0.16149214027071054,48.44764208121315,0.628810899630597,5813.717049745577,3000.0,2813.7170497455772,9.379056832485258,0.9379056832485257,6248.265411629332,9061.98246137491,0.31049685449497905,2659.4325654820777,-1225.6578224519753,6544.522953416131,0.6607417990975262,-154.2844842634995,,,,
47,120.0,10.0,0.1,S-learner,300,0.1,True,0.2883835999448998,86.51507998346993,0.6415000455980159,10381.809598016393,3000.0,7381.809598016393,24.606031993387976,2.4606031993387973,1680.1728633585171,9061.98246137491,0.8145910267957419,7140.534469307846,2588.900144688099,11692.168793927593,0.774101694473718,-241.27512870854662,12.824225318684913,300.0,319.0,True
47,120.0,10.0,0.1,T-learner,300,0.1,True,0.27088730599590893,81.2661917987727,0.6397504162031168,9751.943015852723,3000.0,6751.943015852723,22.506476719509077,2.2506476719509076,2310.0394455221867,9061.98246137491,0.7450845380281501,5969.691450048515,1743.5058260655712,10195.87707403146,0.7187522589392047,-782.2515658042075,15.226728171583698,300.0,316.0,True
47,120.0,10.0,0.1,DR-learner,286,0.09533333333333334,True,0.28264355319772416,80.8360562145491,0.6396070376750423,9700.326745745893,2860.0,6840.326745745893,23.9172263837269,2.280108915248631,2221.6557156290164,9061.98246137491,0.7548377824500953,3652.1322411145934,-476.8516850842539,7781.11616731344,0.7022210541907482,-3188.1945046313,25.61252083844642,300.0,286.0,False
47,120.0,10.0,0.1,Oracle,300,0.1,True,0.3350550683715253,100.51652051145759,0.6461671924406784,12061.98246137491,3000.0,9061.98246137491,30.20660820458303,3.0206608204583034,0.0,9061.98246137491,1.0,,,,,,,,,
47,120.0,10.0,0.2,Treat nobody,0,0.0,True,0.0,0.0,0.612661685603526,0.0,0.0,0.0,0.0,0.0,16054.736599193271,16054.736599193271,0.0,0.0,0.0,0.0,0.0,0.0,,,,
47,120.0,10.0,0.2,Random,600,0.2,True,0.15716749201132854,94.30049520679712,0.6440951840057916,11316.059424815654,6000.0,5316.059424815654,8.860099041359423,1.7720198082718848,10738.677174377617,16054.736599193271,0.33112093692541666,4728.31979577219,-1066.3416657243013,10522.981257268682,0.985504751992731,-587.7396290434635,,,,
47,120.0,10.0,0.2,S-learner,600,0.2,True,0.2643114788433831,158.5868873060299,0.6655239813722027,19030.426476723587,6000.0,13030.426476723587,21.717377461205977,4.343475492241196,3024.310122469684,16054.736599193271,0.8116250550867554,14203.286573133784,8040.903490506264,20365.669655761303,1.0480435918271311,1172.860096410197,7.932007001227721,600.0,647.0,True
47,120.0,10.0,0.2,T-learner,600,0.2,True,0.26001391477473035,156.0083488648382,0.6646644685584719,18721.001863780584,6000.0,12721.001863780584,21.20166977296764,4.240333954593528,3333.734735412687,16054.736599193271,0.7923519507893887,14725.261630944446,9034.324202051846,20416.199059837043,0.9678642862457318,2004.2597671638614,10.454104072712632,600.0,624.0,True
47,120.0,10.0,0.2,DR-learner,600,0.2,True,0.2649490807285079,158.96944843710475,0.6656515017492275,19076.33381245257,6000.0,13076.333812452569,21.793889687420947,4.35877793748419,2978.402786740702,16054.736599193271,0.8144844813654332,9178.556427807609,2905.0580565505775,15452.05479906464,1.0669410970034123,-3897.77738464496,19.183124418316254,600.0,628.0,True
47,120.0,10.0,0.2,Oracle,600,0.2,True,0.30631578609990656,183.78947165994393,0.6739248428235073,22054.73659919327,6000.0,16054.736599193271,26.757894331988783,5.351578866397757,0.0,16054.736599193271,1.0,,,,,,,,,
47,120.0,10.0,0.3,Treat nobody,0,0.0,True,0.0,0.0,0.612661685603526,0.0,0.0,0.0,0.0,0.0,21570.31204390328,21570.31204390328,0.0,0.0,0.0,0.0,0.0,0.0,,,,
47,120.0,10.0,0.3,Random,900,0.3,True,0.15669853411017431,141.0286806991569,0.6596712458365782,16923.441683898825,9000.0,7923.441683898825,8.803824093220918,2.6411472279662753,13646.870360004454,21570.31204390328,0.3673308790235299,5864.814350457577,-1873.793318601082,13603.422019516238,1.3161139235380193,-2058.627333441248,,,,
47,120.0,10.0,0.3,S-learner,900,0.3,True,0.2497326268588683,224.75936417298146,0.6875814736611865,26971.123700757777,9000.0,17971.123700757777,19.967915223064196,5.990374566919259,3599.1883431455026,21570.31204390328,0.8331415727403539,22081.738043384306,14766.078981676097,29397.397105092514,1.2441825665187718,4110.61434262653,4.632935188751119,900.0,932.0,True
47,120.0,10.0,0.3,T-learner,900,0.3,True,0.24447617453860687,220.02855708474618,0.686004537965108,26403.42685016954,9000.0,17403.42685016954,19.33714094463282,5.801142283389847,4166.885193733739,21570.31204390328,0.8068231379660785,17444.682128600776,10360.73852955417,24528.625727647388,1.2047744507762816,41.25527843123564,6.863786785024114,900.0,920.0,True
47,120.0,10.0,0.3,DR-learner,900,0.3,True,0.24891013197698997,224.01911877929095,0.6873347251966229,26882.294253514912,9000.0,17882.294253514912,19.86921583723879,5.960764751171637,3688.017790388367,21570.31204390328,0.8290234381921813,15498.217095006363,7993.98992335886,23002.444266653867,1.2762525622647305,-2384.0771585085495,14.376428912516086,900.0,970.0,True
47,120.0,10.0,0.3,Oracle,900,0.3,True,0.28305844485095627,254.75260036586067,0.6975792190588128,30570.31204390328,9000.0,21570.31204390328,23.967013382114754,7.190104014634426,0.0,21570.31204390328,1.0,,,,,,,,,
47,120.0,20.0,0.1,Treat nobody,0,0.0,True,0.0,0.0,0.612661685603526,0.0,0.0,0.0,0.0,0.0,6061.98246137491,6061.98246137491,0.0,0.0,0.0,0.0,0.0,0.0,,,,
47,120.0,20.0,0.1,Random,300,0.1,True,0.16149214027071054,48.44764208121315,0.628810899630597,5813.717049745577,6000.0,-186.28295025442276,-0.6209431675147425,-0.062094316751474254,6248.265411629332,6061.98246137491,-0.030729707887041987,-340.56743451792215,-4215.322932072569,3534.1880630367245,0.6589841323817215,-154.2844842634994,,,,
47,120.0,20.0,0.1,S-learner,300,0.1,True,0.2883835999448998,86.51507998346993,0.6415000455980159,10381.809598016393,6000.0,4381.809598016393,14.606031993387974,1.4606031993387976,1680.1728633585171,6061.98246137491,0.722834423546412,4140.534469307846,-368.0377124799956,8649.106651095686,0.7667780662214347,-241.27512870854662,2.8242253186849133,300.0,319.0,True
47,120.0,20.0,0.1,T-learner,300,0.1,True,0.27088730599590893,81.2661917987727,0.6397504162031168,9751.943015852723,6000.0,3751.943015852723,12.506476719509077,1.2506476719509076,2310.0394455221867,6061.98246137491,0.6189300348126956,2969.691450048514,-1219.757133184873,7159.140033281901,0.7125043480865336,-782.2515658042089,5.226728171583698,300.0,316.0,True
47,120.0,20.0,0.1,DR-learner,286,0.09533333333333334,True,0.28264355319772416,80.8360562145491,0.6396070376750423,9700.326745745893,5720.0,3980.3267457458933,13.9172263837269,1.3267755819152978,2081.6557156290164,6061.98246137491,0.6566047940764119,792.132241114593,-3318.09985901907,4902.364341248255,0.699031909523959,-3188.1945046313003,15.612520838446422,300.0,286.0,False
47,120.0,20.0,0.1,Oracle,300,0.1,True,0.3350550683715253,100.51652051145759,0.6461671924406784,12061.98246137491,6000.0,6061.98246137491,20.20660820458303,2.0206608204583034,0.0,6061.98246137491,1.0,,,,,,,,,
47,120.0,20.0,0.2,Treat nobody,0,0.0,True,0.0,0.0,0.612661685603526,0.0,0.0,0.0,0.0,0.0,10054.736599193271,10054.736599193271,0.0,0.0,0.0,0.0,0.0,0.0,,,,
47,120.0,20.0,0.2,Random,600,0.2,True,0.15716749201132854,94.30049520679712,0.6440951840057916,11316.059424815654,12000.0,-683.940575184346,-1.1399009586405766,-0.22798019172811534,10738.677174377617,10054.736599193271,-0.06802172970291645,-1271.68020422781,-7057.165293908533,4513.804885452914,0.9839441158640148,-587.739629043464,,,,
47,120.0,20.0,0.2,S-learner,490,0.16333333333333333,True,0.2741045441286478,134.31122662303744,0.6574320944778718,16117.347194764494,9800.0,6317.347194764494,12.892545295437742,2.1057823982548314,3737.389404428777,10054.736599193271,0.6282956427989728,7056.490200559729,1397.685400398315,12715.295000721142,0.962399453050727,739.1430057952348,0.01994974759451651,462.0,490.0,False
47,120.0,20.0,0.2,T-learner,600,0.2,True,0.26001391477473035,156.0083488648382,0.6646644685584719,18721.001863780584,12000.0,6721.001863780584,11.20166977296764,2.240333954593528,3333.734735412687,10054.736599193271,0.66844136566639,8725.261630944444,3098.019432548343,14352.503829340543,0.9570315649986548,2004.2597671638596,0.45410407271263153,600.0,624.0,True
47,120.0,20.0,0.2,DR-learner,600,0.2,True,0.2649490807285079,158.96944843710475,0.6656515017492275,19076.33381245257,12000.0,7076.333812452569,11.793889687420949,2.3587779374841897,2978.402786740702,10054.736599193271,0.7037811227218354,3178.556427807608,-3064.5918537590182,9421.704709374235,1.0617794222771073,-3897.777384644961,9.183124418316254,600.0,628.0,True
47,120.0,20.0,0.2,Oracle,600,0.2,True,0.30631578609990656,183.78947165994393,0.6739248428235073,22054.73659919327,12000.0,10054.736599193271,16.757894331988783,3.351578866397757,0.0,10054.736599193271,1.0,,,,,,,,,
47,120.0,20.0,0.3,Treat nobody,0,0.0,True,0.0,0.0,0.612661685603526,0.0,0.0,0.0,0.0,0.0,12570.31204390328,12570.31204390328,0.0,0.0,0.0,0.0,0.0,0.0,,,,
47,120.0,20.0,0.3,Random,900,0.3,True,0.15669853411017431,141.0286806991569,0.6596712458365782,16923.441683898825,18000.0,-1076.5583161011746,-1.196175906779083,-0.35885277203372484,13646.870360004454,12570.31204390328,-0.08564292694892292,-3135.1856495424236,-10869.047808059222,4598.676508974375,1.3153068490918742,-2058.627333441249,,,,
47,120.0,20.0,0.3,S-learner,490,0.16333333333333333,True,0.2741045441286478,134.31122662303744,0.6574320944778718,16117.347194764494,9800.0,6317.347194764494,12.892545295437742,2.1057823982548314,6252.964849138785,12570.31204390328,0.502560888918304,7056.490200559729,1397.685400398315,12715.295000721142,0.962399453050727,739.1430057952348,0.01994974759451651,462.0,490.0,False
47,120.0,20.0,0.3,T-learner,660,0.22,True,0.2560308729245163,168.98037613018082,0.6689884776469195,20277.645135621697,13200.0,7077.645135621697,10.723704750941964,2.359215045207232,5492.666908281582,12570.31204390328,0.5630445060474392,8668.146130197965,2569.6627656359906,14766.629494759942,1.0371760931435534,1590.5009945762686,0.017973052209846685,643.0,660.0,False
47,120.0,20.0,0.3,DR-learner,900,0.3,True,0.24891013197698997,224.01911877929095,0.6873347251966229,26882.294253514912,18000.0,8882.294253514912,9.86921583723879,2.9607647511716375,3688.017790388367,12570.31204390328,0.7066088910515876,6498.217095006361,-966.4824596993861,13962.916649712108,1.2695300549034483,-2384.0771585085513,4.3764289125160865,900.0,970.0,True
47,120.0,20.0,0.3,Oracle,900,0.3,True,0.28305844485095627,254.75260036586067,0.6975792190588128,30570.31204390328,18000.0,12570.31204390328,13.967013382114754,4.190104014634426,0.0,12570.31204390328,1.0,,,,,,,,,
48,40.0,5.0,0.1,Treat nobody,0,0.0,True,0.0,0.0,0.6119848188440228,0.0,0.0,0.0,0.0,0.0,2536.931463509827,2536.931463509827,0.0,0.0,0.0,0.0,0.0,0.0,,,,
48,40.0,5.0,0.1,Random,300,0.1,True,0.16195701223341363,48.587103670024085,0.6281805200673641,1943.4841468009633,1500.0,443.48414680096334,1.4782804893365444,0.14782804893365445,2093.4473167088636,2536.931463509827,0.1748112446788003,-740.5094509020765,-1971.7006579911042,490.6817561869511,0.2093901073013768,-1183.99359770304,,,,
48,40.0,5.0,0.1,S-learner,300,0.1,True,0.2983824517850778,89.51473553552333,0.6418230640225305,3580.589421420933,1500.0,2080.589421420933,6.93529807140311,0.693529807140311,456.34204208889423,2536.931463509827,0.8201204689000355,2619.680789833451,1291.7747741880562,3947.5868054788457,0.22583850623782692,539.091368412518,2.9366562589754883,300.0,314.0,True
48,40.0,5.0,0.1,T-learner,300,0.1,True,0.28962450052643834,86.88735015793151,0.6409472688966666,3475.4940063172603,1500.0,1975.4940063172603,6.584980021057534,0.6584980021057535,561.4374571925669,2536.931463509827,0.7786942748481577,2441.139635054249,1097.5316229261396,3784.7476471823593,0.2285089628731818,465.6456287369888,4.080901798514676,300.0,301.0,True
48,40.0,5.0,0.1,DR-learner,300,0.1,True,0.2969753999739893,89.09261999219679,0.6416823588414217,3563.7047996878714,1500.0,2063.7047996878714,6.879015998959571,0.6879015998959571,473.22666382195575,2536.931463509827,0.813464939582069,2298.256599895066,942.2639389926064,3654.249260797525,0.230615234361168,234.55180020719445,8.206408452885539,300.0,307.0,True
48,40.0,5.0,0.1,Oracle,300,0.1,True,0.3364109552924856,100.92328658774568,0.6456259143732713,4036.931463509827,1500.0,2536.931463509827,8.456438211699425,0.8456438211699424,0.0,2536.931463509827,1.0,,,,,,,,,
48,40.0,5.0,0.2,Treat nobody,0,0.0,True,0.0,0.0,0.6119848188440228,0.0,0.0,0.0,0.0,0.0,4413.259113170941,4413.259113170941,0.0,0.0,0.0,0.0,0.0,0.0,,,,
48,40.0,5.0,0.2,Random,600,0.2,True,0.16152693210298916,96.91615926179351,0.6442902052646206,3876.6463704717403,3000.0,876.6463704717403,1.4610772841195672,0.2922154568239134,3536.612742699201,4413.259113170941,0.1986392251149439,1157.5242921579047,-640.8685427748956,2955.917127090705,0.30585474173986427,280.8779216861644,,,,
48,40.0,5.0,0.2,S-learner,600,0.2,True,0.28057693514844667,168.346161089068,0.6681002058737121,6733.84644356272,3000.0,3733.84644356272,6.223077405937867,1.2446154811875734,679.4126696082212,4413.259113170941,0.8460519420714319,4051.975212782196,2145.706009415844,5958.244416148549,0.32420140002618436,318.128769219476,1.2571520005513221,600.0,621.0,True
48,40.0,5.0,0.2,T-learner,600,0.2,True,0.265460848478166,159.27650908689958,0.665076988539656,6371.060363475983,3000.0,3371.0603634759827,5.618433939126638,1.1236867878253276,1042.1987496949587,4413.259113170941,0.7638482756236501,2728.9965456741156,730.2740677360337,4727.719023612197,0.33992503496726645,-642.0638178018671,2.1614158808623625,600.0,607.0,True
48,40.0,5.0,0.2,DR-learner,600,0.2,True,0.27537801652683197,165.22680991609917,0.6670604221493892,6609.072396643967,3000.0,3609.0723966439673,6.015120661073279,1.2030241322146558,804.1867165269741,4413.259113170941,0.817779401593041,3747.8369065583142,1889.978156647659,5605.695656468969,0.31596817842321057,138.76450991434695,5.752306350041952,600.0,646.0,True
48,40.0,5.0,0.2,Oracle,600,0.2,True,0.30888579638212255,185.33147782927352,0.6737619781204472,7413.259113170941,3000.0,4413.259113170941,7.355431855284903,1.4710863710569804,0.0,4413.259113170941,1.0,,,,,,,,,
48,40.0,5.0,0.3,Treat nobody,0,0.0,True,0.0,0.0,0.6119848188440228,0.0,0.0,0.0,0.0,0.0,5785.8045106979625,5785.8045106979625,0.0,0.0,0.0,0.0,0.0,0.0,,,,
48,40.0,5.0,0.3,Random,900,0.3,True,0.15942656264544575,143.48390638090117,0.6598127876376566,5739.356255236047,4500.0,1239.3562552360472,1.3770625058178303,0.41311875174534907,4546.448255461915,5785.8045106979625,0.21420638269828773,1579.4532280520855,-570.2845107232496,3729.19096682742,0.36560837439398425,340.09697281603826,,,,
48,40.0,5.0,0.3,S-learner,900,0.3,True,0.262073636205052,235.86627258454678,0.6906069097055385,9434.650903381871,4500.0,4934.650903381871,5.482945448202079,1.6448836344606237,851.1536073160914,5785.8045106979625,0.8528893249430901,4526.174759135056,2148.4320002428026,6903.917518027309,0.40438545089732686,-408.47614424681524,0.027702764719541584,900.0,937.0,True
48,40.0,5.0,0.3,T-learner,900,0.3,True,0.2502293815679906,225.20644341119157,0.68705363331442,9008.257736447664,4500.0,4508.257736447664,5.009175262719626,1.502752578815888,1277.5467742502988,5785.8045106979625,0.7791928897894644,3217.7645894488182,808.9392300585322,5626.589948839104,0.40967170458076335,-1290.4931469988455,0.8118295182037683,900.0,932.0,True
48,40.0,5.0,0.3,DR-learner,900,0.3,True,0.25742367520214315,231.68130768192884,0.6892119214046658,9267.252307277155,4500.0,4767.252307277155,5.296947008085727,1.5890841024257183,1018.5522034208079,5785.8045106979625,0.823956685446682,3859.142123663224,1400.9123127093217,6317.371934617127,0.41807397658734313,-908.1101836139305,3.962431744755028,900.0,925.0,True
48,40.0,5.0,0.3,Oracle,900,0.3,True,0.2857167919638323,257.14511276744906,0.6976998564331724,10285.804510697963,4500.0,5785.8045106979625,6.428671678553291,1.9286015035659876,0.0,5785.8045106979625,1.0,,,,,,,,,
48,40.0,10.0,0.1,Treat nobody,0,0.0,True,0.0,0.0,0.6119848188440228,0.0,0.0,0.0,0.0,0.0,1036.9314635098272,1036.9314635098272,0.0,0.0,0.0,0.0,0.0,0.0,,,,
48,40.0,10.0,0.1,Random,300,0.1,True,0.16195701223341363,48.587103670024085,0.6281805200673641,1943.4841468009633,3000.0,-1056.5158531990367,-3.5217195106634556,-0.3521719510663456,2093.4473167088636,1036.9314635098272,-1.0188868699411626,-2240.5094509020764,-3492.46014778693,-988.5587540172224,0.21292069765228366,-1183.9935977030398,,,,
48,40.0,10.0,0.1,S-learner,124,0.04133333333333333,True,0.3069456123567259,38.061255932234005,0.6246719041547675,1522.4502372893603,1240.0,282.4502372893603,2.277824494269035,0.09415007909645344,754.4812262204669,1036.9314635098272,0.27239045899264824,674.237357088331,-244.99001823016306,1593.464732406825,0.1563340589536751,391.7871197989707,0.0016993895262160663,100.0,124.0,False
48,40.0,10.0,0.1,T-learner,199,0.06633333333333333,True,0.2980739589502274,59.31671783109526,0.6317570581210545,2372.6687132438105,1990.0,382.66871324381054,1.9229583580090983,0.12755623774793684,654.2627502660166,1036.9314635098272,0.369039542833955,362.3860460331217,-744.4059931578023,1469.1780852240458,0.18823339747076287,-20.282667210688828,0.010293073837953415,201.0,199.0,False
48,40.0,10.0,0.1,DR-learner,300,0.1,True,0.2969753999739893,89.09261999219679,0.6416823588414217,3563.7047996878714,3000.0,563.7047996878714,1.8790159989595714,0.18790159989595714,473.22666382195575,1036.9314635098272,0.5436278283810887,798.2565998950656,-537.8460054570025,2134.3592052471336,0.2272325096942385,234.55180020719422,3.2064084528855386,300.0,307.0,True
48,40.0,10.0,0.1,Oracle,300,0.1,True,0.3364109552924856,100.92328658774568,0.6456259143732713,4036.931463509827,3000.0,1036.9314635098272,3.4564382116994237,0.3456438211699424,0.0,1036.9314635098272,1.0,,,,,,,,,
48,40.0,10.0,0.2,Treat nobody,0,0.0,True,0.0,0.0,0.6119848188440228,0.0,0.0,0.0,0.0,0.0,1413.2591131709414,1413.2591131709414,0.0,0.0,0.0,0.0,0.0,0.0,,,,
48,40.0,10.0,0.2,Random,600,0.2,True,0.16152693210298916,96.91615926179351,0.6442902052646206,3876.6463704717403,6000.0,-2123.3536295282597,-3.538922715880433,-0.7077845431760865,3536.612742699201,1413.2591131709414,-1.5024517512319968,-1842.4757078420953,-3643.7933224845283,-41.158093199662574,0.30635216239532914,280.8779216861644,,,,
48,40.0,10.0,0.2,S-learner,124,0.04133333333333333,True,0.3069456123567259,38.061255932234005,0.6246719041547675,1522.4502372893603,1240.0,282.4502372893603,2.277824494269035,0.09415007909645344,1130.8088758815811,1413.2591131709414,0.19985736136922855,674.237357088331,-244.99001823016306,1593.464732406825,0.1563340589536751,391.7871197989707,0.0016993895262160663,100.0,124.0,False
48,40.0,10.0,0.2,T-learner,199,0.06633333333333333,True,0.2980739589502274,59.31671783109526,0.6317570581210545,2372.6687132438105,1990.0,382.66871324381054,1.9229583580090983,0.12755623774793684,1030.5903999271309,1413.2591131709414,0.2707703843389437,362.3860460331217,-744.4059931578023,1469.1780852240458,0.18823339747076287,-20.282667210688828,0.010293073837953415,201.0,199.0,False
48,40.0,10.0,0.2,DR-learner,600,0.2,True,0.27537801652683197,165.22680991609917,0.6670604221493892,6609.072396643967,6000.0,609.0723966439673,1.0151206610732788,0.20302413221465576,804.1867165269741,1413.2591131709414,0.4309700825331219,747.8369065583147,-1091.3303824748548,2587.004195591484,0.3127893001334526,138.7645099143474,0.7523063500419518,600.0,646.0,True
48,40.0,10.0,0.2,Oracle,600,0.2,True,0.30888579638212255,185.33147782927352,0.6737619781204472,7413.259113170941,6000.0,1413.2591131709414,2.3554318552849023,0.4710863710569805,0.0,1413.2591131709414,1.0,,,,,,,,,
48,40.0,10.0,0.3,Treat nobody,0,0.0,True,0.0,0.0,0.6119848188440228,0.0,0.0,0.0,0.0,0.0,1425.9417858127672,1425.9417858127672,0.0,0.0,0.0,0.0,0.0,0.0,,,,
48,40.0,10.0,0.3,Random,900,0.3,True,0.15942656264544575,143.48390638090117,0.6598127876376566,5739.356255236047,9000.0,-3260.643744763953,-3.6229374941821697,-1.0868812482546508,4686.58553057672,1425.9417858127672,-2.286659790185916,-2920.5467719479147,-5074.475624668703,-766.6179192271263,0.36632116197214254,340.09697281603803,,,,
48,40.0,10.0,0.3,S-learner,124,0.04133333333333333,True,0.3069456123567259,38.061255932234005,0.6246719041547675,1522.4502372893603,1240.0,282.4502372893603,2.277824494269035,0.09415007909645344,1143.491548523407,1425.9417858127672,0.198079781446595,674.237357088331,-244.99001823016306,1593.464732406825,0.1563340589536751,391.7871197989707,0.0016993895262160663,100.0,124.0,False
48,40.0,10.0,0.3,T-learner,199,0.06633333333333333,True,0.2980739589502274,59.31671783109526,0.6317570581210545,2372.6687132438105,1990.0,382.66871324381054,1.9229583580090983,0.12755623774793684,1043.2730725689566,1425.9417858127672,0.268362086763377,362.3860460331217,-744.4059931578023,1469.1780852240458,0.18823339747076287,-20.282667210688828,0.010293073837953415,201.0,199.0,False
48,40.0,10.0,0.3,DR-learner,754,0.25133333333333335,True,0.2652610315080661,200.00681775708188,0.6786537580963835,8000.272710283275,7540.0,460.27271028327505,0.6104412603226459,0.15342423676109168,965.6690755294921,1425.9417858127672,0.3227850637821978,-316.6261513637429,-2508.7452868428663,1875.4929841153803,0.3728162273678292,-776.898861647018,0.004137310432541952,705.0,754.0,False
48,40.0,10.0,0.3,Oracle,669,0.223,True,0.303286314865948,202.8985446453192,0.6796176670591293,8115.941785812767,6690.0,1425.9417858127672,2.131452594637918,0.47531392860425575,0.0,1425.9417858127672,1.0,,,,,,,,,
48,40.0,20.0,0.1,Treat nobody,0,0.0,True,0.0,0.0,0.6119848188440228,0.0,0.0,0.0,0.0,0.0,0.0,0.0,,0.0,0.0,0.0,0.0,0.0,,,,
48,40.0,20.0,0.1,Random,300,0.1,True,0.16195701223341363,48.587103670024085,0.6281805200673641,1943.4841468009633,6000.0,-4056.5158531990364,-13.521719510663456,-1.3521719510663455,4056.5158531990364,0.0,,-5240.509450902076,-6591.84546562575,-3889.173436178404,0.22982327317965015,-1183.99359770304,,,,
48,40.0,20.0,0.1,S-learner,0,0.0,True,0.0,0.0,0.6119848188440228,0.0,0.0,0.0,0.0,0.0,0.0,0.0,,0.0,0.0,0.0,0.0,0.0,,0.0,0.0,False
48,40.0,20.0,0.1,T-learner,0,0.0,True,0.0,0.0,0.6119848188440228,0.0,0.0,0.0,0.0,0.0,0.0,0.0,,0.0,0.0,0.0,0.0,0.0,,0.0,0.0,False
48,40.0,20.0,0.1,DR-learner,7,0.0023333333333333335,True,0.34224592994700387,2.395721509629027,0.6127833926805658,95.82886038516108,140.0,-44.17113961483892,-6.310162802119846,-0.014723713204946308,44.17113961483892,0.0,,-216.6433622959308,-558.9429930816037,125.65626848974209,0.05821529264239697,-172.4722226810919,0.04043004260554994,7.0,7.0,False
48,40.0,20.0,0.1,Oracle,0,0.0,True,0.0,0.0,0.6119848188440228,0.0,0.0,0.0,0.0,0.0,0.0,0.0,,,,,,,,,,
48,40.0,20.0,0.2,Treat nobody,0,0.0,True,0.0,0.0,0.6119848188440228,0.0,0.0,0.0,0.0,0.0,0.0,0.0,,0.0,0.0,0.0,0.0,0.0,,,,
48,40.0,20.0,0.2,Random,600,0.2,True,0.16152693210298916,96.91615926179351,0.6442902052646206,3876.6463704717403,12000.0,-8123.353629528259,-13.538922715880432,-2.7077845431760865,8123.353629528259,0.0,,-7842.475707842096,-9724.623186078494,-5960.328229605698,0.320098990437671,280.87792168616306,,,,
48,40.0,20.0,0.2,S-learner,0,0.0,True,0.0,0.0,0.6119848188440228,0.0,0.0,0.0,0.0,0.0,0.0,0.0,,0.0,0.0,0.0,0.0,0.0,,0.0,0.0,False
48,40.0,20.0,0.2,T-learner,0,0.0,True,0.0,0.0,0.6119848188440228,0.0,0.0,0.0,0.0,0.0,0.0,0.0,,0.0,0.0,0.0,0.0,0.0,,0.0,0.0,False
48,40.0,20.0,0.2,DR-learner,7,0.0023333333333333335,True,0.34224592994700387,2.395721509629027,0.6127833926805658,95.82886038516108,140.0,-44.17113961483892,-6.310162802119846,-0.014723713204946308,44.17113961483892,0.0,,-216.6433622959308,-558.9429930816037,125.65626848974209,0.05821529264239697,-172.4722226810919,0.04043004260554994,7.0,7.0,False
48,40.0,20.0,0.2,Oracle,0,0.0,True,0.0,0.0,0.6119848188440228,0.0,0.0,0.0,0.0,0.0,0.0,0.0,,,,,,,,,,
48,40.0,20.0,0.3,Treat nobody,0,0.0,True,0.0,0.0,0.6119848188440228,0.0,0.0,0.0,0.0,0.0,0.0,0.0,,0.0,0.0,0.0,0.0,0.0,,,,
48,40.0,20.0,0.3,Random,900,0.3,True,0.15942656264544575,143.48390638090117,0.6598127876376566,5739.356255236047,18000.0,-12260.643744763953,-13.62293749418217,-4.086881248254651,12260.643744763953,0.0,,-11920.546771947915,-14165.234438768559,-9675.85910512727,0.3817566180682323,340.09697281603803,,,,
48,40.0,20.0,0.3,S-learner,0,0.0,True,0.0,0.0,0.6119848188440228,0.0,0.0,0.0,0.0,0.0,0.0,0.0,,0.0,0.0,0.0,0.0,0.0,,0.0,0.0,False
48,40.0,20.0,0.3,T-learner,0,0.0,True,0.0,0.0,0.6119848188440228,0.0,0.0,0.0,0.0,0.0,0.0,0.0,,0.0,0.0,0.0,0.0,0.0,,0.0,0.0,False
48,40.0,20.0,0.3,DR-learner,7,0.0023333333333333335,True,0.34224592994700387,2.395721509629027,0.6127833926805658,95.82886038516108,140.0,-44.17113961483892,-6.310162802119846,-0.014723713204946308,44.17113961483892,0.0,,-216.6433622959308,-558.9429930816037,125.65626848974209,0.05821529264239697,-172.4722226810919,0.04043004260554994,7.0,7.0,False
48,40.0,20.0,0.3,Oracle,0,0.0,True,0.0,0.0,0.6119848188440228,0.0,0.0,0.0,0.0,0.0,0.0,0.0,,,,,,,,,,
48,80.0,5.0,0.1,Treat nobody,0,0.0,True,0.0,0.0,0.6119848188440228,0.0,0.0,0.0,0.0,0.0,6573.862927019654,6573.862927019654,0.0,0.0,0.0,0.0,0.0,0.0,,,,
48,80.0,5.0,0.1,Random,300,0.1,True,0.16195701223341363,48.587103670024085,0.6281805200673641,3886.9682936019267,1500.0,2386.9682936019267,7.956560978673089,0.7956560978673088,4186.894633417727,6573.862927019654,0.3630997968927973,18.981098195846585,-2438.262299441298,2476.2244958329916,0.41790621613791,-2367.98719540608,,,,
48,80.0,5.0,0.1,S-learner,300,0.1,True,0.2983824517850778,89.51473553552333,0.6418230640225305,7161.178842841866,1500.0,5661.178842841866,18.87059614280622,1.887059614280622,912.6840841777885,6573.862927019654,0.8611647224303222,6739.361579666902,4044.834243554514,9433.888915779291,0.45826136897862685,1078.182736825036,10.873312517950977,300.0,314.0,True
48,80.0,5.0,0.1,T-learner,300,0.1,True,0.28962450052643834,86.88735015793151,0.6409472688966666,6950.988012634521,1500.0,5450.988012634521,18.16996004211507,1.816996004211507,1122.8749143851337,6573.862927019654,0.8291910058285619,6382.279270108498,3659.0605107881283,9105.498029428869,0.4631409523849711,931.2912574739776,13.161803597029351,300.0,301.0,True
48,80.0,5.0,0.1,DR-learner,300,0.1,True,0.2969753999739893,89.09261999219679,0.6416823588414217,7127.409599375743,1500.0,5627.409599375743,18.758031997919144,1.8758031997919142,946.4533276439115,6573.862927019654,0.8560278274507621,6096.513199790133,3350.6487249693005,8842.377674610963,0.46699233531497875,469.1036004143898,21.412816905771077,300.0,307.0,True
48,80.0,5.0,0.1,Oracle,300,0.1,True,0.3364109552924856,100.92328658774568,0.6456259143732713,8073.862927019654,1500.0,6573.862927019654,21.91287642339885,2.191287642339885,0.0,6573.862927019654,1.0,,,,,,,,,
48,80.0,5.0,0.2,Treat nobody,0,0.0,True,0.0,0.0,0.6119848188440228,0.0,0.0,0.0,0.0,0.0,11826.518226341883,11826.518226341883,0.0,0.0,0.0,0.0,0.0,0.0,,,,
48,80.0,5.0,0.2,Random,600,0.2,True,0.16152693210298916,96.91615926179351,0.6442902052646206,7753.292740943481,3000.0,4753.292740943481,7.922154568239134,1.584430913647827,7073.225485398402,11826.518226341883,0.4019181850458911,5315.048584315809,1701.9959877978185,8928.101180833799,0.6144760184400138,561.7558433723289,,,,
48,80.0,5.0,0.2,S-learner,600,0.2,True,0.28057693514844667,168.346161089068,0.6681002058737121,13467.69288712544,3000.0,10467.69288712544,17.446154811875733,3.4892309623751467,1358.8253392164424,11826.518226341883,0.8851035179407365,11103.950425564395,7252.886552030654,14955.014299098139,0.654954870584433,636.2575384389547,7.514304001102644,600.0,621.0,True
48,80.0,5.0,0.2,T-learner,600,0.2,True,0.265460848478166,159.27650908689958,0.665076988539656,12742.120726951965,3000.0,9742.120726951965,16.236867878253275,3.247373575650655,2084.3974993899174,11826.518226341883,0.8237522270293196,8457.993091348231,4433.882229626783,12482.10395306968,0.6843851712689831,-1284.1276356037342,9.322831761724725,600.0,607.0,True
48,80.0,5.0,0.2,DR-learner,600,0.2,True,0.27537801652683197,165.22680991609917,0.6670604221493892,13218.144793287935,3000.0,10218.144793287935,17.03024132214656,3.4060482644293115,1608.3734330539482,11826.518226341883,0.8640027942060305,10495.67381311663,6742.928044477345,14248.419581755912,0.6382337971922726,277.5290198286948,16.504612700083904,600.0,646.0,True
48,80.0,5.0,0.2,Oracle,600,0.2,True,0.30888579638212255,185.33147782927352,0.6737619781204472,14826.518226341883,3000.0,11826.518226341883,19.710863710569804,3.9421727421139607,0.0,11826.518226341883,1.0,,,,,,,,,
48,80.0,5.0,0.3,Treat nobody,0,0.0,True,0.0,0.0,0.6119848188440228,0.0,0.0,0.0,0.0,0.0,16071.609021395925,16071.609021395925,0.0,0.0,0.0,0.0,0.0,0.0,,,,
48,80.0,5.0,0.3,Random,900,0.3,True,0.15942656264544575,143.48390638090117,0.6598127876376566,11478.712510472094,4500.0,6978.712510472094,7.754125011635661,2.3262375034906984,9092.89651092383,16071.609021395925,0.43422612516154574,7658.906456104171,3342.5440384714975,11975.268873736846,0.7340887301466746,680.193945632077,,,,
48,80.0,5.0,0.3,S-learner,900,0.3,True,0.262073636205052,235.86627258454678,0.6906069097055385,18869.301806763742,4500.0,14369.301806763742,15.965890896404158,4.789767268921247,1702.3072146321829,16071.609021395925,0.8940798514718767,13552.349518270112,8765.00511631581,18339.693920224418,0.8141891789366653,-816.9522884936305,5.055405529439083,900.0,937.0,True
48,80.0,5.0,0.3,T-learner,900,0.3,True,0.2502293815679906,225.20644341119157,0.68705363331442,18016.515472895328,4500.0,13516.515472895328,15.018350525439253,4.5055051576317755,2555.0935485005975,16071.609021395925,0.8410181864741089,10935.529178897636,6093.691506611502,15777.36685118377,0.8234569122150429,-2580.986293997692,6.6236590364075365,900.0,932.0,True
48,80.0,5.0,0.3,DR-learner,900,0.3,True,0.25742367520214315,231.68130768192884,0.6892119214046658,18534.50461455431,4500.0,14034.50461455431,15.593894016171454,4.678168204851437,2037.1044068416159,16071.609021395925,0.8732482600759112,12218.284247326446,7274.630348888105,17161.938145764787,0.8407729151204231,-1816.2203672278629,12.924863489510056,900.0,925.0,True
48,80.0,5.0,0.3,Oracle,900,0.3,True,0.2857167919638323,257.14511276744906,0.6976998564331724,20571.609021395925,4500.0,16071.609021395925,17.857343357106583,5.357203007131975,0.0,16071.609021395925,1.0,,,,,,,,,
48,80.0,10.0,0.1,Treat nobody,0,0.0,True,0.0,0.0,0.6119848188440228,0.0,0.0,0.0,0.0,0.0,5073.862927019654,5073.862927019654,0.0,0.0,0.0,0.0,0.0,0.0,,,,
48,80.0,10.0,0.1,Random,300,0.1,True,0.16195701223341363,48.587103670024085,0.6281805200673641,3886.9682936019267,3000.0,886.9682936019267,2.956560978673089,0.2956560978673089,4186.894633417727,5073.862927019654,0.1748112446788003,-1481.018901804153,-3943.4013159822084,981.3635123739022,0.4187802146027536,-2367.98719540608,,,,
48,80.0,10.0,0.1,S-learner,300,0.1,True,0.2983824517850778,89.51473553552333,0.6418230640225305,7161.178842841866,3000.0,4161.178842841866,13.87059614280622,1.387059614280622,912.6840841777885,5073.862927019654,0.8201204689000355,5239.361579666902,2583.5495483761124,7895.173610957691,0.45167701247565384,1078.182736825036,5.873312517950977,300.0,314.0,True
48,80.0,10.0,0.1,T-learner,300,0.1,True,0.28962450052643834,86.88735015793151,0.6409472688966666,6950.988012634521,3000.0,3950.9880126345206,13.169960042115068,1.316996004211507,1122.8749143851337,5073.862927019654,0.7786942748481577,4882.279270108498,2195.063245852279,7569.495294364719,0.4570179257463636,931.2912574739776,8.161803597029351,300.0,301.0,True
48,80.0,10.0,0.1,DR-learner,300,0.1,True,0.2969753999739893,89.09261999219679,0.6416823588414217,7127.409599375743,3000.0,4127.409599375743,13.758031997919142,1.3758031997919142,946.4533276439115,5073.862927019654,0.813464939582069,4596.513199790132,1884.5278779852129,7308.49852159505,0.461230468722336,469.1036004143889,16.412816905771077,300.0,307.0,True
48,80.0,10.0,0.1,Oracle,300,0.1,True,0.3364109552924856,100.92328658774568,0.6456259143732713,8073.862927019654,3000.0,5073.862927019654,16.91287642339885,1.6912876423398848,0.0,5073.862927019654,1.0,,,,,,,,,
48,80.0,10.0,0.2,Treat nobody,0,0.0,True,0.0,0.0,0.6119848188440228,0.0,0.0,0.0,0.0,0.0,8826.518226341883,8826.518226341883,0.0,0.0,0.0,0.0,0.0,0.0,,,,
48,80.0,10.0,0.2,Random,600,0.2,True,0.16152693210298916,96.91615926179351,0.6442902052646206,7753.292740943481,6000.0,1753.2927409434806,2.9221545682391343,0.5844309136478268,7073.225485398402,8826.518226341883,0.1986392251149439,2315.0485843158094,-1281.7370855497911,5911.83425418141,0.6117094834797285,561.7558433723289,,,,
48,80.0,10.0,0.2,S-learner,600,0.2,True,0.28057693514844667,168.346161089068,0.6681002058737121,13467.69288712544,6000.0,7467.69288712544,12.446154811875735,2.4892309623751467,1358.8253392164424,8826.518226341883,0.8460519420714319,8103.950425564392,4291.412018831688,11916.488832297098,0.6484028000523687,636.257538438952,2.5143040011026443,600.0,621.0,True
48,80.0,10.0,0.2,T-learner,600,0.2,True,0.265460848478166,159.27650908689958,0.665076988539656,12742.120726951965,6000.0,6742.1207269519655,11.236867878253276,2.247373575650655,2084.3974993899174,8826.518226341883,0.7638482756236501,5457.993091348231,1460.5481354720673,9455.438047224394,0.6798500699345329,-1284.1276356037342,4.322831761724725,600.0,607.0,True
48,80.0,10.0,0.2,DR-learner,600,0.2,True,0.27537801652683197,165.22680991609917,0.6670604221493892,13218.144793287935,6000.0,7218.144793287935,12.030241322146559,2.4060482644293115,1608.3734330539482,8826.518226341883,0.817779401593041,7495.6738131166285,3779.956313295318,11211.391312937938,0.6319363568464211,277.5290198286939,11.504612700083904,600.0,646.0,True
48,80.0,10.0,0.2,Oracle,600,0.2,True,0.30888579638212255,185.33147782927352,0.6737619781204472,14826.518226341883,6000.0,8826.518226341883,14.710863710569805,2.9421727421139607,0.0,8826.518226341883,1.0,,,,,,,,,
48,80.0,10.0,0.3,Treat nobody,0,0.0,True,0.0,0.0,0.6119848188440228,0.0,0.0,0.0,0.0,0.0,11571.609021395925,11571.609021395925,0.0,0.0,0.0,0.0,0.0,0.0,,,,
48,80.0,10.0,0.3,Random,900,0.3,True,0.15942656264544575,143.48390638090117,0.6598127876376566,11478.712510472094,9000.0,2478.7125104720944,2.7541250116356606,0.8262375034906981,9092.89651092383,11571.609021395925,0.21420638269828773,3158.906456104171,-1140.5690214464992,7458.38193365484,0.7312167487879685,680.1939456320765,,,,
48,80.0,10.0,0.3,S-learner,900,0.3,True,0.262073636205052,235.86627258454678,0.6906069097055385,18869.301806763742,9000.0,9869.301806763742,10.965890896404158,3.2897672689212474,1702.3072146321829,11571.609021395925,0.8528893249430901,9052.349518270112,4296.864000485605,13807.835036054617,0.8087709017946537,-816.9522884936305,0.05540552943908317,900.0,937.0,True
48,80.0,10.0,0.3,T-learner,900,0.3,True,0.2502293815679906,225.20644341119157,0.68705363331442,18016.515472895328,9000.0,9016.515472895328,10.018350525439253,3.005505157631776,2555.0935485005975,11571.609021395925,0.7791928897894644,6435.5291788976365,1617.8784601170644,11253.179897678208,0.8193434091615267,-2580.986293997691,1.6236590364075365,900.0,932.0,True
48,80.0,10.0,0.3,DR-learner,900,0.3,True,0.25742367520214315,231.68130768192884,0.6892119214046658,18534.50461455431,9000.0,9534.50461455431,10.593894016171454,3.1781682048514366,2037.1044068416159,11571.609021395925,0.823956685446682,7718.284247326448,2801.8246254186433,12634.743869234255,0.8361479531746863,-1816.220367227861,7.924863489510056,900.0,925.0,True
48,80.0,10.0,0.3,Oracle,900,0.3,True,0.2857167919638323,257.14511276744906,0.6976998564331724,20571.609021395925,9000.0,11571.609021395925,12.857343357106583,3.857203007131975,0.0,11571.609021395925,1.0,,,,,,,,,
48,80.0,20.0,0.1,Treat nobody,0,0.0,True,0.0,0.0,0.6119848188440228,0.0,0.0,0.0,0.0,0.0,2073.8629270196543,2073.8629270196543,0.0,0.0,0.0,0.0,0.0,0.0,,,,
48,80.0,20.0,0.1,Random,300,0.1,True,0.16195701223341363,48.587103670024085,0.6281805200673641,3886.9682936019267,6000.0,-2113.0317063980733,-7.043439021326911,-0.7043439021326912,4186.894633417727,2073.8629270196543,-1.0188868699411626,-4481.018901804153,-6984.92029557386,-1977.1175080344449,0.4258413953045673,-2367.9871954060795,,,,
48,80.0,20.0,0.1,S-learner,124,0.04133333333333333,True,0.3069456123567259,38.061255932234005,0.6246719041547675,3044.9004745787206,2480.0,564.9004745787206,4.55564898853807,0.18830015819290688,1508.9624524409337,2073.8629270196543,0.27239045899264824,1348.474714176662,-489.9800364603261,3186.92946481365,0.3126681179073502,783.5742395979414,0.0033987790524321326,100.0,124.0,False
48,80.0,20.0,0.1,T-learner,199,0.06633333333333333,True,0.2980739589502274,59.31671783109526,0.6317570581210545,4745.337426487621,3980.0,765.3374264876211,3.8459167160181966,0.2551124754958737,1308.5255005320332,2073.8629270196543,0.369039542833955,724.7720920662434,-1488.8119863156046,2938.3561704480917,0.37646679494152574,-40.565334421377656,0.02058614767590683,201.0,199.0,False
48,80.0,20.0,0.1,DR-learner,300,0.1,True,0.2969753999739893,89.09261999219679,0.6416823588414217,7127.409599375743,6000.0,1127.4095993757428,3.7580319979191428,0.3758031997919143,946.4533276439115,2073.8629270196543,0.5436278283810887,1596.5131997901312,-1075.692010914005,4268.718410494267,0.454465019388477,469.10360041438844,6.412816905771077,300.0,307.0,True
48,80.0,20.0,0.1,Oracle,300,0.1,True,0.3364109552924856,100.92328658774568,0.6456259143732713,8073.862927019654,6000.0,2073.8629270196543,6.912876423398847,0.6912876423398848,0.0,2073.8629270196543,1.0,,,,,,,,,
48,80.0,20.0,0.2,Treat nobody,0,0.0,True,0.0,0.0,0.6119848188440228,0.0,0.0,0.0,0.0,0.0,2826.518226341883,2826.518226341883,0.0,0.0,0.0,0.0,0.0,0.0,,,,
48,80.0,20.0,0.2,Random,600,0.2,True,0.16152693210298916,96.91615926179351,0.6442902052646206,7753.292740943481,12000.0,-4246.707259056519,-7.077845431760866,-1.415569086352173,7073.225485398402,2826.518226341883,-1.5024517512319968,-3684.9514156841906,-7287.586644969057,-82.31618639932515,0.6127043247906583,561.7558433723289,,,,
48,80.0,20.0,0.2,S-learner,124,0.04133333333333333,True,0.3069456123567259,38.061255932234005,0.6246719041547675,3044.9004745787206,2480.0,564.9004745787206,4.55564898853807,0.18830015819290688,2261.6177517631622,2826.518226341883,0.19985736136922855,1348.474714176662,-489.9800364603261,3186.92946481365,0.3126681179073502,783.5742395979414,0.0033987790524321326,100.0,124.0,False
48,80.0,20.0,0.2,T-learner,199,0.06633333333333333,True,0.2980739589502274,59.31671783109526,0.6317570581210545,4745.337426487621,3980.0,765.3374264876211,3.8459167160181966,0.2551124754958737,2061.1807998542617,2826.518226341883,0.2707703843389437,724.7720920662434,-1488.8119863156046,2938.3561704480917,0.37646679494152574,-40.565334421377656,0.02058614767590683,201.0,199.0,False
48,80.0,20.0,0.2,DR-learner,600,0.2,True,0.27537801652683197,165.22680991609917,0.6670604221493892,13218.144793287935,12000.0,1218.1447932879346,2.0302413221465576,0.4060482644293115,1608.3734330539482,2826.518226341883,0.4309700825331219,1495.6738131166294,-2182.6607649497096,5174.008391182968,0.6255786002669051,277.5290198286948,1.5046127000839036,600.0,646.0,True
48,80.0,20.0,0.2,Oracle,600,0.2,True,0.30888579638212255,185.33147782927352,0.6737619781204472,14826.518226341883,12000.0,2826.518226341883,4.710863710569805,0.942172742113961,0.0,2826.518226341883,1.0,,,,,,,,,
48,80.0,20.0,0.3,Treat nobody,0,0.0,True,0.0,0.0,0.6119848188440228,0.0,0.0,0.0,0.0,0.0,2851.8835716255344,2851.8835716255344,0.0,0.0,0.0,0.0,0.0,0.0,,,,
48,80.0,20.0,0.3,Random,900,0.3,True,0.15942656264544575,143.48390638090117,0.6598127876376566,11478.712510472094,18000.0,-6521.287489527906,-7.245874988364339,-2.1737624965093016,9373.17106115344,2851.8835716255344,-2.286659790185916,-5841.0935438958295,-10148.951249337406,-1533.2358384542526,0.7326423239442851,680.1939456320761,,,,
48,80.0,20.0,0.3,S-learner,124,0.04133333333333333,True,0.3069456123567259,38.061255932234005,0.6246719041547675,3044.9004745787206,2480.0,564.9004745787206,4.55564898853807,0.18830015819290688,2286.983097046814,2851.8835716255344,0.198079781446595,1348.474714176662,-489.9800364603261,3186.92946481365,0.3126681179073502,783.5742395979414,0.0033987790524321326,100.0,124.0,False
48,80.0,20.0,0.3,T-learner,199,0.06633333333333333,True,0.2980739589502274,59.31671783109526,0.6317570581210545,4745.337426487621,3980.0,765.3374264876211,3.8459167160181966,0.2551124754958737,2086.5461451379133,2851.8835716255344,0.268362086763377,724.7720920662434,-1488.8119863156046,2938.3561704480917,0.37646679494152574,-40.565334421377656,0.02058614767590683,201.0,199.0,False
48,80.0,20.0,0.3,DR-learner,754,0.25133333333333335,True,0.2652610315080661,200.00681775708188,0.6786537580963835,16000.54542056655,15080.0,920.5454205665501,1.2208825206452918,0.30684847352218336,1931.3381510589843,2851.8835716255344,0.3227850637821978,-633.2523027274858,-5017.490573685733,3750.9859682307606,0.7456324547356584,-1553.797723294036,0.008274620865083904,705.0,754.0,False
48,80.0,20.0,0.3,Oracle,669,0.223,True,0.303286314865948,202.8985446453192,0.6796176670591293,16231.883571625534,13380.0,2851.8835716255344,4.262905189275836,0.9506278572085115,0.0,2851.8835716255344,1.0,,,,,,,,,
48,120.0,5.0,0.1,Treat nobody,0,0.0,True,0.0,0.0,0.6119848188440228,0.0,0.0,0.0,0.0,0.0,10610.794390529481,10610.794390529481,0.0,0.0,0.0,0.0,0.0,0.0,,,,
48,120.0,5.0,0.1,Random,300,0.1,True,0.16195701223341363,48.587103670024085,0.6281805200673641,5830.45244040289,1500.0,4330.45244040289,14.434841468009633,1.4434841468009634,6280.341950126592,10610.794390529481,0.4081176470885135,778.47164729377,-2908.3397763700564,4465.2830709575965,0.6270202671656088,-3551.98079310912,,,,
48,120.0,5.0,0.1,S-learner,300,0.1,True,0.2983824517850778,89.51473553552333,0.6418230640225305,10741.768264262799,1500.0,9241.768264262799,30.805894214209328,3.080589421420933,1369.0261262666827,10610.794390529481,0.8709779799815377,10859.042369500354,6794.88587285641,14923.198866144297,0.6911957785451658,1617.274105237555,18.809968776926464,300.0,314.0,True
48,120.0,5.0,0.1,T-learner,300,0.1,True,0.28962450052643834,86.88735015793151,0.6409472688966666,10426.482018951781,1500.0,8926.482018951781,29.754940063172604,2.9754940063172604,1684.3123715777,10610.794390529481,0.8412642532135944,10323.418905162745,6217.587411325881,14429.25039899961,0.6982834933402076,1396.936886210964,22.24270539554403,300.0,301.0,True
48,120.0,5.0,0.1,DR-learner,300,0.1,True,0.2969753999739893,89.09261999219679,0.6416823588414217,10691.114399063614,1500.0,9191.114399063614,30.637047996878714,3.0637047996878715,1419.6799914658677,10610.794390529481,0.8662041748040106,9894.769799685197,5756.037464031037,14033.502135339355,0.7038789774199855,703.6554006215829,34.619225358656614,300.0,307.0,True
48,120.0,5.0,0.1,Oracle,300,0.1,True,0.3364109552924856,100.92328658774568,0.6456259143732713,12110.794390529481,1500.0,10610.794390529481,35.36931463509827,3.536931463509827,0.0,10610.794390529481,1.0,,,,,,,,,
48,120.0,5.0,0.2,Treat nobody,0,0.0,True,0.0,0.0,0.6119848188440228,0.0,0.0,0.0,0.0,0.0,19239.777339512824,19239.777339512824,0.0,0.0,0.0,0.0,0.0,0.0,,,,
48,120.0,5.0,0.2,Random,600,0.2,True,0.16152693210298916,96.91615926179351,0.6442902052646206,11629.93911141522,3000.0,8629.93911141522,14.383231852358701,2.87664637047174,10609.838228097604,19239.777339512824,0.4485467247945678,9472.572876473714,4040.638625563588,14904.507127383838,0.9238153173147621,842.6337650584937,,,,
48,120.0,5.0,0.2,S-learner,600,0.2,True,0.28057693514844667,168.346161089068,0.6681002058737121,20201.53933068816,3000.0,17201.53933068816,28.6692322178136,5.73384644356272,2038.2380088246646,19239.777339512824,0.8940612475468349,18155.92563834659,12356.218324713565,23955.632951979616,0.9863629058799684,954.3863076584312,13.771456001653966,600.0,621.0,True
48,120.0,5.0,0.2,T-learner,600,0.2,True,0.265460848478166,159.27650908689958,0.665076988539656,19113.18109042795,3000.0,16113.181090427948,26.855301817379914,5.371060363475983,3126.596249084876,19239.777339512824,0.8374931167907141,14186.989637022345,8133.739028660252,20240.240245384437,1.0294833061745632,-1926.1914534056032,16.48424764258709,600.0,607.0,True
48,120.0,5.0,0.2,DR-learner,600,0.2,True,0.27537801652683197,165.22680991609917,0.6670604221493892,19827.2171899319,3000.0,16827.2171899319,28.045361983219834,5.609072396643967,2412.560149580924,19239.777339512824,0.8746056096695964,17243.510719674945,11591.918210915252,22895.103228434637,0.9611728503412539,416.2935297430449,27.256919050125852,600.0,646.0,True
48,120.0,5.0,0.2,Oracle,600,0.2,True,0.30888579638212255,185.33147782927352,0.6737619781204472,22239.777339512824,3000.0,19239.777339512824,32.06629556585471,6.413259113170941,0.0,19239.777339512824,1.0,,,,,,,,,
48,120.0,5.0,0.3,Treat nobody,0,0.0,True,0.0,0.0,0.6119848188440228,0.0,0.0,0.0,0.0,0.0,26357.413532093888,26357.413532093888,0.0,0.0,0.0,0.0,0.0,0.0,,,,
48,120.0,5.0,0.3,Random,900,0.3,True,0.15942656264544575,143.48390638090117,0.6598127876376566,17218.06876570814,4500.0,12718.06876570814,14.131187517453489,4.239356255236046,13639.344766385748,26357.413532093888,0.48252339897547564,13738.359684156258,7250.728400296161,20225.99096801635,1.1033589281969303,1020.2909184481177,,,,
48,120.0,5.0,0.3,S-learner,900,0.3,True,0.262073636205052,235.86627258454678,0.6906069097055385,28303.95271014561,4500.0,23803.95271014561,26.448836344606235,7.93465090338187,2553.460821948276,26357.413532093888,0.9031217225150308,22578.52427740517,15377.44515430247,29779.60340050787,1.2246958243287283,-1225.428432740442,10.083108294158624,900.0,937.0,True
48,120.0,5.0,0.3,T-learner,900,0.3,True,0.2502293815679906,225.20644341119157,0.68705363331442,27024.773209342988,4500.0,22524.773209342988,25.027525788158876,7.508257736447662,3832.6403227509,26357.413532093888,0.8545896653294862,18653.29376834645,11374.325404011302,25932.262132681604,1.237942537337544,-3871.479440996536,12.435488554611304,900.0,932.0,True
48,120.0,5.0,0.3,DR-learner,900,0.3,True,0.25742367520214315,231.68130768192884,0.6892119214046658,27801.75692183146,4500.0,23301.75692183146,25.890841024257178,7.767252307277153,3055.6566102624274,26357.413532093888,0.8840684194394973,20577.42637098967,13144.325850812642,28010.526891166694,1.264155970689322,-2724.3305508417907,21.887295234265082,900.0,925.0,True
48,120.0,5.0,0.3,Oracle,900,0.3,True,0.2857167919638323,257.14511276744906,0.6976998564331724,30857.413532093888,4500.0,26357.413532093888,29.286015035659876,8.785804510697963,0.0,26357.413532093888,1.0,,,,,,,,,
48,120.0,10.0,0.1,Treat nobody,0,0.0,True,0.0,0.0,0.6119848188440228,0.0,0.0,0.0,0.0,0.0,9110.794390529481,9110.794390529481,0.0,0.0,0.0,0.0,0.0,0.0,,,,
48,120.0,10.0,0.1,Random,300,0.1,True,0.16195701223341363,48.587103670024085,0.6281805200673641,5830.45244040289,3000.0,2830.45244040289,9.434841468009633,0.9434841468009633,6280.341950126592,9110.794390529481,0.3106702137132079,-721.52835270623,-4408.206232788104,2965.1495273756436,0.6269975552547427,-3551.98079310912,,,,
48,120.0,10.0,0.1,S-learner,300,0.1,True,0.2983824517850778,89.51473553552333,0.6418230640225305,10741.768264262799,3000.0,7741.768264262799,25.805894214209328,2.580589421420933,1369.0261262666827,9110.794390529481,0.8497358114359641,9359.042369500354,5338.128261968956,13379.956477031752,0.6838414956002349,1617.274105237555,13.809968776926464,300.0,314.0,True
48,120.0,10.0,0.1,T-learner,300,0.1,True,0.28962450052643834,86.88735015793151,0.6409472688966666,10426.482018951781,3000.0,7426.482018951781,24.754940063172604,2.4754940063172604,1684.3123715777,9110.794390529481,0.8151300205689512,8823.418905162745,4758.107251570359,12888.730558755131,0.6913922374184844,1396.936886210964,17.24270539554403,300.0,301.0,True
48,120.0,10.0,0.1,DR-learner,300,0.1,True,0.2969753999739893,89.09261999219679,0.6416823588414217,10691.114399063614,3000.0,7691.114399063614,25.637047996878714,2.5637047996878715,1419.6799914658677,9110.794390529481,0.8441760475967275,8394.769799685197,4294.423885766887,12495.115713603507,0.6973505544423803,703.6554006215829,29.619225358656614,300.0,307.0,True
48,120.0,10.0,0.1,Oracle,300,0.1,True,0.3364109552924856,100.92328658774568,0.6456259143732713,12110.794390529481,3000.0,9110.794390529481,30.36931463509827,3.036931463509827,0.0,9110.794390529481,1.0,,,,,,,,,
48,120.0,10.0,0.2,Treat nobody,0,0.0,True,0.0,0.0,0.6119848188440228,0.0,0.0,0.0,0.0,0.0,16239.777339512824,16239.777339512824,0.0,0.0,0.0,0.0,0.0,0.0,,,,
48,120.0,10.0,0.2,Random,600,0.2,True,0.16152693210298916,96.91615926179351,0.6442902052646206,11629.93911141522,6000.0,5629.93911141522,9.383231852358701,1.8766463704717402,10609.838228097604,16239.777339512824,0.3466758806918539,6472.572876473713,1063.245975128467,11881.89977781896,0.9199704593236284,842.6337650584928,,,,
48,120.0,10.0,0.2,S-learner,600,0.2,True,0.28057693514844667,168.346161089068,0.6681002058737121,20201.53933068816,6000.0,14201.53933068816,23.6692322178136,4.73384644356272,2038.2380088246646,16239.777339512824,0.8744910126405828,15155.92563834659,9400.5307930071,20911.320483686082,0.9788266333356656,954.3863076584312,8.771456001653966,600.0,621.0,True
48,120.0,10.0,0.2,T-learner,600,0.2,True,0.265460848478166,159.27650908689958,0.665076988539656,19113.18109042795,6000.0,13113.181090427948,21.855301817379914,4.371060363475983,3126.596249084876,16239.777339512824,0.8074729607605156,11186.989637022347,5166.041162389964,17207.938111654734,1.023989645069137,-1926.1914534056014,11.48424764258709,600.0,607.0,True
48,120.0,10.0,0.2,DR-learner,600,0.2,True,0.27537801652683197,165.22680991609917,0.6670604221493892,19827.2171899319,6000.0,13827.2171899319,23.045361983219834,4.609072396643967,2412.560149580924,16239.777339512824,0.851441303711046,14243.510719674945,8634.90018126927,19852.12125808062,0.9538628571146683,416.2935297430449,22.256919050125852,600.0,646.0,True
48,120.0,10.0,0.2,Oracle,600,0.2,True,0.30888579638212255,185.33147782927352,0.6737619781204472,22239.777339512824,6000.0,16239.777339512824,27.066295565854706,5.413259113170941,0.0,16239.777339512824,1.0,,,,,,,,,
48,120.0,10.0,0.3,Treat nobody,0,0.0,True,0.0,0.0,0.6119848188440228,0.0,0.0,0.0,0.0,0.0,21857.413532093888,21857.413532093888,0.0,0.0,0.0,0.0,0.0,0.0,,,,
48,120.0,10.0,0.3,Random,900,0.3,True,0.15942656264544575,143.48390638090117,0.6598127876376566,17218.06876570814,9000.0,8218.06876570814,9.131187517453489,2.7393562552360464,13639.344766385748,21857.413532093888,0.37598541811185965,9238.359684156256,2774.5889393303232,15702.130428982187,1.099300938828695,1020.2909184481159,,,,
48,120.0,10.0,0.3,S-learner,900,0.3,True,0.262073636205052,235.86627258454678,0.6906069097055385,28303.95271014561,9000.0,19303.95271014561,21.448836344606235,6.43465090338187,2553.460821948276,21857.413532093888,0.883176441796329,18078.52427740517,10915.5137412288,25241.534813581537,1.2182214558834217,-1225.428432740442,5.083108294158624,900.0,937.0,True
48,120.0,10.0,0.3,T-learner,900,0.3,True,0.2502293815679906,225.20644341119157,0.68705363331442,27024.773209342988,9000.0,18024.773209342988,20.027525788158876,6.008257736447662,3832.6403227509,21857.413532093888,0.8246526142206478,14153.293768346453,6904.697674765692,21401.889861927215,1.2327770902521278,-3871.4794409965343,7.435488554611304,900.0,932.0,True
48,120.0,10.0,0.3,DR-learner,900,0.3,True,0.25742367520214315,231.68130768192884,0.6892119214046658,27801.75692183146,9000.0,18801.75692183146,20.890841024257178,6.267252307277153,3055.6566102624274,21857.413532093888,0.8602004484301989,16077.42637098967,8677.562140052758,23477.290601926583,1.258503436679806,-2724.3305508417907,16.887295234265082,900.0,925.0,True
48,120.0,10.0,0.3,Oracle,900,0.3,True,0.2857167919638323,257.14511276744906,0.6976998564331724,30857.413532093888,9000.0,21857.413532093888,24.286015035659876,7.285804510697963,0.0,21857.413532093888,1.0,,,,,,,,,
48,120.0,20.0,0.1,Treat nobody,0,0.0,True,0.0,0.0,0.6119848188440228,0.0,0.0,0.0,0.0,0.0,6110.7943905294815,6110.7943905294815,0.0,0.0,0.0,0.0,0.0,0.0,,,,
48,120.0,20.0,0.1,Random,300,0.1,True,0.16195701223341363,48.587103670024085,0.6281805200673641,5830.45244040289,6000.0,-169.5475595971102,-0.5651585319903674,-0.05651585319903673,6280.341950126592,6110.7943905294815,-0.027745584086395585,-3721.5283527062293,-7428.987777482617,-14.068927929840935,0.6305318965076835,-3551.980793109119,,,,
48,120.0,20.0,0.1,S-learner,300,0.1,True,0.2983824517850778,89.51473553552333,0.6418230640225305,10741.768264262799,6000.0,4741.768264262799,15.80589421420933,1.5805894214209328,1369.0261262666827,6110.7943905294815,0.7759659319599427,6359.042369500354,2406.3033594930853,10311.781379507624,0.6722468782055812,1617.274105237555,3.809968776926464,300.0,314.0,True
48,120.0,20.0,0.1,T-learner,300,0.1,True,0.28962450052643834,86.88735015793151,0.6409472688966666,10426.482018951781,6000.0,4426.482018951781,14.754940063172604,1.4754940063172604,1684.3123715777,6110.7943905294815,0.7243709632600223,5823.418905162745,1820.8943305771727,9825.943479748317,0.6807139665417284,1396.936886210964,7.242705395544029,300.0,301.0,True
48,120.0,20.0,0.1,DR-learner,300,0.1,True,0.2969753999739893,89.09261999219679,0.6416823588414217,10691.114399063614,6000.0,4691.114399063614,15.637047996878712,1.5637047996878712,1419.6799914658677,6110.7943905294815,0.7676766880479419,5394.769799685197,1352.9966605536135,9436.54293881678,0.6873890151405119,703.6554006215829,19.619225358656614,300.0,307.0,True
48,120.0,20.0,0.1,Oracle,300,0.1,True,0.3364109552924856,100.92328658774568,0.6456259143732713,12110.794390529481,6000.0,6110.7943905294815,20.36931463509827,2.036931463509827,0.0,6110.7943905294815,1.0,,,,,,,,,
48,120.0,20.0,0.2,Treat nobody,0,0.0,True,0.0,0.0,0.6119848188440228,0.0,0.0,0.0,0.0,0.0,10239.777339512824,10239.777339512824,0.0,0.0,0.0,0.0,0.0,0.0,,,,
48,120.0,20.0,0.2,Random,600,0.2,True,0.16152693210298916,96.91615926179351,0.6442902052646206,11629.93911141522,12000.0,-370.0608885847796,-0.6167681476412994,-0.12335362952825987,10609.838228097604,10239.777339512824,-0.03613954447591396,472.57287647371345,-4916.982803290119,5862.128556237546,0.9166079448867362,842.633765058493,,,,
48,120.0,20.0,0.2,S-learner,532,0.17733333333333334,True,0.2850023123166431,151.62123015245413,0.6625252288948409,18194.547618294495,10640.0,7554.547618294495,14.20027747799717,2.5181825394314985,2685.2297212183294,10239.777339512824,0.7377648329464472,8586.814331463294,3252.309428615108,13921.319234311482,0.9072453958212298,1032.2667131687995,0.012021944085223168,511.0,532.0,False
48,120.0,20.0,0.2,T-learner,600,0.2,True,0.265460848478166,159.27650908689958,0.665076988539656,19113.18109042795,12000.0,7113.181090427948,11.855301817379914,2.3710603634759826,3126.596249084876,10239.777339512824,0.6946616957167518,5186.989637022347,-792.0113671676959,11165.99064121239,1.0168555904345933,-1926.1914534056014,1.4842476425870892,600.0,607.0,True
48,120.0,20.0,0.2,DR-learner,600,0.2,True,0.27537801652683197,165.22680991609917,0.6670604221493892,19827.2171899319,12000.0,7827.2171899319,13.045361983219834,2.609072396643967,2412.560149580924,10239.777339512824,0.7643932998160577,8243.510719674945,2696.870474873429,13790.150964476461,0.9433234978725303,416.2935297430449,12.256919050125852,600.0,646.0,True
48,120.0,20.0,0.2,Oracle,600,0.2,True,0.30888579638212255,185.33147782927352,0.6737619781204472,22239.777339512824,12000.0,10239.777339512824,17.066295565854706,3.4132591131709415,0.0,10239.777339512824,1.0,,,,,,,,,
48,120.0,20.0,0.3,Treat nobody,0,0.0,True,0.0,0.0,0.6119848188440228,0.0,0.0,0.0,0.0,0.0,12857.413532093888,12857.413532093888,0.0,0.0,0.0,0.0,0.0,0.0,,,,
48,120.0,20.0,0.3,Random,900,0.3,True,0.15942656264544575,143.48390638090117,0.6598127876376566,17218.06876570814,18000.0,-781.9312342918602,-0.8688124825465113,-0.2606437447639534,13639.344766385748,12857.413532093888,-0.06081559345820614,238.35968415625666,-6205.662063108379,6682.381431420893,1.0959422040565132,1020.2909184481168,,,,
48,120.0,20.0,0.3,S-learner,532,0.17733333333333334,True,0.2850023123166431,151.62123015245413,0.6625252288948409,18194.547618294495,10640.0,7554.547618294495,14.20027747799717,2.5181825394314985,5302.865913799393,12857.413532093888,0.5875635561878209,8586.814331463294,3252.309428615108,13921.319234311482,0.9072453958212298,1032.2667131687995,0.012021944085223168,511.0,532.0,False
48,120.0,20.0,0.3,T-learner,720,0.24,True,0.2571920639905774,185.17828607321576,0.6737109142017614,22221.394328785893,14400.0,7821.394328785893,10.863047678869295,2.607131442928631,5036.019203307995,12857.413532093888,0.6083178634071781,4133.191572392996,-2516.2603494013974,10782.64349418739,1.1308799505576674,-3688.202756392897,0.01078966248632085,720.0,720.0,False
48,120.0,20.0,0.3,DR-learner,900,0.3,True,0.25742367520214315,231.68130768192884,0.6892119214046658,27801.75692183146,18000.0,9801.75692183146,10.890841024257178,3.2672523072771535,3055.6566102624274,12857.413532093888,0.7623428224786358,7077.4263709896695,-280.23250447090663,14435.085246450246,1.2513255232403677,-2724.3305508417907,6.887295234265082,900.0,925.0,True
48,120.0,20.0,0.3,Oracle,900,0.3,True,0.2857167919638323,257.14511276744906,0.6976998564331724,30857.413532093888,18000.0,12857.413532093888,14.286015035659876,4.285804510697963,0.0,12857.413532093888,1.0,,,,,,,,,
49,40.0,5.0,0.1,Treat nobody,0,0.0,True,0.0,0.0,0.6164164768986616,0.0,0.0,0.0,0.0,0.0,2507.7085622265236,2507.7085622265236,0.0,0.0,0.0,0.0,0.0,0.0,,,,
49,40.0,5.0,0.1,Random,300,0.1,True,0.1514254354329662,45.427630629889855,0.6315590204419582,1817.1052251955941,1500.0,317.10522519559413,1.057017417318647,0.10570174173186471,2190.6033370309297,2507.7085622265236,0.12645218426580054,-33.52759613816761,-1187.6407803749219,1120.5855880985866,0.19628135913725153,-350.63282133376174,,,,
49,40.0,5.0,0.1,S-learner,269,0.08966666666666667,True,0.30223480369856537,81.30116219491407,0.6435168642969663,3252.046487796563,1345.0,1907.0464877965628,7.089392147942613,0.6356821625988542,600.6620744299607,2507.7085622265236,0.7604737314863056,1924.0659475626221,764.9472597864759,3083.184635338768,0.19713265089207876,17.0194597660593,4.244344607186887,300.0,269.0,False
49,40.0,5.0,0.1,T-learner,279,0.093,True,0.297835824426427,83.09619501497312,0.6441152085703192,3323.8478005989246,1395.0,1928.8478005989246,6.913432977057077,0.6429492668663082,578.860761627599,2507.7085622265236,0.7691674501786424,1772.3745010224086,560.1452360272036,2984.6037660176135,0.20616522795947867,-156.47329957651596,4.105155627598284,300.0,279.0,False
49,40.0,5.0,0.1,DR-learner,282,0.094,True,0.3010266127557385,84.88950479711826,0.644712978497701,3395.5801918847305,1410.0,1985.5801918847305,7.041064510229541,0.6618600639615768,522.128370341793,2507.7085622265236,0.7917906497562819,1166.7014000682598,-72.73605235877916,2406.1388524952986,0.21079255574822867,-818.8787918164708,8.748933657683136,300.0,282.0,False
49,40.0,5.0,0.1,Oracle,300,0.1,True,0.3339757135188769,100.19271405566309,0.6498140482505493,4007.7085622265236,1500.0,2507.7085622265236,8.359028540755078,0.8359028540755079,0.0,2507.7085622265236,1.0,,,,,,,,,
49,40.0,5.0,0.2,Treat nobody,0,0.0,True,0.0,0.0,0.6164164768986616,0.0,0.0,0.0,0.0,0.0,4310.798524422152,4310.798524422152,0.0,0.0,0.0,0.0,0.0,0.0,,,,
49,40.0,5.0,0.2,Random,600,0.2,True,0.14843095135565448,89.0585708133927,0.6461026671697925,3562.342832535708,3000.0,562.3428325357081,0.9372380542261802,0.18744761084523603,3748.4556918864437,4310.798524422152,0.13044980630615027,-1177.2344315696673,-3285.0788824648525,930.610019325518,0.35848353465022725,-1739.5772641053754,,,,
49,40.0,5.0,0.2,S-learner,529,0.17633333333333334,True,0.28348694327959884,149.96459299490778,0.6664046745636308,5998.583719796311,2645.0,3353.583719796311,6.339477731183953,1.1178612399321037,957.2148046258408,4310.798524422152,0.7779495378401726,2579.776902958242,826.1054319242077,4333.448373992275,0.29824892784880597,-773.8068168380692,2.5205304721643955,600.0,529.0,False
49,40.0,5.0,0.2,T-learner,574,0.19133333333333333,True,0.2724373338688948,156.37902964074559,0.6685428201122434,6255.161185629823,2870.0,3385.161185629823,5.89749335475579,1.1283870618766076,925.6373387923286,4310.798524422152,0.7852747388799834,2862.184553561223,1084.6178682276488,4639.751238894796,0.3023128144793805,-522.9766320686003,2.3440412790005682,600.0,574.0,False
49,40.0,5.0,0.2,DR-learner,560,0.18666666666666668,True,0.2786205566160547,156.02751170499067,0.6684256474669917,6241.100468199627,2800.0,3441.1004681996274,6.144822264642191,1.1470334893998757,869.6980562225244,4310.798524422152,0.7982512865550578,2620.909801342483,853.3098824589651,4388.509720226001,0.3006177550244326,-820.1906668571442,6.265795194217837,600.0,560.0,False
49,40.0,5.0,0.2,Oracle,600,0.2,True,0.3046166051842564,182.7699631105538,0.6773397979355129,7310.798524422152,3000.0,4310.798524422152,7.184664207370253,1.4369328414740505,0.0,4310.798524422152,1.0,,,,,,,,,
49,40.0,5.0,0.3,Treat nobody,0,0.0,True,0.0,0.0,0.6164164768986616,0.0,0.0,0.0,0.0,0.0,5612.332320722982,5612.332320722982,0.0,0.0,0.0,0.0,0.0,0.0,,,,
49,40.0,5.0,0.3,Random,900,0.3,True,0.15564398704831597,140.07958834348437,0.6631096730131564,5603.183533739375,4500.0,1103.183533739375,1.225759481932639,0.3677278445797917,4509.148786983607,5612.332320722982,0.19656418592070515,1655.257775988774,-599.7867896434155,3910.302341620964,0.3835180277834515,552.074242249399,,,,
49,40.0,5.0,0.3,S-learner,818,0.27266666666666667,True,0.2638900171584,215.8620340355712,0.6883704882438519,8634.481361422848,4090.0,4544.481361422848,5.555600686336,1.5148271204742827,1067.8509593001345,5612.332320722982,0.8097313383676158,4071.77629762483,1899.0158606098619,6244.536734639799,0.369523871212843,-472.7050637980178,1.2429740144806,900.0,818.0,False
49,40.0,5.0,0.3,T-learner,863,0.2876666666666667,True,0.25379684272298886,219.0266752699394,0.6894253686553081,8761.067010797577,4315.0,4446.067010797577,5.151873708919556,1.4820223369325256,1166.2653099254057,5612.332320722982,0.7921959635891327,4185.589335729933,2045.484701735814,6325.693969724051,0.363970061163537,-260.47767506764376,0.9908217453892583,900.0,863.0,False
49,40.0,5.0,0.3,DR-learner,883,0.29433333333333334,True,0.2567201235478339,226.68386909273732,0.6919777665962408,9067.354763709493,4415.0,4652.3547637094925,5.268804941913355,1.5507849212364975,959.9775570134898,5612.332320722982,0.8289521179156003,2662.6987650360416,370.75300831815804,4954.644521753925,0.38979385587294113,-1989.655998673451,4.490154582846095,900.0,883.0,False
49,40.0,5.0,0.3,Oracle,900,0.3,True,0.28089812002008285,252.80830801807457,0.7006859129046864,10112.332320722982,4500.0,5612.332320722982,6.235924800803314,1.870777440240994,0.0,5612.332320722982,1.0,,,,,,,,,
49,40.0,10.0,0.1,Treat nobody,0,0.0,True,0.0,0.0,0.6164164768986616,0.0,0.0,0.0,0.0,0.0,1007.7085622265236,1007.7085622265236,0.0,0.0,0.0,0.0,0.0,0.0,,,,
49,40.0,10.0,0.1,Random,300,0.1,True,0.1514254354329662,45.427630629889855,0.6315590204419582,1817.1052251955941,3000.0,-1182.8947748044059,-3.9429825826813527,-0.3942982582681353,2190.6033370309297,1007.7085622265236,-1.1738461090285963,-1533.5275961381676,-2699.321435402194,-367.73375687414114,0.1982679015974545,-350.63282133376174,,,,
49,40.0,10.0,0.1,S-learner,195,0.065,True,0.30413437994064196,59.306204088425176,0.6361852115948033,2372.248163537007,1950.0,422.2481635370068,2.165375197625676,0.14074938784566893,585.4603986895168,1007.7085622265236,0.41901813616037265,333.5119914803532,-627.6842923902507,1294.7082753509571,0.16347175959225063,-88.73617205665363,0.007269371790608048,222.0,195.0,False
49,40.0,10.0,0.1,T-learner,195,0.065,True,0.30226105821049387,58.94090635104631,0.6360634456823437,2357.636254041852,1950.0,407.6362540418522,2.090442328419755,0.13587875134728408,600.0723081846713,1007.7085622265236,0.4045180018528208,303.95153243455,-646.4332427350815,1254.3363076041817,0.16163303384928593,-103.68472160730221,0.008010118504637731,203.0,195.0,False
49,40.0,10.0,0.1,DR-learner,282,0.094,True,0.3010266127557385,84.88950479711826,0.644712978497701,3395.5801918847305,2820.0,575.5801918847305,2.041064510229541,0.19186006396157684,432.128370341793,1007.7085622265236,0.5711772366139184,-243.29859993174037,-1476.2345113815593,989.6373115180786,0.20968683118245376,-818.8787918164709,3.7489336576831356,300.0,282.0,False
49,40.0,10.0,0.1,Oracle,300,0.1,True,0.3339757135188769,100.19271405566309,0.6498140482505493,4007.7085622265236,3000.0,1007.7085622265236,3.3590285407550784,0.33590285407550785,0.0,1007.7085622265236,1.0,,,,,,,,,
49,40.0,10.0,0.2,Treat nobody,0,0.0,True,0.0,0.0,0.6164164768986616,0.0,0.0,0.0,0.0,0.0,1310.7985244221518,1310.7985244221518,0.0,0.0,0.0,0.0,0.0,0.0,,,,
49,40.0,10.0,0.2,Random,600,0.2,True,0.14843095135565448,89.0585708133927,0.6461026671697925,3562.342832535708,6000.0,-2437.657167464292,-4.06276194577382,-0.8125523891547639,3748.4556918864437,1310.7985244221518,-1.859673414370756,-4177.234431569667,-6304.512398876178,-2049.9564642631562,0.36178861517970207,-1739.5772641053754,,,,
49,40.0,10.0,0.2,S-learner,195,0.065,True,0.30413437994064196,59.306204088425176,0.6361852115948033,2372.248163537007,1950.0,422.2481635370068,2.165375197625676,0.14074938784566893,888.550360885145,1310.7985244221518,0.32213048433446273,333.5119914803532,-627.6842923902507,1294.7082753509571,0.16347175959225063,-88.73617205665363,0.007269371790608048,222.0,195.0,False
49,40.0,10.0,0.2,T-learner,195,0.065,True,0.30226105821049387,58.94090635104631,0.6360634456823437,2357.636254041852,1950.0,407.6362540418522,2.090442328419755,0.13587875134728408,903.1622703802996,1310.7985244221518,0.3109831499250072,303.95153243455,-646.4332427350815,1254.3363076041817,0.16163303384928593,-103.68472160730221,0.008010118504637731,203.0,195.0,False
49,40.0,10.0,0.2,DR-learner,560,0.18666666666666668,True,0.2786205566160547,156.02751170499067,0.6684256474669917,6241.100468199627,5600.0,641.1004681996274,1.1448222646421917,0.21370015606654244,669.6980562225244,1310.7985244221518,0.48909153943566425,-179.0901986575167,-1935.8630390047265,1577.6826416896934,0.29877638130163114,-820.190666857144,1.2657951942178371,600.0,560.0,False
49,40.0,10.0,0.2,Oracle,600,0.2,True,0.3046166051842564,182.7699631105538,0.6773397979355129,7310.798524422152,6000.0,1310.7985244221518,2.184664207370253,0.4369328414740506,0.0,1310.7985244221518,1.0,,,,,,,,,
49,40.0,10.0,0.3,Treat nobody,0,0.0,True,0.0,0.0,0.6164164768986616,0.0,0.0,0.0,0.0,0.0,1312.3181363995918,1312.3181363995918,0.0,0.0,0.0,0.0,0.0,0.0,,,,
49,40.0,10.0,0.3,Random,900,0.3,True,0.15564398704831597,140.07958834348437,0.6631096730131564,5603.183533739375,9000.0,-3396.816466260625,-3.7742405180673613,-1.1322721554202084,4709.134602660217,1312.3181363995918,-2.5884092980532563,-2844.7422240112255,-5103.331179535645,-586.1532684868066,0.3841208262566525,552.0742422493995,,,,
49,40.0,10.0,0.3,S-learner,195,0.065,True,0.30413437994064196,59.306204088425176,0.6361852115948033,2372.248163537007,1950.0,422.2481635370068,2.165375197625676,0.14074938784566893,890.069972862585,1312.3181363995918,0.32175747010207834,333.5119914803532,-627.6842923902507,1294.7082753509571,0.16347175959225063,-88.73617205665363,0.007269371790608048,222.0,195.0,False
49,40.0,10.0,0.3,T-learner,195,0.065,True,0.30226105821049387,58.94090635104631,0.6360634456823437,2357.636254041852,1950.0,407.6362540418522,2.090442328419755,0.13587875134728408,904.6818823577396,1312.3181363995918,0.310623043860555,303.95153243455,-646.4332427350815,1254.3363076041817,0.16163303384928593,-103.68472160730221,0.008010118504637731,203.0,195.0,False
49,40.0,10.0,0.3,DR-learner,780,0.26,True,0.26272815851217757,204.92796363949847,0.6847257981118278,8197.118545579939,7800.0,397.11854557993865,0.5091263404871008,0.13237284852664621,915.1995908196532,1312.3181363995918,0.30260844117376334,-1637.621925020687,-3790.283142288704,515.0392922473294,0.36610557374998287,-2034.7404706006257,0.0022361959876278092,811.0,780.0,False
49,40.0,10.0,0.3,Oracle,622,0.20733333333333334,True,0.30274590580384214,188.3079534099898,0.6791857947019915,7532.318136399592,6220.0,1312.3181363995918,2.1098362321536848,0.43743937879986394,0.0,1312.3181363995918,1.0,,,,,,,,,
49,40.0,20.0,0.1,Treat nobody,0,0.0,True,0.0,0.0,0.6164164768986616,0.0,0.0,0.0,0.0,0.0,0.0,0.0,,0.0,0.0,0.0,0.0,0.0,,,,
49,40.0,20.0,0.1,Random,300,0.1,True,0.1514254354329662,45.427630629889855,0.6315590204419582,1817.1052251955941,6000.0,-4182.894774804406,-13.942982582681353,-1.3942982582681351,4182.894774804406,0.0,,-4533.527596138168,-5786.085899038355,-3280.9692932379808,0.21302403390746083,-350.63282133376197,,,,
49,40.0,20.0,0.1,S-learner,0,0.0,True,0.0,0.0,0.6164164768986616,0.0,0.0,0.0,0.0,0.0,0.0,0.0,,0.0,0.0,0.0,0.0,0.0,,0.0,0.0,False
49,40.0,20.0,0.1,T-learner,0,0.0,True,0.0,0.0,0.6164164768986616,0.0,0.0,0.0,0.0,0.0,0.0,0.0,,0.0,0.0,0.0,0.0,0.0,,0.0,0.0,False
49,40.0,20.0,0.1,DR-learner,10,0.0033333333333333335,True,0.3288486525835408,3.2884865258354083,0.6175126390739399,131.53946103341633,200.0,-68.46053896658367,-6.846053896658367,-0.02282017965552789,68.46053896658367,0.0,,-41.699441616517475,-231.87017253221373,148.47128929917875,0.03234255534212852,26.761097350066194,0.2177194536257474,14.0,10.0,False
49,40.0,20.0,0.1,Oracle,0,0.0,True,0.0,0.0,0.6164164768986616,0.0,0.0,0.0,0.0,0.0,0.0,0.0,,,,,,,,,,
49,40.0,20.0,0.2,Treat nobody,0,0.0,True,0.0,0.0,0.6164164768986616,0.0,0.0,0.0,0.0,0.0,0.0,0.0,,0.0,0.0,0.0,0.0,0.0,,,,
49,40.0,20.0,0.2,Random,600,0.2,True,0.14843095135565448,89.0585708133927,0.6461026671697925,3562.342832535708,12000.0,-8437.657167464291,-14.062761945773818,-2.8125523891547637,8437.657167464291,0.0,,-10177.234431569668,-12405.820407714069,-7948.648455425266,0.3790181849808134,-1739.5772641053773,,,,
49,40.0,20.0,0.2,S-learner,0,0.0,True,0.0,0.0,0.6164164768986616,0.0,0.0,0.0,0.0,0.0,0.0,0.0,,0.0,0.0,0.0,0.0,0.0,,0.0,0.0,False
49,40.0,20.0,0.2,T-learner,0,0.0,True,0.0,0.0,0.6164164768986616,0.0,0.0,0.0,0.0,0.0,0.0,0.0,,0.0,0.0,0.0,0.0,0.0,,0.0,0.0,False
49,40.0,20.0,0.2,DR-learner,10,0.0033333333333333335,True,0.3288486525835408,3.2884865258354083,0.6175126390739399,131.53946103341633,200.0,-68.46053896658367,-6.846053896658367,-0.02282017965552789,68.46053896658367,0.0,,-41.699441616517475,-231.87017253221373,148.47128929917875,0.03234255534212852,26.761097350066194,0.2177194536257474,14.0,10.0,False
49,40.0,20.0,0.2,Oracle,0,0.0,True,0.0,0.0,0.6164164768986616,0.0,0.0,0.0,0.0,0.0,0.0,0.0,,,,,,,,,,
49,40.0,20.0,0.3,Treat nobody,0,0.0,True,0.0,0.0,0.6164164768986616,0.0,0.0,0.0,0.0,0.0,0.0,0.0,,0.0,0.0,0.0,0.0,0.0,,,,
49,40.0,20.0,0.3,Random,900,0.3,True,0.15564398704831597,140.07958834348437,0.6631096730131564,5603.183533739375,18000.0,-12396.816466260625,-13.77424051806736,-4.132272155420209,12396.816466260625,0.0,,-11844.742224011225,-14189.173739098269,-9500.310708924182,0.3987201692785548,552.0742422494004,,,,
49,40.0,20.0,0.3,S-learner,0,0.0,True,0.0,0.0,0.6164164768986616,0.0,0.0,0.0,0.0,0.0,0.0,0.0,,0.0,0.0,0.0,0.0,0.0,,0.0,0.0,False
49,40.0,20.0,0.3,T-learner,0,0.0,True,0.0,0.0,0.6164164768986616,0.0,0.0,0.0,0.0,0.0,0.0,0.0,,0.0,0.0,0.0,0.0,0.0,,0.0,0.0,False
49,40.0,20.0,0.3,DR-learner,10,0.0033333333333333335,True,0.3288486525835408,3.2884865258354083,0.6175126390739399,131.53946103341633,200.0,-68.46053896658367,-6.846053896658367,-0.02282017965552789,68.46053896658367,0.0,,-41.699441616517475,-231.87017253221373,148.47128929917875,0.03234255534212852,26.761097350066194,0.2177194536257474,14.0,10.0,False
49,40.0,20.0,0.3,Oracle,0,0.0,True,0.0,0.0,0.6164164768986616,0.0,0.0,0.0,0.0,0.0,0.0,0.0,,,,,,,,,,
49,80.0,5.0,0.1,Treat nobody,0,0.0,True,0.0,0.0,0.6164164768986616,0.0,0.0,0.0,0.0,0.0,6515.417124453047,6515.417124453047,0.0,0.0,0.0,0.0,0.0,0.0,,,,
49,80.0,5.0,0.1,Random,300,0.1,True,0.1514254354329662,45.427630629889855,0.6315590204419582,3634.2104503911883,1500.0,2134.2104503911883,7.114034834637295,0.7114034834637294,4381.206674061859,6515.417124453047,0.3275631336605099,1432.9448077236648,-880.3922581737679,3746.281873621098,0.39343190047448845,-701.2656426675235,,,,
49,80.0,5.0,0.1,S-learner,269,0.08966666666666667,True,0.30223480369856537,81.30116219491407,0.6435168642969663,6504.092975593126,1345.0,5159.092975593126,19.178784295885226,1.719697658531042,1356.3241488599215,6515.417124453047,0.7918285010840681,5193.131895125243,2841.034086314131,7545.229703936355,0.40002398468614053,34.03891953211769,13.488689214373775,300.0,269.0,False
49,80.0,5.0,0.1,T-learner,279,0.093,True,0.297835824426427,83.09619501497312,0.6441152085703192,6647.695601197849,1395.0,5252.695601197849,18.826865954114155,1.7508985337326164,1262.721523255198,6515.417124453047,0.8061948300261436,4939.749002044817,2484.986890765572,7394.511113324062,0.4174842209078153,-312.94659915303237,13.210311255196569,300.0,279.0,False
49,80.0,5.0,0.1,DR-learner,282,0.094,True,0.3010266127557385,84.88950479711826,0.644712978497701,6791.160383769461,1410.0,5381.160383769461,19.08212902045908,1.7937201279231536,1134.256740683586,6515.417124453047,0.8259118765509884,3743.4028001365195,1243.2821106706008,6243.5234896024385,0.4251984065670853,-1637.7575836329415,22.49786731536627,300.0,282.0,False
49,80.0,5.0,0.1,Oracle,300,0.1,True,0.3339757135188769,100.19271405566309,0.6498140482505493,8015.417124453047,1500.0,6515.417124453047,21.718057081510157,2.1718057081510156,0.0,6515.417124453047,1.0,,,,,,,,,
49,80.0,5.0,0.2,Treat nobody,0,0.0,True,0.0,0.0,0.6164164768986616,0.0,0.0,0.0,0.0,0.0,11621.597048844304,11621.597048844304,0.0,0.0,0.0,0.0,0.0,0.0,,,,
49,80.0,5.0,0.2,Random,600,0.2,True,0.14843095135565448,89.0585708133927,0.6461026671697925,7124.685665071416,3000.0,4124.685665071416,6.8744761084523605,1.3748952216904722,7496.911383772887,11621.597048844304,0.35491556347512415,645.5311368606652,-3567.0411064443824,4858.103380165713,0.7164370156005044,-3479.154528210751,,,,
49,80.0,5.0,0.2,S-learner,529,0.17633333333333334,True,0.28348694327959884,149.96459299490778,0.6664046745636308,11997.167439592622,2645.0,9352.167439592622,17.678955462367906,3.117389146530874,2269.4296092516815,11621.597048844304,0.804723085844956,7804.553805916484,4268.08376186106,11341.023849971907,0.6014515354960004,-1547.6136336761383,10.041060944328791,600.0,529.0,False
49,80.0,5.0,0.2,T-learner,574,0.19133333333333333,True,0.2724373338688948,156.37902964074559,0.6685428201122434,12510.322371259646,2870.0,9640.322371259646,16.79498670951158,3.2134407904198823,1981.2746775846572,11621.597048844304,0.8295178649494062,8594.369107122446,5008.0826770782105,12180.655537166682,0.6099238656649487,-1045.9532641372007,9.688082558001136,600.0,574.0,False
49,80.0,5.0,0.2,DR-learner,560,0.18666666666666668,True,0.2786205566160547,156.02751170499067,0.6684256474669917,12482.200936399255,2800.0,9682.200936399255,17.289644529284384,3.227400312133085,1939.3961124450489,11621.597048844304,0.8331213770109238,8041.819602684966,4477.38090864487,11606.258296725062,0.6062081960273988,-1640.3813337142883,17.531590388435674,600.0,560.0,False
49,80.0,5.0,0.2,Oracle,600,0.2,True,0.3046166051842564,182.7699631105538,0.6773397979355129,14621.597048844304,3000.0,11621.597048844304,19.369328414740504,3.873865682948101,0.0,11621.597048844304,1.0,,,,,,,,,
49,80.0,5.0,0.3,Treat nobody,0,0.0,True,0.0,0.0,0.6164164768986616,0.0,0.0,0.0,0.0,0.0,15724.664641445965,15724.664641445965,0.0,0.0,0.0,0.0,0.0,0.0,,,,
49,80.0,5.0,0.3,Random,900,0.3,True,0.15564398704831597,140.07958834348437,0.6631096730131564,11206.36706747875,4500.0,6706.36706747875,7.4515189638652775,2.235455689159583,9018.297573967215,15724.664641445965,0.42648712836791314,7810.51555197755,3283.874714632657,12337.156389322443,0.7698510232926828,1104.1484844988,,,,
49,80.0,5.0,0.3,S-learner,818,0.27266666666666667,True,0.2638900171584,215.8620340355712,0.6883704882438519,17268.962722845696,4090.0,13178.962722845696,16.111201372672,4.392987574281898,2545.701918600269,15724.664641445965,0.8381077131597142,12233.55259524966,7855.388951384436,16611.716239114885,0.7445993359061054,-945.4101275960365,7.4859480289612,900.0,818.0,False
49,80.0,5.0,0.3,T-learner,863,0.2876666666666667,True,0.25379684272298886,219.0266752699394,0.6894253686553081,17522.134021595153,4315.0,13207.134021595153,15.303747417839112,4.402378007198385,2517.5306198508115,15724.664641445965,0.8398992489025628,12686.178671459864,8372.433880588009,16999.923462331717,0.7336435473471491,-520.9553501352893,6.9816434907785165,900.0,863.0,False
49,80.0,5.0,0.3,DR-learner,883,0.29433333333333334,True,0.2567201235478339,226.68386909273732,0.6919777665962408,18134.709527418985,4415.0,13719.709527418985,15.53760988382671,4.573236509139662,2004.9551140269796,15724.664641445965,0.8724961606658078,9740.397530072085,5134.278720542876,14346.516339601294,0.7833679336051901,-3979.3119973469,13.98030916569219,900.0,883.0,False
49,80.0,5.0,0.3,Oracle,900,0.3,True,0.28089812002008285,252.80830801807457,0.7006859129046864,20224.664641445965,4500.0,15724.664641445965,17.47184960160663,5.2415548804819885,0.0,15724.664641445965,1.0,,,,,,,,,
49,80.0,10.0,0.1,Treat nobody,0,0.0,True,0.0,0.0,0.6164164768986616,0.0,0.0,0.0,0.0,0.0,5015.417124453047,5015.417124453047,0.0,0.0,0.0,0.0,0.0,0.0,,,,
49,80.0,10.0,0.1,Random,300,0.1,True,0.1514254354329662,45.427630629889855,0.6315590204419582,3634.2104503911883,3000.0,634.2104503911883,2.114034834637294,0.21140348346372942,4381.206674061859,5015.417124453047,0.12645218426580054,-67.05519227633522,-2375.2815607498437,2241.1711761971733,0.39256271827450306,-701.2656426675235,,,,
49,80.0,10.0,0.1,S-learner,269,0.08966666666666667,True,0.30223480369856537,81.30116219491407,0.6435168642969663,6504.092975593126,2690.0,3814.0929755931256,14.178784295885226,1.2713643251977085,1201.3241488599215,5015.417124453047,0.7604737314863056,3848.1318951252442,1529.8945195729518,6166.369270677536,0.39426530178415753,34.0389195321186,8.488689214373775,300.0,269.0,False
49,80.0,10.0,0.1,T-learner,279,0.093,True,0.297835824426427,83.09619501497312,0.6441152085703192,6647.695601197849,2790.0,3857.695601197849,13.826865954114155,1.2858985337326163,1157.721523255198,5015.417124453047,0.7691674501786424,3544.749002044817,1120.2904720544072,5969.207532035227,0.41233045591895734,-312.9465991530319,8.210311255196569,300.0,279.0,False
49,80.0,10.0,0.1,DR-learner,282,0.094,True,0.3010266127557385,84.88950479711826,0.644712978497701,6791.160383769461,2820.0,3971.160383769461,14.082129020459082,1.3237201279231536,1044.256740683586,5015.417124453047,0.7917906497562819,2333.4028001365195,-145.47210471755832,4812.277704990597,0.42158511149645733,-1637.7575836329415,17.49786731536627,300.0,282.0,False
49,80.0,10.0,0.1,Oracle,300,0.1,True,0.3339757135188769,100.19271405566309,0.6498140482505493,8015.417124453047,3000.0,5015.417124453047,16.718057081510157,1.6718057081510158,0.0,5015.417124453047,1.0,,,,,,,,,
49,80.0,10.0,0.2,Treat nobody,0,0.0,True,0.0,0.0,0.6164164768986616,0.0,0.0,0.0,0.0,0.0,8621.597048844304,8621.597048844304,0.0,0.0,0.0,0.0,0.0,0.0,,,,
49,80.0,10.0,0.2,Random,600,0.2,True,0.14843095135565448,89.0585708133927,0.6461026671697925,7124.685665071416,6000.0,1124.6856650714162,1.8744761084523605,0.37489522169047207,7496.911383772887,8621.597048844304,0.13044980630615027,-2354.4688631393346,-6570.157764929705,1861.220038651036,0.7169670693004545,-3479.154528210751,,,,
49,80.0,10.0,0.2,S-learner,529,0.17633333333333334,True,0.28348694327959884,149.96459299490778,0.6664046745636308,11997.167439592622,5290.0,6707.167439592622,12.678955462367906,2.2357224798642075,1914.4296092516815,8621.597048844304,0.7779495378401726,5159.553805916484,1652.2108638484153,8666.89674798455,0.5964978556976119,-1547.6136336761383,5.041060944328791,600.0,529.0,False
49,80.0,10.0,0.2,T-learner,574,0.19133333333333333,True,0.2724373338688948,156.37902964074559,0.6685428201122434,12510.322371259646,5740.0,6770.322371259646,11.79498670951158,2.2567741237532153,1851.2746775846572,8621.597048844304,0.7852747388799834,5724.369107122446,2169.2357364552977,9279.502477789592,0.604625628958761,-1045.9532641372007,4.6880825580011365,600.0,574.0,False
49,80.0,10.0,0.2,DR-learner,560,0.18666666666666668,True,0.2786205566160547,156.02751170499067,0.6684256474669917,12482.200936399255,5600.0,6882.200936399255,12.289644529284383,2.2940669787997514,1739.3961124450489,8621.597048844304,0.7982512865550578,5241.819602684966,1706.6197649179303,8777.019440452003,0.6012355100488652,-1640.3813337142883,12.531590388435674,600.0,560.0,False
49,80.0,10.0,0.2,Oracle,600,0.2,True,0.3046166051842564,182.7699631105538,0.6773397979355129,14621.597048844304,6000.0,8621.597048844304,14.369328414740506,2.873865682948101,0.0,8621.597048844304,1.0,,,,,,,,,
49,80.0,10.0,0.3,Treat nobody,0,0.0,True,0.0,0.0,0.6164164768986616,0.0,0.0,0.0,0.0,0.0,11224.664641445965,11224.664641445965,0.0,0.0,0.0,0.0,0.0,0.0,,,,
49,80.0,10.0,0.3,Random,900,0.3,True,0.15564398704831597,140.07958834348437,0.6631096730131564,11206.36706747875,9000.0,2206.36706747875,2.451518963865278,0.7354556891595834,9018.297573967215,11224.664641445965,0.19656418592070515,3310.515551977548,-1199.573579286831,7820.604683241928,0.767036055566903,1104.148484498798,,,,
49,80.0,10.0,0.3,S-learner,818,0.27266666666666667,True,0.2638900171584,215.8620340355712,0.6883704882438519,17268.962722845696,8180.0,9088.962722845696,11.111201372672,3.0296542409485654,2135.701918600269,11224.664641445965,0.8097313383676158,8143.55259524966,3798.0317212197237,12489.073469279598,0.739047742425686,-945.4101275960356,2.4859480289612,900.0,818.0,False
49,80.0,10.0,0.3,T-learner,863,0.2876666666666667,True,0.25379684272298886,219.0266752699394,0.6894253686553081,17522.134021595153,8630.0,8892.134021595153,10.303747417839112,2.964044673865051,2332.5306198508115,11224.664641445965,0.7921959635891327,8371.178671459866,4090.969403471628,12651.387939448103,0.727940122327074,-520.9553501352875,1.9816434907785165,900.0,863.0,False
49,80.0,10.0,0.3,DR-learner,883,0.29433333333333334,True,0.2567201235478339,226.68386909273732,0.6919777665962408,18134.709527418985,8830.0,9304.709527418985,10.53760988382671,3.101569842472995,1919.9551140269796,11224.664641445965,0.8289521179156003,5325.397530072083,741.5060166363161,9909.28904350785,0.7795877117458823,-3979.311997346902,8.98030916569219,900.0,883.0,False
49,80.0,10.0,0.3,Oracle,900,0.3,True,0.28089812002008285,252.80830801807457,0.7006859129046864,20224.664641445965,9000.0,11224.664641445965,12.471849601606628,3.741554880481988,0.0,11224.664641445965,1.0,,,,,,,,,
49,80.0,20.0,0.1,Treat nobody,0,0.0,True,0.0,0.0,0.6164164768986616,0.0,0.0,0.0,0.0,0.0,2015.417124453047,2015.417124453047,0.0,0.0,0.0,0.0,0.0,0.0,,,,
49,80.0,20.0,0.1,Random,300,0.1,True,0.1514254354329662,45.427630629889855,0.6315590204419582,3634.2104503911883,6000.0,-2365.7895496088117,-7.885965165362705,-0.7885965165362706,4381.206674061859,2015.417124453047,-1.1738461090285963,-3067.055192276335,-5398.642870804388,-735.4675137482823,0.396535803194909,-701.2656426675235,,,,
49,80.0,20.0,0.1,S-learner,195,0.065,True,0.30413437994064196,59.306204088425176,0.6361852115948033,4744.496327074014,3900.0,844.4963270740136,4.330750395251352,0.28149877569133785,1170.9207973790335,2015.417124453047,0.41901813616037265,667.0239829607063,-1255.3685847805014,2589.4165507019143,0.32694351918450126,-177.47234411330726,0.014538743581216096,222.0,195.0,False
49,80.0,20.0,0.1,T-learner,195,0.065,True,0.30226105821049387,58.94090635104631,0.6360634456823437,4715.272508083704,3900.0,815.2725080837045,4.18088465683951,0.27175750269456816,1200.1446163693427,2015.417124453047,0.4045180018528208,607.9030648691,-1292.866485470163,2508.6726152083634,0.32326606769857186,-207.36944321460442,0.016020237009275462,203.0,195.0,False
49,80.0,20.0,0.1,DR-learner,282,0.094,True,0.3010266127557385,84.88950479711826,0.644712978497701,6791.160383769461,5640.0,1151.160383769461,4.082129020459082,0.3837201279231537,864.256740683586,2015.417124453047,0.5711772366139184,-486.59719986348074,-2952.4690227631186,1979.2746230361572,0.41937366236490753,-1637.7575836329418,7.497867315366271,300.0,282.0,False
49,80.0,20.0,0.1,Oracle,300,0.1,True,0.3339757135188769,100.19271405566309,0.6498140482505493,8015.417124453047,6000.0,2015.417124453047,6.718057081510157,0.6718057081510157,0.0,2015.417124453047,1.0,,,,,,,,,
49,80.0,20.0,0.2,Treat nobody,0,0.0,True,0.0,0.0,0.6164164768986616,0.0,0.0,0.0,0.0,0.0,2621.5970488443036,2621.5970488443036,0.0,0.0,0.0,0.0,0.0,0.0,,,,
49,80.0,20.0,0.2,Random,600,0.2,True,0.14843095135565448,89.0585708133927,0.6461026671697925,7124.685665071416,12000.0,-4875.314334928584,-8.12552389154764,-1.6251047783095278,7496.911383772887,2621.5970488443036,-1.859673414370756,-8354.468863139335,-12609.024797752356,-4099.9129285263125,0.7235772303594041,-3479.154528210751,,,,
49,80.0,20.0,0.2,S-learner,195,0.065,True,0.30413437994064196,59.306204088425176,0.6361852115948033,4744.496327074014,3900.0,844.4963270740136,4.330750395251352,0.28149877569133785,1777.10072177029,2621.5970488443036,0.32213048433446273,667.0239829607063,-1255.3685847805014,2589.4165507019143,0.32694351918450126,-177.47234411330726,0.014538743581216096,222.0,195.0,False
49,80.0,20.0,0.2,T-learner,195,0.065,True,0.30226105821049387,58.94090635104631,0.6360634456823437,4715.272508083704,3900.0,815.2725080837045,4.18088465683951,0.27175750269456816,1806.3245407605991,2621.5970488443036,0.3109831499250072,607.9030648691,-1292.866485470163,2508.6726152083634,0.32326606769857186,-207.36944321460442,0.016020237009275462,203.0,195.0,False
49,80.0,20.0,0.2,DR-learner,560,0.18666666666666668,True,0.2786205566160547,156.02751170499067,0.6684256474669917,12482.200936399255,11200.0,1282.2009363992547,2.2896445292843834,0.4274003121330849,1339.3961124450489,2621.5970488443036,0.48909153943566425,-358.1803973150334,-3871.726078009453,3155.3652833793867,0.5975527626032623,-1640.381333714288,2.5315903884356743,600.0,560.0,False
49,80.0,20.0,0.2,Oracle,600,0.2,True,0.3046166051842564,182.7699631105538,0.6773397979355129,14621.597048844304,12000.0,2621.5970488443036,4.369328414740506,0.8738656829481012,0.0,2621.5970488443036,1.0,,,,,,,,,
49,80.0,20.0,0.3,Treat nobody,0,0.0,True,0.0,0.0,0.6164164768986616,0.0,0.0,0.0,0.0,0.0,2624.6362727991836,2624.6362727991836,0.0,0.0,0.0,0.0,0.0,0.0,,,,
49,80.0,20.0,0.3,Random,900,0.3,True,0.15564398704831597,140.07958834348437,0.6631096730131564,11206.36706747875,18000.0,-6793.63293252125,-7.5484810361347225,-2.264544310840417,9418.269205320434,2624.6362727991836,-2.5884092980532563,-5689.484448022451,-10206.66235907129,-1172.3065369736132,0.768241652513305,1104.148484498799,,,,
49,80.0,20.0,0.3,S-learner,195,0.065,True,0.30413437994064196,59.306204088425176,0.6361852115948033,4744.496327074014,3900.0,844.4963270740136,4.330750395251352,0.28149877569133785,1780.13994572517,2624.6362727991836,0.32175747010207834,667.0239829607063,-1255.3685847805014,2589.4165507019143,0.32694351918450126,-177.47234411330726,0.014538743581216096,222.0,195.0,False
49,80.0,20.0,0.3,T-learner,195,0.065,True,0.30226105821049387,58.94090635104631,0.6360634456823437,4715.272508083704,3900.0,815.2725080837045,4.18088465683951,0.27175750269456816,1809.3637647154792,2624.6362727991836,0.310623043860555,607.9030648691,-1292.866485470163,2508.6726152083634,0.32326606769857186,-207.36944321460442,0.016020237009275462,203.0,195.0,False
49,80.0,20.0,0.3,DR-learner,780,0.26,True,0.26272815851217757,204.92796363949847,0.6847257981118278,16394.237091159877,15600.0,794.2370911598773,1.0182526809742016,0.26474569705329243,1830.3991816393063,2624.6362727991836,0.30260844117376334,-3275.243850041374,-7580.566284577408,1030.0785844946588,0.7322111474999657,-4069.4809412012514,0.0044723919752556185,811.0,780.0,False
49,80.0,20.0,0.3,Oracle,622,0.20733333333333334,True,0.30274590580384214,188.3079534099898,0.6791857947019915,15064.636272799184,12440.0,2624.6362727991836,4.2196724643073695,0.8748787575997279,0.0,2624.6362727991836,1.0,,,,,,,,,
49,120.0,5.0,0.1,Treat nobody,0,0.0,True,0.0,0.0,0.6164164768986616,0.0,0.0,0.0,0.0,0.0,10523.12568667957,10523.12568667957,0.0,0.0,0.0,0.0,0.0,0.0,,,,
49,120.0,5.0,0.1,Random,300,0.1,True,0.1514254354329662,45.427630629889855,0.6315590204419582,5451.315675586782,1500.0,3951.315675586782,13.17105225195594,1.3171052251955941,6571.810011092788,10523.12568667957,0.37548878472376834,2899.4172115854976,-576.8727516485269,6375.707174819522,0.5912166398047034,-1051.8984640012845,,,,
49,120.0,5.0,0.1,S-learner,269,0.08966666666666667,True,0.30223480369856537,81.30116219491407,0.6435168642969663,9756.139463389689,1345.0,8411.139463389689,31.26817644382784,2.8037131544632294,2111.9862232898813,10523.12568667957,0.7993004848394727,8462.197842687867,4913.966011167446,12010.429674208286,0.6034518762433769,51.0583792981779,22.73303382156066,300.0,269.0,False
49,120.0,5.0,0.1,T-learner,279,0.093,True,0.297835824426427,83.09619501497312,0.6441152085703192,9971.543401796775,1395.0,8576.543401796775,30.740298931171235,2.858847800598925,1946.5822848827956,10523.12568667957,0.8150186225232654,8107.123503067225,4406.666488503851,11807.5805176306,0.6293409885338214,-469.41989872954946,22.315466882794855,300.0,279.0,False
49,120.0,5.0,0.1,DR-learner,282,0.094,True,0.3010266127557385,84.88950479711826,0.644712978497701,10186.740575654192,1410.0,8776.740575654192,31.123193530688624,2.925580191884731,1746.3851110253781,10523.12568667957,0.8340431195993415,6320.104200204779,2556.098418892438,10084.10998151712,0.6401488005225843,-2456.636375449413,36.2468009730494,300.0,282.0,False
49,120.0,5.0,0.1,Oracle,300,0.1,True,0.3339757135188769,100.19271405566309,0.6498140482505493,12023.12568667957,1500.0,10523.12568667957,35.07708562226524,3.5077085622265236,0.0,10523.12568667957,1.0,,,,,,,,,
49,120.0,5.0,0.2,Treat nobody,0,0.0,True,0.0,0.0,0.6164164768986616,0.0,0.0,0.0,0.0,0.0,18932.395573266454,18932.395573266454,0.0,0.0,0.0,0.0,0.0,0.0,,,,
49,120.0,5.0,0.2,Random,600,0.2,True,0.14843095135565448,89.0585708133927,0.6461026671697925,10687.028497607125,3000.0,7687.028497607125,12.811714162678543,2.5623428325357085,11245.36707565933,18932.395573266454,0.40602513653695343,2468.296705290998,-3852.6512382132637,8789.244648795258,1.0750109004320307,-5218.731792316127,,,,
49,120.0,5.0,0.2,S-learner,529,0.17633333333333334,True,0.28348694327959884,149.96459299490778,0.6664046745636308,17995.751159388932,2645.0,15350.751159388932,29.018433193551857,5.116917053129644,3581.6444138775223,18932.395573266454,0.8108192700698166,13029.330708874724,7706.2085832376415,18352.452834511805,0.9053095137844697,-2321.420450514208,17.561591416493187,600.0,529.0,False
49,120.0,5.0,0.2,T-learner,574,0.19133333333333333,True,0.2724373338688948,156.37902964074559,0.6685428201122434,18765.48355688947,2870.0,15895.48355688947,27.69248006426737,5.298494518963157,3036.912016376984,18932.395573266454,0.8395917724925807,14326.553660683667,8927.506182339723,19725.60113902761,0.9182222260087334,-1568.9298962058037,17.032123837001706,600.0,574.0,False
49,120.0,5.0,0.2,DR-learner,560,0.18666666666666668,True,0.2786205566160547,156.02751170499067,0.6684256474669917,18723.301404598882,2800.0,15923.301404598882,28.434466793926575,5.307767134866294,3009.0941686675724,18932.395573266454,0.8410610977875101,13462.729404027452,8097.45241328067,18828.00639477423,0.9124788402690736,-2460.57200057143,28.79738558265351,600.0,560.0,False
49,120.0,5.0,0.2,Oracle,600,0.2,True,0.3046166051842564,182.7699631105538,0.6773397979355129,21932.395573266454,3000.0,18932.395573266454,31.55399262211076,6.310798524422151,0.0,18932.395573266454,1.0,,,,,,,,,
49,120.0,5.0,0.3,Treat nobody,0,0.0,True,0.0,0.0,0.6164164768986616,0.0,0.0,0.0,0.0,0.0,25836.99696216895,25836.99696216895,0.0,0.0,0.0,0.0,0.0,0.0,,,,
49,120.0,5.0,0.3,Random,900,0.3,True,0.15564398704831597,140.07958834348437,0.6631096730131564,16809.550601218125,4500.0,12309.550601218125,13.677278445797917,4.103183533739375,13527.446360950824,25836.99696216895,0.4764311664874218,13965.773327966323,7163.1064257284115,20768.440230204236,1.1569373988325775,1656.2227267481976,,,,
49,120.0,5.0,0.3,S-learner,818,0.27266666666666667,True,0.2638900171584,215.8620340355712,0.6883704882438519,25903.444084268547,4090.0,21813.444084268547,26.666802059008003,7.271148028089516,4023.5528779004017,25836.99696216895,0.8442716510826793,20395.328892874488,13807.503476993421,26983.154308755555,1.1203990596842583,-1418.1151913940594,13.728922043441798,900.0,818.0,False
49,120.0,5.0,0.3,T-learner,863,0.2876666666666667,True,0.25379684272298886,219.0266752699394,0.6894253686553081,26283.201032392728,4315.0,21968.201032392728,25.455621126758665,7.322733677464242,3868.795929776221,25836.99696216895,0.8502613931703832,21186.768007189796,14694.919554950247,27678.616459429348,1.1040761468827016,-781.4330252029322,12.972465236167775,900.0,863.0,False
49,120.0,5.0,0.3,DR-learner,883,0.29433333333333334,True,0.2567201235478339,226.68386909273732,0.6919777665962408,27202.064291128478,4415.0,22787.064291128478,25.806414825740067,7.595688097042826,3049.932671040471,25836.99696216895,0.881954831070103,16818.096295108124,9893.516449533261,23742.67614068299,1.1776712735871793,-5968.967996020354,23.470463748538286,900.0,883.0,False
49,120.0,5.0,0.3,Oracle,900,0.3,True,0.28089812002008285,252.80830801807457,0.7006859129046864,30336.99696216895,4500.0,25836.99696216895,28.707774402409942,8.612332320722983,0.0,25836.99696216895,1.0,,,,,,,,,
49,120.0,10.0,0.1,Treat nobody,0,0.0,True,0.0,0.0,0.6164164768986616,0.0,0.0,0.0,0.0,0.0,9023.12568667957,9023.12568667957,0.0,0.0,0.0,0.0,0.0,0.0,,,,
49,120.0,10.0,0.1,Random,300,0.1,True,0.1514254354329662,45.427630629889855,0.6315590204419582,5451.315675586782,3000.0,2451.315675586782,8.17105225195594,0.817105225195594,6571.810011092788,9023.12568667957,0.271670345809939,1399.4172115854976,-2066.1642764432677,4864.998699614263,0.589395437087081,-1051.8984640012845,,,,
49,120.0,10.0,0.1,S-learner,269,0.08966666666666667,True,0.30223480369856537,81.30116219491407,0.6435168642969663,9756.139463389689,2690.0,7066.139463389689,26.26817644382784,2.355379821129896,1956.9862232898813,9023.12568667957,0.7831143784044934,7117.197842687865,3607.5750794749056,10626.820605900824,0.5968855875067802,51.05837929817608,17.73303382156066,300.0,269.0,False
49,120.0,10.0,0.1,T-learner,279,0.093,True,0.297835824426427,83.09619501497312,0.6441152085703192,9971.543401796775,2790.0,7181.543401796775,25.740298931171235,2.393847800598925,1841.5822848827956,9023.12568667957,0.7959041745809393,6712.123503067225,3046.727249322346,10377.519756812104,0.6233781645406171,-469.41989872954946,17.315466882794855,300.0,279.0,False
49,120.0,10.0,0.1,DR-learner,282,0.094,True,0.3010266127557385,84.88950479711826,0.644712978497701,10186.740575654192,2820.0,7366.740575654192,26.123193530688624,2.4555801918847306,1656.3851110253781,9023.12568667957,0.8164288996361179,4910.104200204779,1172.1571135637032,8648.051286845854,0.6357169682921942,-2456.636375449413,31.246800973049403,300.0,282.0,False
49,120.0,10.0,0.1,Oracle,300,0.1,True,0.3339757135188769,100.19271405566309,0.6498140482505493,12023.12568667957,3000.0,9023.12568667957,30.077085622265233,3.0077085622265236,0.0,9023.12568667957,1.0,,,,,,,,,
49,120.0,10.0,0.2,Treat nobody,0,0.0,True,0.0,0.0,0.6164164768986616,0.0,0.0,0.0,0.0,0.0,15932.395573266454,15932.395573266454,0.0,0.0,0.0,0.0,0.0,0.0,,,,
49,120.0,10.0,0.2,Random,600,0.2,True,0.14843095135565448,89.0585708133927,0.6461026671697925,10687.028497607125,6000.0,4687.028497607125,7.811714162678542,1.5623428325357085,11245.36707565933,15932.395573266454,0.29418228263624463,-531.703294709002,-6850.296144917141,5786.889555499137,1.0746103670013658,-5218.731792316127,,,,
49,120.0,10.0,0.2,S-learner,529,0.17633333333333334,True,0.28348694327959884,149.96459299490778,0.6664046745636308,17995.751159388932,5290.0,12705.751159388932,24.018433193551857,4.235250386462978,3226.6444138775223,15932.395573266454,0.7974790169476067,10384.330708874724,5096.127613516283,15672.533804233166,0.8993707940674954,-2321.420450514208,12.561591416493187,600.0,529.0,False
49,120.0,10.0,0.2,T-learner,574,0.19133333333333333,True,0.2724373338688948,156.37902964074559,0.6685428201122434,18765.48355688947,5740.0,13025.48355688947,22.69248006426737,4.341827852296491,2906.912016376984,15932.395573266454,0.8175470849308689,11456.553660683669,6094.734079658593,16818.373241708745,0.9118908346137014,-1568.929896205802,12.032123837001706,600.0,574.0,False
49,120.0,10.0,0.2,DR-learner,560,0.18666666666666668,True,0.2786205566160547,156.02751170499067,0.6684256474669917,18723.301404598882,5600.0,13123.301404598882,23.434466793926575,4.374433801532961,2809.0941686675724,15932.395573266454,0.8236866417388573,10662.729404027448,5332.702647354655,15992.756160700239,0.9064837923409759,-2460.572000571434,23.79738558265351,600.0,560.0,False
49,120.0,10.0,0.2,Oracle,600,0.2,True,0.3046166051842564,182.7699631105538,0.6773397979355129,21932.395573266454,6000.0,15932.395573266454,26.55399262211076,5.310798524422151,0.0,15932.395573266454,1.0,,,,,,,,,
49,120.0,10.0,0.3,Treat nobody,0,0.0,True,0.0,0.0,0.6164164768986616,0.0,0.0,0.0,0.0,0.0,21336.99696216895,21336.99696216895,0.0,0.0,0.0,0.0,0.0,0.0,,,,
49,120.0,10.0,0.3,Random,900,0.3,True,0.15564398704831597,140.07958834348437,0.6631096730131564,16809.550601218125,9000.0,7809.550601218125,8.677278445797917,2.603183533739375,13527.446360950824,21336.99696216895,0.3660098286119955,9465.773327966323,2686.3093145627004,16245.237341369946,1.1529912567916505,1656.2227267481976,,,,
49,120.0,10.0,0.3,S-learner,818,0.27266666666666667,True,0.2638900171584,215.8620340355712,0.6883704882438519,25903.444084268547,8180.0,17723.444084268547,21.666802059008003,5.9078146947561825,3613.5528779004017,21336.99696216895,0.8306437928304847,16305.328892874488,9756.54574657077,22854.11203917821,1.1137590959085109,-1418.1151913940594,8.728922043441798,900.0,818.0,False
49,120.0,10.0,0.3,T-learner,863,0.2876666666666667,True,0.25379684272298886,219.0266752699394,0.6894253686553081,26283.201032392728,8630.0,17653.201032392728,20.455621126758665,5.884400344130909,3683.795929776221,21336.99696216895,0.827351715130874,16871.7680071898,10420.16309325061,23323.37292112899,1.0972318819509996,-781.4330252029285,7.972465236167775,900.0,863.0,False
49,120.0,10.0,0.3,DR-learner,883,0.29433333333333334,True,0.2567201235478339,226.68386909273732,0.6919777665962408,27202.064291128478,8830.0,18372.064291128478,20.806414825740067,6.1240214303761595,2964.932671040471,21336.99696216895,0.8610426445531499,12403.096295108124,5507.183630983729,19299.008959232517,1.1727958130044696,-5968.967996020354,18.470463748538286,900.0,883.0,False
49,120.0,10.0,0.3,Oracle,900,0.3,True,0.28089812002008285,252.80830801807457,0.7006859129046864,30336.99696216895,9000.0,21336.99696216895,23.707774402409942,7.112332320722983,0.0,21336.99696216895,1.0,,,,,,,,,
49,120.0,20.0,0.1,Treat nobody,0,0.0,True,0.0,0.0,0.6164164768986616,0.0,0.0,0.0,0.0,0.0,6023.12568667957,6023.12568667957,0.0,0.0,0.0,0.0,0.0,0.0,,,,
49,120.0,20.0,0.1,Random,300,0.1,True,0.1514254354329662,45.427630629889855,0.6315590204419582,5451.315675586782,6000.0,-548.6843244132178,-1.8289477480440595,-0.18289477480440594,6571.810011092788,6023.12568667957,-0.09109627674326295,-1600.5827884145024,-5067.167893783229,1866.002316954225,0.5895661234445649,-1051.8984640012845,,,,
49,120.0,20.0,0.1,S-learner,269,0.08966666666666667,True,0.30223480369856537,81.30116219491407,0.6435168642969663,9756.139463389689,5380.0,4376.139463389689,16.26817644382784,1.4587131544632297,1646.9862232898813,6023.12568667957,0.7265562252947386,4427.197842687865,975.5882350514185,7878.8074503243115,0.5870192232888468,51.05837929817608,7.73303382156066,300.0,269.0,False
49,120.0,20.0,0.1,T-learner,279,0.093,True,0.297835824426427,83.09619501497312,0.6441152085703192,9971.543401796775,5580.0,4391.543401796775,15.740298931171235,1.4638478005989248,1631.5822848827956,6023.12568667957,0.7291136911701648,3922.1235030672246,307.6404998809743,7536.606506253474,0.6147192893503541,-469.4198987295499,7.315466882794855,300.0,279.0,False
49,120.0,20.0,0.1,DR-learner,282,0.094,True,0.3010266127557385,84.88950479711826,0.644712978497701,10186.740575654192,5640.0,4546.740575654192,16.123193530688624,1.5155801918847307,1476.3851110253781,6023.12568667957,0.7548805740032166,2090.104200204779,-1615.0995206580271,5795.307921067585,0.6301482663438345,-2456.636375449413,21.246800973049403,300.0,282.0,False
49,120.0,20.0,0.1,Oracle,300,0.1,True,0.3339757135188769,100.19271405566309,0.6498140482505493,12023.12568667957,6000.0,6023.12568667957,20.077085622265233,2.0077085622265236,0.0,6023.12568667957,1.0,,,,,,,,,
49,120.0,20.0,0.2,Treat nobody,0,0.0,True,0.0,0.0,0.6164164768986616,0.0,0.0,0.0,0.0,0.0,9932.395573266454,9932.395573266454,0.0,0.0,0.0,0.0,0.0,0.0,,,,
49,120.0,20.0,0.2,Random,600,0.2,True,0.14843095135565448,89.0585708133927,0.6461026671697925,10687.028497607125,12000.0,-1312.9715023928748,-2.188285837321458,-0.43765716746429156,11245.36707565933,9932.395573266454,-0.13219081869099172,-6531.703294709001,-12867.455678756724,-195.9509106612778,1.0775287086945358,-5218.731792316126,,,,
49,120.0,20.0,0.2,S-learner,529,0.17633333333333334,True,0.28348694327959884,149.96459299490778,0.6664046745636308,17995.751159388932,10580.0,7415.751159388932,14.018433193551857,2.471917053129644,2516.6444138775223,9932.395573266454,0.7466226153284513,5094.330708874724,-147.34566379227388,10336.007081541724,0.8914579407262369,-2321.420450514208,2.5615914164931866,600.0,529.0,False
49,120.0,20.0,0.2,T-learner,574,0.19133333333333333,True,0.2724373338688948,156.37902964074559,0.6685428201122434,18765.48355688947,11480.0,7285.4835568894705,12.69248006426737,2.428494518963157,2646.912016376984,9932.395573266454,0.7335071889906115,5716.553660683669,404.7314049195796,11028.375916447758,0.9033877318942366,-1568.929896205802,2.0321238370017056,600.0,574.0,False
49,120.0,20.0,0.2,DR-learner,560,0.18666666666666668,True,0.2786205566160547,156.02751170499067,0.6684256474669917,18723.301404598882,11200.0,7523.301404598882,13.434466793926575,2.507767134866294,2409.0941686675724,9932.395573266454,0.7574508434650176,5062.729404027449,-220.99061924145101,10346.44942729635,0.8986083528313463,-2460.572000571433,13.797385582653511,600.0,560.0,False
49,120.0,20.0,0.2,Oracle,600,0.2,True,0.3046166051842564,182.7699631105538,0.6773397979355129,21932.395573266454,12000.0,9932.395573266454,16.55399262211076,3.3107985244221516,0.0,9932.395573266454,1.0,,,,,,,,,
49,120.0,20.0,0.3,Treat nobody,0,0.0,True,0.0,0.0,0.6164164768986616,0.0,0.0,0.0,0.0,0.0,12336.996962168949,12336.996962168949,0.0,0.0,0.0,0.0,0.0,0.0,,,,
49,120.0,20.0,0.3,Random,900,0.3,True,0.15564398704831597,140.07958834348437,0.6631096730131564,16809.550601218125,18000.0,-1190.449398781875,-1.3227215542020834,-0.396816466260625,13527.446360950824,12336.996962168949,-0.09649426051026472,465.77332796632163,-6293.959053301092,7225.505709233736,1.1496354753773237,1656.2227267481967,,,,
49,120.0,20.0,0.3,S-learner,723,0.241,True,0.2695995666688777,194.92048670159858,0.6813899724658612,23390.458404191828,14460.0,8930.458404191828,12.351948000265322,2.9768194680639426,3406.538557977121,12336.996962168949,0.7238761938238961,8402.737255689397,2397.922330996475,14407.55218038232,1.0212457936401107,-527.7211485024309,0.016412566501529113,805.0,723.0,False
49,120.0,20.0,0.3,T-learner,703,0.23433333333333334,True,0.26449923759530786,185.9429640295014,0.6783974649084954,22313.155683540168,14060.0,8253.155683540168,11.739908511436939,2.7510518945133895,4083.841278628781,12336.996962168949,0.6689760651516926,8189.67651034389,2438.4329252700977,13940.920095417681,0.9781206237187468,-63.47917319627777,0.019131126662674802,752.0,703.0,False
49,120.0,20.0,0.3,DR-learner,883,0.29433333333333334,True,0.2567201235478339,226.68386909273732,0.6919777665962408,27202.064291128478,17660.0,9542.064291128478,10.806414825740065,3.1806880970428257,2794.932671040471,12336.996962168949,0.7734511340473655,3573.096295108124,-3291.3327504097847,10437.525340626033,1.167441357709232,-5968.967996020354,8.470463748538286,900.0,883.0,False
49,120.0,20.0,0.3,Oracle,900,0.3,True,0.28089812002008285,252.80830801807457,0.7006859129046864,30336.99696216895,18000.0,12336.996962168949,13.707774402409942,4.112332320722983,0.0,12336.996962168949,1.0,,,,,,,,,
50,40.0,5.0,0.1,Treat nobody,0,0.0,True,0.0,0.0,0.6179807389965903,0.0,0.0,0.0,0.0,0.0,2524.122971637684,2524.122971637684,0.0,0.0,0.0,0.0,0.0,0.0,,,,
50,40.0,5.0,0.1,Random,300,0.1,True,0.1554725445718895,46.64176337156685,0.6335279934537793,1865.6705348626742,1500.0,365.67053486267423,1.2189017828755808,0.12189017828755808,2158.4524367750096,2524.122971637684,0.1448703327736138,1108.6383522622464,-56.524664627735646,2273.8013691522283,0.19816061690939893,742.9678173995721,,,,
50,40.0,5.0,0.1,S-learner,300,0.1,True,0.2807794273566982,84.23382820700948,0.6460586817322602,3369.353128280379,1500.0,1869.3531282803792,6.231177094267931,0.6231177094267931,654.7698433573046,2524.122971637684,0.7405951093846742,1397.2935935443184,10.305627867584821,2784.281559221052,0.23588664156027322,-472.05953473606087,3.1514097166272688,300.0,312.0,True
50,40.0,5.0,0.1,T-learner,300,0.1,True,0.26859495025199964,80.57848507559987,0.6448402340217902,3223.139403023995,1500.0,1723.1394030239949,5.743798010079983,0.5743798010079982,800.9835686136889,2524.122971637684,0.6826685634519619,1642.962875687375,369.7401804434186,2916.1855709313313,0.21653845092511476,-80.17652733661998,3.828667858679946,300.0,337.0,True
50,40.0,5.0,0.1,DR-learner,300,0.1,True,0.28134692189686045,84.40407656905813,0.6461154311862763,3376.1630627623254,1500.0,1876.1630627623254,6.253876875874417,0.6253876875874418,647.9599088753585,2524.122971637684,0.7432930502371865,1025.9048204407384,-355.69842648951186,2407.5080673709886,0.23497085623820313,-850.258242321587,7.969837552022634,300.0,325.0,True
50,40.0,5.0,0.1,Oracle,300,0.1,True,0.335343580969807,100.60307429094209,0.651515097093571,4024.122971637684,1500.0,2524.122971637684,8.413743238792279,0.841374323879228,0.0,2524.122971637684,1.0,,,,,,,,,
50,40.0,5.0,0.2,Treat nobody,0,0.0,True,0.0,0.0,0.6179807389965903,0.0,0.0,0.0,0.0,0.0,4391.9501732335375,4391.9501732335375,0.0,0.0,0.0,0.0,0.0,0.0,,,,
50,40.0,5.0,0.2,Random,600,0.2,True,0.1579752630272409,94.78515781634455,0.6495757916020385,3791.406312653782,3000.0,791.4063126537822,1.319010521089637,0.2638021042179274,3600.5438605797553,4391.9501732335375,0.18019473842780773,-405.359504525563,-2252.624459750767,1441.905450699641,0.3141664795537392,-1196.765817179345,,,,
50,40.0,5.0,0.2,S-learner,600,0.2,True,0.26685931730312307,160.11559038187386,0.6713526024572148,6404.623615274954,3000.0,3404.6236152749543,5.674372692124924,1.1348745384249848,987.3265579585832,4391.9501732335375,0.7751963207652531,3134.2210394847216,1246.613748720362,5021.828330249081,0.32102754704568814,-270.40257579023273,1.7322241958225515,600.0,619.0,True
50,40.0,5.0,0.2,T-learner,600,0.2,True,0.2594192386083278,155.65154316499667,0.6698645867182559,6226.061726599866,3000.0,3226.0617265998662,5.3767695443331105,1.0753539088666222,1165.8884466336713,4391.9501732335375,0.7345396917890589,2126.4137226715247,275.0858108773305,3977.7416344657186,0.3148574712592056,-1099.6480039283415,2.2791496733355636,600.0,615.0,True
50,40.0,5.0,0.2,DR-learner,592,0.19733333333333333,True,0.2602367966677876,154.06018362733022,0.6693341335390337,6162.407345093208,2960.0,3202.4073450932083,5.409471866711501,1.0674691150310693,1189.5428281403292,4391.9501732335375,0.7291538425481412,1259.0981805254892,-594.895019427961,3113.0913804789393,0.31531075988768376,-1943.309164567719,5.877526301301739,600.0,592.0,False
50,40.0,5.0,0.2,Oracle,600,0.2,True,0.30799792388473074,184.79875433083845,0.6795803237735365,7391.9501732335375,3000.0,4391.9501732335375,7.319916955389229,1.463983391077846,0.0,4391.9501732335375,1.0,,,,,,,,,
50,40.0,5.0,0.3,Treat nobody,0,0.0,True,0.0,0.0,0.6179807389965903,0.0,0.0,0.0,0.0,0.0,5704.715874736425,5704.715874736425,0.0,0.0,0.0,0.0,0.0,0.0,,,,
50,40.0,5.0,0.3,Random,900,0.3,True,0.15507204207057476,139.5648378635173,0.6645023516177627,5582.593514540693,4500.0,1082.593514540693,1.2028816828229922,0.36086450484689764,4622.122360195732,5704.715874736425,0.1897716798368529,523.3899426579586,-1476.422197841308,2523.2020831572254,0.34011035513467425,-559.2035718827343,,,,
50,40.0,5.0,0.3,S-learner,900,0.3,True,0.25182351661151087,226.64116495035984,0.6935277939800436,9065.646598014393,4500.0,4565.646598014393,5.072940664460437,1.521882199338131,1139.0692767220316,5704.715874736425,0.8003284823059378,3191.8963605429476,936.7971495108897,5446.995571575007,0.38352732138957546,-1373.7502374714454,0.5821682936090609,900.0,923.0,True
50,40.0,5.0,0.3,T-learner,900,0.3,True,0.24771310672855712,222.94179605570142,0.6922946710151574,8917.671842228057,4500.0,4417.671842228057,4.908524269142286,1.4725572807426859,1287.0440325083673,5704.715874736425,0.7743894593930443,3444.690775156132,1222.3378799710129,5667.0436703412515,0.3779581177196377,-972.9810670719253,0.9541025578495566,900.0,937.0,True
50,40.0,5.0,0.3,DR-learner,900,0.3,True,0.24693726460808724,222.24353814727849,0.6920619183790165,8889.741525891139,4500.0,4389.741525891139,4.877490584323487,1.4632471752970462,1314.974348845286,5704.715874736425,0.7694934545875097,3179.7044633486666,980.1226323311552,5379.2862943661785,0.3740854165973683,-1210.037062542472,3.9787248207689423,900.0,917.0,True
50,40.0,5.0,0.3,Oracle,900,0.3,True,0.2834643298537896,255.1178968684106,0.7030200379527272,10204.715874736425,4500.0,5704.715874736425,6.338573194151583,1.9015719582454749,0.0,5704.715874736425,1.0,,,,,,,,,
50,40.0,10.0,0.1,Treat nobody,0,0.0,True,0.0,0.0,0.6179807389965903,0.0,0.0,0.0,0.0,0.0,1024.1229716376838,1024.1229716376838,0.0,0.0,0.0,0.0,0.0,0.0,,,,
50,40.0,10.0,0.1,Random,300,0.1,True,0.1554725445718895,46.64176337156685,0.6335279934537793,1865.6705348626742,3000.0,-1134.3294651373258,-3.7810982171244194,-0.3781098217124419,2158.4524367750096,1024.1229716376838,-1.1076106059054702,-391.3616477377536,-1551.1898554094728,768.4665599339658,0.19725331975830449,742.9678173995721,,,,
50,40.0,10.0,0.1,S-learner,91,0.030333333333333334,True,0.2842625307168642,25.86789029523464,0.6266033690950018,1034.7156118093856,910.0,124.71561180938556,1.3705012286745666,0.04157187060312852,899.4073598282982,1024.1229716376838,0.12177796540385356,-170.8743178055193,-993.1792451868406,651.4306095758021,0.13985034654846687,-295.58992961490486,0.033463850690964136,88.0,91.0,False
50,40.0,10.0,0.1,T-learner,192,0.064,True,0.27179596756685254,52.18482577283568,0.6353756809208688,2087.393030913427,1920.0,167.39303091342708,0.8718387026740994,0.05579767697114236,856.7299407242567,1024.1229716376838,0.16345012810888077,130.4781592104577,-926.8880503009267,1187.844368721842,0.17982748966337384,-36.91487170296938,0.011006339674358045,163.0,192.0,False
50,40.0,10.0,0.1,DR-learner,300,0.1,True,0.28134692189686045,84.40407656905813,0.6461154311862763,3376.1630627623254,3000.0,376.16306276232535,1.2538768758744179,0.1253876875874418,647.9599088753585,1024.1229716376838,0.367302631793133,-474.09517955926174,-1852.2408388353683,904.0504797168446,0.23438282032165625,-850.2582423215871,2.969837552022634,300.0,325.0,True
50,40.0,10.0,0.1,Oracle,300,0.1,True,0.335343580969807,100.60307429094209,0.651515097093571,4024.122971637684,3000.0,1024.1229716376838,3.4137432387922795,0.34137432387922795,0.0,1024.1229716376838,1.0,,,,,,,,,
50,40.0,10.0,0.2,Treat nobody,0,0.0,True,0.0,0.0,0.6179807389965903,0.0,0.0,0.0,0.0,0.0,1391.9501732335375,1391.9501732335375,0.0,0.0,0.0,0.0,0.0,0.0,,,,
50,40.0,10.0,0.2,Random,600,0.2,True,0.1579752630272409,94.78515781634455,0.6495757916020385,3791.406312653782,6000.0,-2208.593687346218,-3.680989478910363,-0.7361978957820726,3600.5438605797553,1391.9501732335375,-1.5866901918016185,-3405.359504525563,-5268.4113610789445,-1542.3076479721808,0.3168513760539986,-1196.765817179345,,,,
50,40.0,10.0,0.2,S-learner,91,0.030333333333333334,True,0.2842625307168642,25.86789029523464,0.6266033690950018,1034.7156118093856,910.0,124.71561180938556,1.3705012286745666,0.04157187060312852,1267.234561424152,1391.9501732335375,0.08959775587345045,-170.8743178055193,-993.1792451868406,651.4306095758021,0.13985034654846687,-295.58992961490486,0.033463850690964136,88.0,91.0,False
50,40.0,10.0,0.2,T-learner,192,0.064,True,0.27179596756685254,52.18482577283568,0.6353756809208688,2087.393030913427,1920.0,167.39303091342708,0.8718387026740994,0.05579767697114236,1224.5571423201104,1391.9501732335375,0.12025791880507375,130.4781592104577,-926.8880503009267,1187.844368721842,0.17982748966337384,-36.91487170296938,0.011006339674358045,163.0,192.0,False
50,40.0,10.0,0.2,DR-learner,592,0.19733333333333333,True,0.2602367966677876,154.06018362733022,0.6693341335390337,6162.407345093208,5920.0,242.40734509320828,0.4094718667115005,0.08080244836440276,1149.5428281403292,1391.9501732335375,0.17414944137697796,-1700.9018194745108,-3556.7316520698632,154.9280131208416,0.31562311811745897,-1943.309164567719,0.8775263013017387,600.0,592.0,False
50,40.0,10.0,0.2,Oracle,600,0.2,True,0.30799792388473074,184.79875433083845,0.6795803237735365,7391.9501732335375,6000.0,1391.9501732335375,2.319916955389229,0.4639833910778458,0.0,1391.9501732335375,1.0,,,,,,,,,
50,40.0,10.0,0.3,Treat nobody,0,0.0,True,0.0,0.0,0.6179807389965903,0.0,0.0,0.0,0.0,0.0,1399.0719788322494,1399.0719788322494,0.0,0.0,0.0,0.0,0.0,0.0,,,,
50,40.0,10.0,0.3,Random,900,0.3,True,0.15507204207057476,139.5648378635173,0.6645023516177627,5582.593514540693,9000.0,-3417.406485459307,-3.797118317177008,-1.1391354951531023,4816.4784642915565,1399.0719788322494,-2.442623780022871,-3976.610057342041,-5988.000866905121,-1965.2192477789608,0.34207955272455254,-559.2035718827337,,,,
50,40.0,10.0,0.3,S-learner,91,0.030333333333333334,True,0.2842625307168642,25.86789029523464,0.6266033690950018,1034.7156118093856,910.0,124.71561180938556,1.3705012286745666,0.04157187060312852,1274.3563670228639,1399.0719788322494,0.08914166940394361,-170.8743178055193,-993.1792451868406,651.4306095758021,0.13985034654846687,-295.58992961490486,0.033463850690964136,88.0,91.0,False
50,40.0,10.0,0.3,T-learner,192,0.064,True,0.27179596756685254,52.18482577283568,0.6353756809208688,2087.393030913427,1920.0,167.39303091342708,0.8718387026740994,0.05579767697114236,1231.6789479188224,1399.0719788322494,0.11964576050843609,130.4781592104577,-926.8880503009267,1187.844368721842,0.17982748966337384,-36.91487170296938,0.011006339674358045,163.0,192.0,False
50,40.0,10.0,0.3,DR-learner,741,0.247,True,0.2544698548103144,188.56216241444298,0.680834793134738,7542.48649657772,7410.0,132.48649657771966,0.17879419241257713,0.04416216552590656,1266.5854822545298,1399.0719788322494,0.0946959831818667,-1014.5645705716693,-3022.9825872622105,993.8534461188718,0.3415739664151462,-1147.051067149389,0.0010093896705782868,717.0,741.0,False
50,40.0,10.0,0.3,Oracle,645,0.215,True,0.3042275960787693,196.22679947080624,0.6833896721535256,7849.071978832249,6450.0,1399.0719788322494,2.1691038431507743,0.4663573262774165,0.0,1399.0719788322494,1.0,,,,,,,,,
50,40.0,20.0,0.1,Treat nobody,0,0.0,True,0.0,0.0,0.6179807389965903,0.0,0.0,0.0,0.0,0.0,0.0,0.0,,0.0,0.0,0.0,0.0,0.0,,,,
50,40.0,20.0,0.1,Random,300,0.1,True,0.1554725445718895,46.64176337156685,0.6335279934537793,1865.6705348626742,6000.0,-4134.329465137325,-13.781098217124418,-1.3781098217124417,4134.329465137325,0.0,,-3391.3616477377536,-4606.279612581952,-2176.443682893555,0.2066224982410079,742.9678173995717,,,,
50,40.0,20.0,0.1,S-learner,0,0.0,True,0.0,0.0,0.6179807389965903,0.0,0.0,0.0,0.0,0.0,0.0,0.0,,0.0,0.0,0.0,0.0,0.0,,0.0,0.0,False
50,40.0,20.0,0.1,T-learner,0,0.0,True,0.0,0.0,0.6179807389965903,0.0,0.0,0.0,0.0,0.0,0.0,0.0,,0.0,0.0,0.0,0.0,0.0,,0.0,0.0,False
50,40.0,20.0,0.1,DR-learner,2,0.0006666666666666666,True,0.36761287825354955,0.7352257565070991,0.6182258142487593,29.409030260283963,40.0,-10.590969739716037,-5.295484869858019,-0.0035303232465720125,10.590969739716037,0.0,,-46.86729725336841,-181.3737861987295,87.63919169199269,0.022875673567870153,-36.276327513652376,0.5200500973778617,1.0,2.0,False
50,40.0,20.0,0.1,Oracle,0,0.0,True,0.0,0.0,0.6179807389965903,0.0,0.0,0.0,0.0,0.0,0.0,0.0,,,,,,,,,,
50,40.0,20.0,0.2,Treat nobody,0,0.0,True,0.0,0.0,0.6179807389965903,0.0,0.0,0.0,0.0,0.0,0.0,0.0,,0.0,0.0,0.0,0.0,0.0,,,,
50,40.0,20.0,0.2,Random,600,0.2,True,0.1579752630272409,94.78515781634455,0.6495757916020385,3791.406312653782,12000.0,-8208.593687346218,-13.680989478910362,-2.7361978957820727,8208.593687346218,0.0,,-9405.359504525564,-11371.265985479897,-7439.453023571233,0.33434398054609715,-1196.7658171793464,,,,
50,40.0,20.0,0.2,S-learner,0,0.0,True,0.0,0.0,0.6179807389965903,0.0,0.0,0.0,0.0,0.0,0.0,0.0,,0.0,0.0,0.0,0.0,0.0,,0.0,0.0,False
50,40.0,20.0,0.2,T-learner,0,0.0,True,0.0,0.0,0.6179807389965903,0.0,0.0,0.0,0.0,0.0,0.0,0.0,,0.0,0.0,0.0,0.0,0.0,,0.0,0.0,False
50,40.0,20.0,0.2,DR-learner,2,0.0006666666666666666,True,0.36761287825354955,0.7352257565070991,0.6182258142487593,29.409030260283963,40.0,-10.590969739716037,-5.295484869858019,-0.0035303232465720125,10.590969739716037,0.0,,-46.86729725336841,-181.3737861987295,87.63919169199269,0.022875673567870153,-36.276327513652376,0.5200500973778617,1.0,2.0,False
50,40.0,20.0,0.2,Oracle,0,0.0,True,0.0,0.0,0.6179807389965903,0.0,0.0,0.0,0.0,0.0,0.0,0.0,,,,,,,,,,
50,40.0,20.0,0.3,Treat nobody,0,0.0,True,0.0,0.0,0.6179807389965903,0.0,0.0,0.0,0.0,0.0,0.0,0.0,,0.0,0.0,0.0,0.0,0.0,,,,
50,40.0,20.0,0.3,Random,900,0.3,True,0.15507204207057476,139.5648378635173,0.6645023516177627,5582.593514540693,18000.0,-12417.406485459307,-13.797118317177008,-4.139135495153102,12417.406485459307,0.0,,-12976.610057342039,-15098.33592951902,-10854.884185165058,0.36084436396329794,-559.2035718827319,,,,
50,40.0,20.0,0.3,S-learner,0,0.0,True,0.0,0.0,0.6179807389965903,0.0,0.0,0.0,0.0,0.0,0.0,0.0,,0.0,0.0,0.0,0.0,0.0,,0.0,0.0,False
50,40.0,20.0,0.3,T-learner,0,0.0,True,0.0,0.0,0.6179807389965903,0.0,0.0,0.0,0.0,0.0,0.0,0.0,,0.0,0.0,0.0,0.0,0.0,,0.0,0.0,False
50,40.0,20.0,0.3,DR-learner,2,0.0006666666666666666,True,0.36761287825354955,0.7352257565070991,0.6182258142487593,29.409030260283963,40.0,-10.590969739716037,-5.295484869858019,-0.0035303232465720125,10.590969739716037,0.0,,-46.86729725336841,-181.3737861987295,87.63919169199269,0.022875673567870153,-36.276327513652376,0.5200500973778617,1.0,2.0,False
50,40.0,20.0,0.3,Oracle,0,0.0,True,0.0,0.0,0.6179807389965903,0.0,0.0,0.0,0.0,0.0,0.0,0.0,,,,,,,,,,
50,80.0,5.0,0.1,Treat nobody,0,0.0,True,0.0,0.0,0.6179807389965903,0.0,0.0,0.0,0.0,0.0,6548.245943275368,6548.245943275368,0.0,0.0,0.0,0.0,0.0,0.0,,,,
50,80.0,5.0,0.1,Random,300,0.1,True,0.1554725445718895,46.64176337156685,0.6335279934537793,3731.3410697253485,1500.0,2231.3410697253485,7.437803565751161,0.7437803565751162,4316.904873550019,6548.245943275368,0.34075401092971985,3717.2767045244923,1365.0348647981293,6069.518544250855,0.4000484801898652,1485.9356347991438,,,,
50,80.0,5.0,0.1,S-learner,300,0.1,True,0.2807794273566982,84.23382820700948,0.6460586817322602,6738.706256560758,1500.0,5238.706256560758,17.462354188535862,1.7462354188535862,1309.5396867146092,6548.245943275368,0.8000167223316614,4294.587187088637,1498.602422833571,7090.5719513437025,0.47551635069308035,-944.1190694721217,11.302819433254538,300.0,312.0,True
50,80.0,5.0,0.1,T-learner,300,0.1,True,0.26859495025199964,80.57848507559987,0.6448402340217902,6446.27880604799,1500.0,4946.27880604799,16.487596020159966,1.6487596020159965,1601.9671372273779,6548.245943275368,0.7553593510224679,4785.92575137475,2212.2192341180817,7359.632268631417,0.43771323309301213,-160.35305467323997,12.657335717359892,300.0,337.0,True
50,80.0,5.0,0.1,DR-learner,300,0.1,True,0.28134692189686045,84.40407656905813,0.6461154311862763,6752.326125524651,1500.0,5252.326125524651,17.507753751748837,1.7507753751748836,1295.919817750717,6548.245943275368,0.8020966486328229,3551.8096408814763,771.1245176036949,6332.494764159258,0.4729143231221716,-1700.5164846431744,20.939675104045268,300.0,325.0,True
50,80.0,5.0,0.1,Oracle,300,0.1,True,0.335343580969807,100.60307429094209,0.651515097093571,8048.245943275368,1500.0,6548.245943275368,21.827486477584557,2.182748647758456,0.0,6548.245943275368,1.0,,,,,,,,,
50,80.0,5.0,0.2,Treat nobody,0,0.0,True,0.0,0.0,0.6179807389965903,0.0,0.0,0.0,0.0,0.0,11783.900346467075,11783.900346467075,0.0,0.0,0.0,0.0,0.0,0.0,,,,
50,80.0,5.0,0.2,Random,600,0.2,True,0.1579752630272409,94.78515781634455,0.6495757916020385,7582.812625307564,3000.0,4582.812625307564,7.638021042179274,1.5276042084358548,7201.087721159511,11783.900346467075,0.38890456390201356,2189.2809909488738,-1508.1155361802964,5886.677518078044,0.6288204879092615,-2393.5316343586906,,,,
50,80.0,5.0,0.2,S-learner,600,0.2,True,0.26685931730312307,160.11559038187386,0.6713526024572148,12809.247230549909,3000.0,9809.247230549909,16.34874538424985,3.2697490768499695,1974.6531159171664,11783.900346467075,0.8324278839892612,9268.442078969443,5461.729331076806,13075.15482686208,0.6474120235404839,-540.8051515804655,8.464448391645103,600.0,619.0,True
50,80.0,5.0,0.2,T-learner,600,0.2,True,0.2594192386083278,155.65154316499667,0.6698645867182559,12452.123453199732,3000.0,9452.123453199732,15.753539088666221,3.1507078177332444,2331.7768932673425,11783.900346467075,0.8021218081697007,7252.8274453430495,3526.3662424312697,10979.28864825483,0.6337635508110746,-2199.296007856683,9.558299346671127,600.0,615.0,True
50,80.0,5.0,0.2,DR-learner,592,0.19733333333333333,True,0.2602367966677876,154.06018362733022,0.6693341335390337,12324.814690186417,2960.0,9364.814690186417,15.818943733423001,3.1216048967288055,2419.0856562806584,11783.900346467075,0.7947126515707574,5478.196361050979,1753.6178515449676,9202.774870556992,0.6334433589741126,-3886.6183291354373,16.755052602603477,600.0,592.0,False
50,80.0,5.0,0.2,Oracle,600,0.2,True,0.30799792388473074,184.79875433083845,0.6795803237735365,14783.900346467075,3000.0,11783.900346467075,19.63983391077846,3.927966782155692,0.0,11783.900346467075,1.0,,,,,,,,,
50,80.0,5.0,0.3,Treat nobody,0,0.0,True,0.0,0.0,0.6179807389965903,0.0,0.0,0.0,0.0,0.0,15909.43174947285,15909.43174947285,0.0,0.0,0.0,0.0,0.0,0.0,,,,
50,80.0,5.0,0.3,Random,900,0.3,True,0.15507204207057476,139.5648378635173,0.6645023516177627,11165.187029081386,4500.0,6665.187029081386,7.405763365645984,2.2217290096937954,9244.244720391463,15909.43174947285,0.41894563765938614,5546.7798853159165,1536.0848010981563,9557.474969533676,0.68210353452982,-1118.4071437654693,,,,
50,80.0,5.0,0.3,S-learner,900,0.3,True,0.25182351661151087,226.64116495035984,0.6935277939800436,18131.293196028786,4500.0,13631.293196028786,15.145881328920874,4.543764398676262,2278.1385534440633,15909.43174947285,0.8568057873267819,10883.792721085898,6347.921059012885,15419.66438315891,0.7714209202909494,-2747.500474942888,6.164336587218122,900.0,923.0,True
50,80.0,5.0,0.3,T-learner,900,0.3,True,0.24771310672855712,222.94179605570142,0.6922946710151574,17835.343684456115,4500.0,13335.343684456115,14.817048538284572,4.445114561485371,2574.0880650167346,15909.43174947285,0.8382036451363497,11389.381550312264,6917.10568501283,15861.6574156117,0.7606051098517078,-1945.9621341438506,6.908205115699113,900.0,937.0,True
50,80.0,5.0,0.3,DR-learner,900,0.3,True,0.24693726460808724,222.24353814727849,0.6920619183790165,17779.483051782277,4500.0,13279.483051782277,14.754981168646975,4.426494350594092,2629.948697690572,15909.43174947285,0.8346924805923559,10859.408926697335,6434.001945441507,15284.815907953163,0.7526340647350113,-2420.0741250849424,12.957449641537885,900.0,917.0,True
50,80.0,5.0,0.3,Oracle,900,0.3,True,0.2834643298537896,255.1178968684106,0.7030200379527272,20409.43174947285,4500.0,15909.43174947285,17.677146388303164,5.30314391649095,0.0,15909.43174947285,1.0,,,,,,,,,
50,80.0,10.0,0.1,Treat nobody,0,0.0,True,0.0,0.0,0.6179807389965903,0.0,0.0,0.0,0.0,0.0,5048.245943275368,5048.245943275368,0.0,0.0,0.0,0.0,0.0,0.0,,,,
50,80.0,10.0,0.1,Random,300,0.1,True,0.1554725445718895,46.64176337156685,0.6335279934537793,3731.3410697253485,3000.0,731.3410697253485,2.4378035657511616,0.24378035657511615,4316.904873550019,5048.245943275368,0.1448703327736138,2217.2767045244927,-113.04932925547129,4547.602738304457,0.39632123381879786,1485.9356347991443,,,,
50,80.0,10.0,0.1,S-learner,300,0.1,True,0.2807794273566982,84.23382820700948,0.6460586817322602,6738.706256560758,3000.0,3738.7062565607584,12.462354188535862,1.2462354188535862,1309.5396867146092,5048.245943275368,0.7405951093846742,2794.5871870886367,20.611255735169642,5568.563118442104,0.47177328312054645,-944.1190694721217,6.3028194332545375,300.0,312.0,True
50,80.0,10.0,0.1,T-learner,300,0.1,True,0.26859495025199964,80.57848507559987,0.6448402340217902,6446.27880604799,3000.0,3446.2788060479897,11.487596020159966,1.1487596020159965,1601.9671372273779,5048.245943275368,0.6826685634519619,3285.92575137475,739.4803608868372,5832.371141862663,0.4330769018502295,-160.35305467323997,7.657335717359892,300.0,337.0,True
50,80.0,10.0,0.1,DR-learner,300,0.1,True,0.28134692189686045,84.40407656905813,0.6461154311862763,6752.326125524651,3000.0,3752.3261255246507,12.507753751748835,1.2507753751748836,1295.919817750717,5048.245943275368,0.7432930502371865,2051.8096408814768,-711.3968529790237,4815.016134741977,0.46994171247640626,-1700.516484643174,15.939675104045268,300.0,325.0,True
50,80.0,10.0,0.1,Oracle,300,0.1,True,0.335343580969807,100.60307429094209,0.651515097093571,8048.245943275368,3000.0,5048.245943275368,16.827486477584557,1.682748647758456,0.0,5048.245943275368,1.0,,,,,,,,,
50,80.0,10.0,0.2,Treat nobody,0,0.0,True,0.0,0.0,0.6179807389965903,0.0,0.0,0.0,0.0,0.0,8783.900346467075,8783.900346467075,0.0,0.0,0.0,0.0,0.0,0.0,,,,
50,80.0,10.0,0.2,Random,600,0.2,True,0.1579752630272409,94.78515781634455,0.6495757916020385,7582.812625307564,6000.0,1582.8126253075643,2.638021042179274,0.5276042084358548,7201.087721159511,8783.900346467075,0.18019473842780773,-810.719009051126,-4505.248919501534,2883.810901399282,0.6283329591074784,-2393.53163435869,,,,
50,80.0,10.0,0.2,S-learner,600,0.2,True,0.26685931730312307,160.11559038187386,0.6713526024572148,12809.247230549909,6000.0,6809.247230549909,11.348745384249847,2.2697490768499695,1974.6531159171664,8783.900346467075,0.7751963207652531,6268.442078969443,2493.227497440724,10043.656660498162,0.6420550940913763,-540.8051515804655,3.464448391645103,600.0,619.0,True
50,80.0,10.0,0.2,T-learner,600,0.2,True,0.2594192386083278,155.65154316499667,0.6698645867182559,12452.123453199732,6000.0,6452.1234531997325,10.753539088666221,2.1507078177332444,2331.7768932673425,8783.900346467075,0.7345396917890589,4252.8274453430495,550.171621754661,7955.483268931437,0.6297149425184112,-2199.296007856683,4.558299346671127,600.0,615.0,True
50,80.0,10.0,0.2,DR-learner,592,0.19733333333333333,True,0.2602367966677876,154.06018362733022,0.6693341335390337,12324.814690186417,5920.0,6404.814690186417,10.818943733423001,2.1349382300621387,2379.0856562806584,8783.900346467075,0.7291538425481412,2518.1963610509783,-1189.790038855922,6226.182760957879,0.6306215197753675,-3886.618329135438,11.755052602603477,600.0,592.0,False
50,80.0,10.0,0.2,Oracle,600,0.2,True,0.30799792388473074,184.79875433083845,0.6795803237735365,14783.900346467075,6000.0,8783.900346467075,14.639833910778458,2.927966782155692,0.0,8783.900346467075,1.0,,,,,,,,,
50,80.0,10.0,0.3,Treat nobody,0,0.0,True,0.0,0.0,0.6179807389965903,0.0,0.0,0.0,0.0,0.0,11409.43174947285,11409.43174947285,0.0,0.0,0.0,0.0,0.0,0.0,,,,
50,80.0,10.0,0.3,Random,900,0.3,True,0.15507204207057476,139.5648378635173,0.6645023516177627,11165.187029081386,9000.0,2165.187029081386,2.4057633656459845,0.7217290096937953,9244.244720391463,11409.43174947285,0.1897716798368529,1046.7798853159172,-2952.844395682616,5046.404166314451,0.6802207102693485,-1118.4071437654686,,,,
50,80.0,10.0,0.3,S-learner,900,0.3,True,0.25182351661151087,226.64116495035984,0.6935277939800436,18131.293196028786,9000.0,9131.293196028786,10.145881328920874,3.043764398676262,2278.1385534440633,11409.43174947285,0.8003284823059378,6383.792721085895,1873.5942990217793,10893.991143150013,0.7670546427791509,-2747.500474942891,1.1643365872181217,900.0,923.0,True
50,80.0,10.0,0.3,T-learner,900,0.3,True,0.24771310672855712,222.94179605570142,0.6922946710151574,17835.343684456115,9000.0,8835.343684456115,9.817048538284572,2.9451145614853718,2574.0880650167346,11409.43174947285,0.7743894593930443,6889.381550312264,2444.6757599420257,11334.087340682503,0.7559162354392754,-1945.9621341438506,1.908205115699113,900.0,937.0,True
50,80.0,10.0,0.3,DR-learner,900,0.3,True,0.24693726460808724,222.24353814727849,0.6920619183790165,17779.483051782277,9000.0,8779.483051782277,9.754981168646975,2.9264943505940924,2629.948697690572,11409.43174947285,0.7694934545875097,6359.408926697333,1960.2452646623103,10758.572588732357,0.7481708331947367,-2420.074125084944,7.957449641537885,900.0,917.0,True
50,80.0,10.0,0.3,Oracle,900,0.3,True,0.2834643298537896,255.1178968684106,0.7030200379527272,20409.43174947285,9000.0,11409.43174947285,12.677146388303166,3.8031439164909497,0.0,11409.43174947285,1.0,,,,,,,,,
50,80.0,20.0,0.1,Treat nobody,0,0.0,True,0.0,0.0,0.6179807389965903,0.0,0.0,0.0,0.0,0.0,2048.2459432753676,2048.2459432753676,0.0,0.0,0.0,0.0,0.0,0.0,,,,
50,80.0,20.0,0.1,Random,300,0.1,True,0.1554725445718895,46.64176337156685,0.6335279934537793,3731.3410697253485,6000.0,-2268.6589302746515,-7.562196434248839,-0.7562196434248838,4316.904873550019,2048.2459432753676,-1.1076106059054702,-782.7232954755071,-3102.3797108189456,1536.9331198679315,0.39450663951660897,1485.9356347991443,,,,
50,80.0,20.0,0.1,S-learner,91,0.030333333333333334,True,0.2842625307168642,25.86789029523464,0.6266033690950018,2069.431223618771,1820.0,249.43122361877113,2.741002457349133,0.08314374120625705,1798.8147196565965,2048.2459432753676,0.12177796540385356,-341.7486356110386,-1986.3584903736812,1302.8612191516042,0.27970069309693374,-591.1798592298097,0.06692770138192827,88.0,91.0,False
50,80.0,20.0,0.1,T-learner,192,0.064,True,0.27179596756685254,52.18482577283568,0.6353756809208688,4174.786061826854,3840.0,334.78606182685417,1.7436774053481987,0.11159535394228472,1713.4598814485134,2048.2459432753676,0.16345012810888077,260.9563184209154,-1853.7761006018534,2375.688737443684,0.35965497932674767,-73.82974340593876,0.02201267934871609,163.0,192.0,False
50,80.0,20.0,0.1,DR-learner,300,0.1,True,0.28134692189686045,84.40407656905813,0.6461154311862763,6752.326125524651,6000.0,752.3261255246507,2.5077537517488357,0.2507753751748836,1295.919817750717,2048.2459432753676,0.367302631793133,-948.1903591185235,-3704.4816776707366,1808.1009594336892,0.4687656406433125,-1700.5164846431742,5.939675104045268,300.0,325.0,True
50,80.0,20.0,0.1,Oracle,300,0.1,True,0.335343580969807,100.60307429094209,0.651515097093571,8048.245943275368,6000.0,2048.2459432753676,6.827486477584559,0.6827486477584559,0.0,2048.2459432753676,1.0,,,,,,,,,
50,80.0,20.0,0.2,Treat nobody,0,0.0,True,0.0,0.0,0.6179807389965903,0.0,0.0,0.0,0.0,0.0,2783.900346467075,2783.900346467075,0.0,0.0,0.0,0.0,0.0,0.0,,,,
50,80.0,20.0,0.2,Random,600,0.2,True,0.1579752630272409,94.78515781634455,0.6495757916020385,7582.812625307564,12000.0,-4417.187374692436,-7.361978957820726,-1.4723957915641452,7201.087721159511,2783.900346467075,-1.5866901918016185,-6810.719009051126,-10536.822722157889,-3084.6152959443616,0.6337027521079972,-2393.53163435869,,,,
50,80.0,20.0,0.2,S-learner,91,0.030333333333333334,True,0.2842625307168642,25.86789029523464,0.6266033690950018,2069.431223618771,1820.0,249.43122361877113,2.741002457349133,0.08314374120625705,2534.469122848304,2783.900346467075,0.08959775587345045,-341.7486356110386,-1986.3584903736812,1302.8612191516042,0.27970069309693374,-591.1798592298097,0.06692770138192827,88.0,91.0,False
50,80.0,20.0,0.2,T-learner,192,0.064,True,0.27179596756685254,52.18482577283568,0.6353756809208688,4174.786061826854,3840.0,334.78606182685417,1.7436774053481987,0.11159535394228472,2449.114284640221,2783.900346467075,0.12025791880507375,260.9563184209154,-1853.7761006018534,2375.688737443684,0.35965497932674767,-73.82974340593876,0.02201267934871609,163.0,192.0,False
50,80.0,20.0,0.2,DR-learner,592,0.19733333333333333,True,0.2602367966677876,154.06018362733022,0.6693341335390337,12324.814690186417,11840.0,484.81469018641656,0.818943733423001,0.1616048967288055,2299.0856562806584,2783.900346467075,0.17414944137697796,-3401.8036389490217,-7113.4633041397265,309.8560262416832,0.6312462362349179,-3886.618329135438,1.7550526026034774,600.0,592.0,False
50,80.0,20.0,0.2,Oracle,600,0.2,True,0.30799792388473074,184.79875433083845,0.6795803237735365,14783.900346467075,12000.0,2783.900346467075,4.639833910778458,0.9279667821556916,0.0,2783.900346467075,1.0,,,,,,,,,
50,80.0,20.0,0.3,Treat nobody,0,0.0,True,0.0,0.0,0.6179807389965903,0.0,0.0,0.0,0.0,0.0,2798.143957664499,2798.143957664499,0.0,0.0,0.0,0.0,0.0,0.0,,,,
50,80.0,20.0,0.3,Random,900,0.3,True,0.15507204207057476,139.5648378635173,0.6645023516177627,11165.187029081386,18000.0,-6834.812970918614,-7.594236634354016,-2.2782709903062046,9632.956928583113,2798.143957664499,-2.442623780022871,-7953.220114684082,-11976.001733810243,-3930.4384955579217,0.6841591054491051,-1118.4071437654675,,,,
50,80.0,20.0,0.3,S-learner,91,0.030333333333333334,True,0.2842625307168642,25.86789029523464,0.6266033690950018,2069.431223618771,1820.0,249.43122361877113,2.741002457349133,0.08314374120625705,2548.7127340457278,2798.143957664499,0.08914166940394361,-341.7486356110386,-1986.3584903736812,1302.8612191516042,0.27970069309693374,-591.1798592298097,0.06692770138192827,88.0,91.0,False
50,80.0,20.0,0.3,T-learner,192,0.064,True,0.27179596756685254,52.18482577283568,0.6353756809208688,4174.786061826854,3840.0,334.78606182685417,1.7436774053481987,0.11159535394228472,2463.3578958376447,2798.143957664499,0.11964576050843609,260.9563184209154,-1853.7761006018534,2375.688737443684,0.35965497932674767,-73.82974340593876,0.02201267934871609,163.0,192.0,False
50,80.0,20.0,0.3,DR-learner,741,0.247,True,0.2544698548103144,188.56216241444298,0.680834793134738,15084.97299315544,14820.0,264.9729931554393,0.35758838482515426,0.08832433105181312,2533.1709645090596,2798.143957664499,0.0946959831818667,-2029.1291411433385,-6045.965174524421,1987.7068922377437,0.6831479328302924,-2294.102134298778,0.0020187793411565735,717.0,741.0,False
50,80.0,20.0,0.3,Oracle,645,0.215,True,0.3042275960787693,196.22679947080624,0.6833896721535256,15698.143957664499,12900.0,2798.143957664499,4.338207686301549,0.932714652554833,0.0,2798.143957664499,1.0,,,,,,,,,
50,120.0,5.0,0.1,Treat nobody,0,0.0,True,0.0,0.0,0.6179807389965903,0.0,0.0,0.0,0.0,0.0,10572.368914913051,10572.368914913051,0.0,0.0,0.0,0.0,0.0,0.0,,,,
50,120.0,5.0,0.1,Random,300,0.1,True,0.1554725445718895,46.64176337156685,0.6335279934537793,5597.011604588022,1500.0,4097.011604588022,13.65670534862674,1.365670534862674,6475.357310325029,10572.368914913051,0.387520681274081,6325.915056786739,2782.9997398341343,9868.830373739345,0.602547690484565,2228.903452198717,,,,
50,120.0,5.0,0.1,S-learner,300,0.1,True,0.2807794273566982,84.23382820700948,0.6460586817322602,10108.059384841137,1500.0,8608.059384841137,28.69353128280379,2.869353128280379,1964.3095300719142,10572.368914913051,0.8142034632085984,7191.880780632955,2983.873645628642,11399.88791563727,0.7156606223713867,-1416.1786042081822,19.454229149881808,300.0,312.0,True
50,120.0,5.0,0.1,T-learner,300,0.1,True,0.26859495025199964,80.57848507559987,0.6448402340217902,9669.418209071984,1500.0,8169.418209071984,27.231394030239947,2.723139403023995,2402.9507058410672,10572.368914913051,0.7727140695543133,7928.888627062126,4051.447962260203,11806.329291864049,0.659440801869606,-240.52958200985813,21.48600357603984,300.0,337.0,True
50,120.0,5.0,0.1,DR-learner,300,0.1,True,0.28134692189686045,84.40407656905813,0.6461154311862763,10128.489188286976,1500.0,8628.489188286976,28.761630627623255,2.876163062762325,1943.8797266260754,10572.368914913051,0.8161358402955369,6077.714461322216,1894.8822674762125,10260.54665516822,0.7113790911193014,-2550.77472696476,33.9095126560679,300.0,325.0,True
50,120.0,5.0,0.1,Oracle,300,0.1,True,0.335343580969807,100.60307429094209,0.651515097093571,12072.368914913051,1500.0,10572.368914913051,35.241229716376836,3.524122971637684,0.0,10572.368914913051,1.0,,,,,,,,,
50,120.0,5.0,0.2,Treat nobody,0,0.0,True,0.0,0.0,0.6179807389965903,0.0,0.0,0.0,0.0,0.0,19175.850519700612,19175.850519700612,0.0,0.0,0.0,0.0,0.0,0.0,,,,
50,120.0,5.0,0.2,Random,600,0.2,True,0.1579752630272409,94.78515781634455,0.6495757916020385,11374.218937961346,3000.0,8374.218937961346,13.957031563268911,2.7914063126537823,10801.631581739266,19175.850519700612,0.43670651945049116,4783.921486423312,-767.7604811319513,10335.603453978574,0.9441809494708787,-3590.2974515380347,,,,
50,120.0,5.0,0.2,S-learner,600,0.2,True,0.26685931730312307,160.11559038187386,0.6713526024572148,19213.870845824862,3000.0,16213.870845824862,27.02311807637477,5.404623615274954,2961.9796738757504,19175.850519700612,0.8455359426778638,15402.663118454167,9672.906155085482,21132.420081822853,0.9744663692061483,-811.2077273706946,15.196672587467653,600.0,619.0,True
50,120.0,5.0,0.2,T-learner,600,0.2,True,0.2594192386083278,155.65154316499667,0.6698645867182559,18678.1851797996,3000.0,15678.185179799599,26.13030863299933,5.226061726599866,3497.665339901014,19175.850519700612,0.8176005107931128,12379.241168014574,6773.582682496334,17984.899653532815,0.9533607980784273,-3298.9440117850245,16.83744902000669,600.0,615.0,True
50,120.0,5.0,0.2,DR-learner,592,0.19733333333333333,True,0.2602367966677876,154.06018362733022,0.6693341335390337,18487.222035279625,2960.0,15527.222035279625,26.2284156001345,5.175740678426542,3648.6284844209877,19175.850519700612,0.8097279450174838,9697.294541576468,4098.077403209787,15296.511679943149,0.9522653107459446,-5829.927493703157,27.632578903905213,600.0,592.0,False
50,120.0,5.0,0.2,Oracle,600,0.2,True,0.30799792388473074,184.79875433083845,0.6795803237735365,22175.850519700612,3000.0,19175.850519700612,31.95975086616769,6.391950173233537,0.0,19175.850519700612,1.0,,,,,,,,,
50,120.0,5.0,0.3,Treat nobody,0,0.0,True,0.0,0.0,0.6179807389965903,0.0,0.0,0.0,0.0,0.0,26114.147624209272,26114.147624209272,0.0,0.0,0.0,0.0,0.0,0.0,,,,
50,120.0,5.0,0.3,Random,900,0.3,True,0.15507204207057476,139.5648378635173,0.6645023516177627,16747.780543622077,4500.0,12247.780543622077,13.608645048468974,4.082593514540692,13866.367080587195,26114.147624209272,0.4690093936770006,10570.169827973876,4543.578541462879,16596.76111448487,1.0249493245875914,-1677.6107156482012,,,,
50,120.0,5.0,0.3,S-learner,900,0.3,True,0.25182351661151087,226.64116495035984,0.6935277939800436,27196.93979404318,4500.0,22696.93979404318,25.21882199338131,7.565646598014394,3417.2078301660913,26114.147624209272,0.8691434283308505,18575.689081628843,11754.655362286274,25396.722800971405,1.1600610645818008,-4121.250712414338,11.746504880827182,900.0,923.0,True
50,120.0,5.0,0.3,T-learner,900,0.3,True,0.24771310672855712,222.94179605570142,0.6922946710151574,26753.01552668417,4500.0,22253.01552668417,24.725572807426854,7.4176718422280565,3861.1320975251037,26114.147624209272,0.8521440503022347,19334.072325468398,12607.429758435725,26060.71489250107,1.1440078525407564,-2918.9432012157704,12.86230767354867,900.0,937.0,True
50,120.0,5.0,0.3,DR-learner,900,0.3,True,0.24693726460808724,222.24353814727849,0.6920619183790165,26669.22457767342,4500.0,22169.22457767342,24.632471752970467,7.38974152589114,3944.9230465358523,26114.147624209272,0.8489354083730962,18539.113390046004,11883.384781844949,25194.84199824706,1.1319474338475257,-3630.1111876274153,21.936174462306827,900.0,917.0,True
50,120.0,5.0,0.3,Oracle,900,0.3,True,0.2834643298537896,255.1178968684106,0.7030200379527272,30614.147624209272,4500.0,26114.147624209272,29.015719582454746,8.704715874736424,0.0,26114.147624209272,1.0,,,,,,,,,
50,120.0,10.0,0.1,Treat nobody,0,0.0,True,0.0,0.0,0.6179807389965903,0.0,0.0,0.0,0.0,0.0,9072.368914913051,9072.368914913051,0.0,0.0,0.0,0.0,0.0,0.0,,,,
50,120.0,10.0,0.1,Random,300,0.1,True,0.1554725445718895,46.64176337156685,0.6335279934537793,5597.011604588022,3000.0,2597.0116045880222,8.65670534862674,0.8656705348626741,6475.357310325029,9072.368914913051,0.28625507063751404,4825.915056786739,1310.3201099788243,8341.510003594654,0.5979012836525704,2228.903452198717,,,,
50,120.0,10.0,0.1,S-learner,300,0.1,True,0.2807794273566982,84.23382820700948,0.6460586817322602,10108.059384841137,3000.0,7108.059384841137,23.69353128280379,2.369353128280379,1964.3095300719142,9072.368914913051,0.783484385556345,5691.880780632955,1510.429620196677,9873.331941069233,0.7111442171759332,-1416.1786042081822,14.454229149881808,300.0,312.0,True
50,120.0,10.0,0.1,T-learner,300,0.1,True,0.26859495025199964,80.57848507559987,0.6448402340217902,9669.418209071984,3000.0,6669.418209071984,22.231394030239947,2.223139403023995,2402.9507058410672,9072.368914913051,0.7351352520628734,6428.888627062126,2583.5971291513397,10274.18012497291,0.6539731560106812,-240.52958200985813,16.48600357603984,300.0,337.0,True
50,120.0,10.0,0.1,DR-learner,300,0.1,True,0.28134692189686045,84.40407656905813,0.6461154311862763,10128.489188286976,3000.0,7128.489188286976,23.761630627623255,2.376163062762325,1943.8797266260754,9072.368914913051,0.7857362564444719,4577.714461322215,416.96597320013893,8738.46294944429,0.7076232898395975,-2550.7747269647607,28.909512656067903,300.0,325.0,True
50,120.0,10.0,0.1,Oracle,300,0.1,True,0.335343580969807,100.60307429094209,0.651515097093571,12072.368914913051,3000.0,9072.368914913051,30.24122971637684,3.024122971637684,0.0,9072.368914913051,1.0,,,,,,,,,
50,120.0,10.0,0.2,Treat nobody,0,0.0,True,0.0,0.0,0.6179807389965903,0.0,0.0,0.0,0.0,0.0,16175.850519700612,16175.850519700612,0.0,0.0,0.0,0.0,0.0,0.0,,,,
50,120.0,10.0,0.2,Random,600,0.2,True,0.1579752630272409,94.78515781634455,0.6495757916020385,11374.218937961346,6000.0,5374.2189379613465,8.957031563268911,1.7914063126537823,10801.631581739266,16175.850519700612,0.33223717859015023,1783.9214864233113,-3758.66082006941,7326.5037929160335,0.9426333596283579,-3590.297451538035,,,,
50,120.0,10.0,0.2,S-learner,600,0.2,True,0.26685931730312307,160.11559038187386,0.6713526024572148,19213.870845824862,6000.0,13213.870845824862,22.02311807637477,4.404623615274954,2961.9796738757504,16175.850519700612,0.8168887830492532,12402.663118454167,6710.324378402839,18095.001858505497,0.9681026088492392,-811.2077273706946,10.196672587467653,600.0,619.0,True
50,120.0,10.0,0.2,T-learner,600,0.2,True,0.2594192386083278,155.65154316499667,0.6698645867182559,18678.1851797996,6000.0,12678.185179799599,21.13030863299933,4.226061726599866,3497.665339901014,16175.850519700612,0.7837723997485513,9379.241168014572,3803.4938353450607,14954.988500684085,0.948273773846577,-3298.9440117850263,11.83744902000669,600.0,615.0,True
50,120.0,10.0,0.2,DR-learner,592,0.19733333333333333,True,0.2602367966677876,154.06018362733022,0.6693341335390337,18487.222035279625,5920.0,12567.222035279625,21.2284156001345,4.189074011759875,3608.6284844209877,16175.850519700612,0.776912596958903,6737.294541576468,1160.756626584502,12313.832456568434,0.9484082290931511,-5829.927493703157,22.632578903905213,600.0,592.0,False
50,120.0,10.0,0.2,Oracle,600,0.2,True,0.30799792388473074,184.79875433083845,0.6795803237735365,22175.850519700612,6000.0,16175.850519700612,26.95975086616769,5.391950173233537,0.0,16175.850519700612,1.0,,,,,,,,,
50,120.0,10.0,0.3,Treat nobody,0,0.0,True,0.0,0.0,0.6179807389965903,0.0,0.0,0.0,0.0,0.0,21614.147624209272,21614.147624209272,0.0,0.0,0.0,0.0,0.0,0.0,,,,
50,120.0,10.0,0.3,Random,900,0.3,True,0.15507204207057476,139.5648378635173,0.6645023516177627,16747.780543622077,9000.0,7747.780543622077,8.608645048468974,2.5825935145406924,13866.367080587195,21614.147624209272,0.358458759435142,6070.169827973876,62.175420160834435,12078.164235786917,1.0217865319980939,-1677.6107156482012,,,,
50,120.0,10.0,0.3,S-learner,900,0.3,True,0.25182351661151087,226.64116495035984,0.6935277939800436,27196.93979404318,9000.0,18196.93979404318,20.21882199338131,6.065646598014394,3417.2078301660913,21614.147624209272,0.8418994868741161,14075.689081628841,7286.9223761378535,20864.45578711983,1.1545733763545174,-4121.250712414339,6.746504880827182,900.0,923.0,True
50,120.0,10.0,0.3,T-learner,900,0.3,True,0.24771310672855712,222.94179605570142,0.6922946710151574,26753.01552668417,9000.0,17753.01552668417,19.725572807426854,5.9176718422280565,3861.1320975251037,21614.147624209272,0.8213608898830513,14834.072325468394,8141.675690493897,21526.468960442893,1.1381836074137537,-2918.943201215774,7.8623076735486706,900.0,937.0,True
50,120.0,10.0,0.3,DR-learner,900,0.3,True,0.24693726460808724,222.24353814727849,0.6920619183790165,26669.22457767342,9000.0,17669.22457767342,19.632471752970467,5.88974152589114,3944.9230465358523,21614.147624209272,0.8174842184330564,14039.113390046,7416.382869841815,20661.84391025019,1.1263354109979302,-3630.111187627419,16.936174462306827,900.0,917.0,True
50,120.0,10.0,0.3,Oracle,900,0.3,True,0.2834643298537896,255.1178968684106,0.7030200379527272,30614.147624209272,9000.0,21614.147624209272,24.015719582454746,7.204715874736424,0.0,21614.147624209272,1.0,,,,,,,,,
50,120.0,20.0,0.1,Treat nobody,0,0.0,True,0.0,0.0,0.6179807389965903,0.0,0.0,0.0,0.0,0.0,6072.368914913051,6072.368914913051,0.0,0.0,0.0,0.0,0.0,0.0,,,,
50,120.0,20.0,0.1,Random,300,0.1,True,0.1554725445718895,46.64176337156685,0.6335279934537793,5597.011604588022,6000.0,-402.98839541197776,-1.3432946513732593,-0.1343294651373259,6475.357310325029,6072.368914913051,-0.06636428073766794,1825.9150567867391,-1656.807522330609,5308.637635904087,0.5923106422003364,2228.903452198717,,,,
50,120.0,20.0,0.1,S-learner,300,0.1,True,0.2807794273566982,84.23382820700948,0.6460586817322602,10108.059384841137,6000.0,4108.059384841137,13.693531282803791,1.369353128280379,1964.3095300719142,6072.368914913051,0.6765167667518038,2691.880780632956,-1454.7545160951984,6838.516077361111,0.7052230431164868,-1416.1786042081812,4.454229149881808,300.0,312.0,True
50,120.0,20.0,0.1,T-learner,300,0.1,True,0.26859495025199964,80.57848507559987,0.6448402340217902,9669.418209071984,6000.0,3669.418209071984,12.231394030239947,1.2231394030239948,2402.9507058410672,6072.368914913051,0.6042811727166819,3428.888627062125,-371.81378865267334,7229.591042776924,0.6463898394212437,-240.52958200985904,6.486003576039838,300.0,337.0,True
50,120.0,20.0,0.1,DR-learner,300,0.1,True,0.28134692189686045,84.40407656905813,0.6461154311862763,10128.489188286976,6000.0,4128.489188286976,13.761630627623253,1.3761630627623254,1943.8797266260754,6072.368914913051,0.6798811544779293,1577.714461322215,-2557.372548609476,5712.801471253905,0.7032590126738264,-2550.774726964761,18.909512656067903,300.0,325.0,True
50,120.0,20.0,0.1,Oracle,300,0.1,True,0.335343580969807,100.60307429094209,0.651515097093571,12072.368914913051,6000.0,6072.368914913051,20.24122971637684,2.024122971637684,0.0,6072.368914913051,1.0,,,,,,,,,
50,120.0,20.0,0.2,Treat nobody,0,0.0,True,0.0,0.0,0.6179807389965903,0.0,0.0,0.0,0.0,0.0,10175.850519700612,10175.850519700612,0.0,0.0,0.0,0.0,0.0,0.0,,,,
50,120.0,20.0,0.2,Random,600,0.2,True,0.1579752630272409,94.78515781634455,0.6495757916020385,11374.218937961346,12000.0,-625.7810620386535,-1.0429684367310892,-0.20859368734621786,10801.631581739266,10175.850519700612,-0.06149668382285404,-4216.078513576688,-9765.401697157326,1333.2446700039488,0.9437797883622678,-3590.2974515380347,,,,
50,120.0,20.0,0.2,S-learner,600,0.2,True,0.26685931730312307,160.11559038187386,0.6713526024572148,19213.870845824862,12000.0,7213.870845824862,12.02311807637477,2.404623615274954,2961.9796738757504,10175.850519700612,0.7089206776238203,6402.663118454164,761.3327313232053,12043.993505585122,0.9594275594907279,-811.2077273706982,0.1966725874676527,600.0,619.0,True
50,120.0,20.0,0.2,T-learner,600,0.2,True,0.2594192386083278,155.65154316499667,0.6698645867182559,18678.1851797996,12000.0,6678.185179799599,11.13030863299933,2.226061726599866,3497.665339901014,10175.850519700612,0.6562778380903418,3379.2411680145724,-2161.222540162918,8919.704876192061,0.9422730471716083,-3298.9440117850263,1.8374490200066909,600.0,615.0,True
50,120.0,20.0,0.2,DR-learner,592,0.19733333333333333,True,0.2602367966677876,154.06018362733022,0.6693341335390337,18487.222035279625,11840.0,6647.222035279625,11.228415600134502,2.2157406784265414,3528.6284844209877,10175.850519700612,0.6532350315494999,817.2945415764667,-4738.3114936224365,6372.900576775371,0.944848320176768,-5829.927493703158,12.632578903905213,600.0,592.0,False
50,120.0,20.0,0.2,Oracle,600,0.2,True,0.30799792388473074,184.79875433083845,0.6795803237735365,22175.850519700612,12000.0,10175.850519700612,16.95975086616769,3.3919501732335373,0.0,10175.850519700612,1.0,,,,,,,,,
50,120.0,20.0,0.3,Treat nobody,0,0.0,True,0.0,0.0,0.6179807389965903,0.0,0.0,0.0,0.0,0.0,12614.147624209272,12614.147624209272,0.0,0.0,0.0,0.0,0.0,0.0,,,,
50,120.0,20.0,0.3,Random,900,0.3,True,0.15507204207057476,139.5648378635173,0.6645023516177627,16747.780543622077,18000.0,-1252.219456377923,-1.3913549515310255,-0.4174064854593077,13866.367080587195,12614.147624209272,-0.09927103231094614,-2929.830172026125,-8930.790449223014,3071.1301051707624,1.0205902292987181,-1677.6107156482021,,,,
50,120.0,20.0,0.3,S-learner,634,0.21133333333333335,True,0.2646469038034131,167.7861370113639,0.6739094513337116,20134.33644136367,12680.0,7454.33644136367,11.757628456409574,2.48477881378789,5159.811182845602,12614.147624209272,0.5909504679537116,6654.21020645801,881.6019821658749,12426.818430750145,0.9817541325292598,-800.1262349056597,0.011370641462914222,617.0,634.0,False
50,120.0,20.0,0.3,T-learner,765,0.255,True,0.2535197831113853,193.94263408020976,0.6826282836899936,23273.11608962517,15300.0,7973.116089625171,10.422373973366238,2.6577053632083905,4641.031534584101,12614.147624209272,0.6320772776055863,5754.437288837885,-390.7347819732752,11899.609359649045,1.0451164952151324,-2218.6788007872865,0.005076440478806177,741.0,765.0,False
50,120.0,20.0,0.3,DR-learner,900,0.3,True,0.24693726460808724,222.24353814727849,0.6920619183790165,26669.22457767342,18000.0,8669.22457767342,9.632471752970467,2.88974152589114,3944.9230465358523,12614.147624209272,0.6872620200698545,5039.113390046001,-1544.7586411023372,11622.985421194338,1.1197267029872457,-3630.111187627419,6.936174462306827,900.0,917.0,True
50,120.0,20.0,0.3,Oracle,900,0.3,True,0.2834643298537896,255.1178968684106,0.7030200379527272,30614.147624209272,18000.0,12614.147624209272,14.015719582454746,4.204715874736424,0.0,12614.147624209272,1.0,,,,,,,,,
51,40.0,5.0,0.1,Treat nobody,0,0.0,True,0.0,0.0,0.6166665017700356,0.0,0.0,0.0,0.0,0.0,2499.7255006958276,2499.7255006958276,0.0,0.0,0.0,0.0,0.0,0.0,,,,
51,40.0,5.0,0.1,Random,300,0.1,True,0.15639510132012313,46.918530396036935,0.6323060119020478,1876.7412158414775,1500.0,376.74121584147747,1.2558040528049248,0.1255804052804925,2122.9842848543503,2499.7255006958276,0.1507130345858404,-199.44799152802483,-1829.783678249409,1430.8876951933591,0.2772730688899157,-576.1892073695024,,,,
51,40.0,5.0,0.1,S-learner,300,0.1,True,0.30645848318343594,91.9375449550308,0.6473123500883792,3677.5017982012323,1500.0,2177.5017982012323,7.258339327337441,0.7258339327337441,322.2237024945953,2499.7255006958276,0.8710963654189627,1129.0112135345269,-199.31625523240015,2457.338682301454,0.22591018325584977,-1048.4905846667054,3.041077217715534,300.0,328.0,True
51,40.0,5.0,0.1,T-learner,300,0.1,True,0.29557085894184854,88.67125768255454,0.6462235876642205,3546.8503073021816,1500.0,2046.8503073021816,6.822834357673939,0.6822834357673938,452.875193393646,2499.7255006958276,0.8188300302302861,2160.629722091713,890.2357938867992,3431.023650296627,0.21605735925517328,113.77941478953153,3.4607442839875944,300.0,329.0,True
51,40.0,5.0,0.1,DR-learner,300,0.1,True,0.301309933725559,90.39298011766769,0.6467974951425914,3615.7192047067074,1500.0,2115.7192047067074,7.052397349022358,0.7052397349022358,384.0062959891202,2499.7255006958276,0.8463806142385524,2131.0217242909284,821.9345815260165,3440.1088670558406,0.22263795884190127,15.302519584221045,7.6601770208556115,300.0,312.0,True
51,40.0,5.0,0.1,Oracle,300,0.1,True,0.333310458391319,99.9931375173957,0.6499975476091674,3999.7255006958276,1500.0,2499.7255006958276,8.33241833565276,0.8332418335652758,0.0,2499.7255006958276,1.0,,,,,,,,,
51,40.0,5.0,0.2,Treat nobody,0,0.0,True,0.0,0.0,0.6166665017700356,0.0,0.0,0.0,0.0,0.0,4331.587062641979,4331.587062641979,0.0,0.0,0.0,0.0,0.0,0.0,,,,
51,40.0,5.0,0.2,Random,600,0.2,True,0.14783882293381717,88.70329376029031,0.6462342663567989,3548.1317504116123,3000.0,548.1317504116123,0.9135529173526872,0.18271058347053742,3783.455312230367,4331.587062641979,0.12654293737715813,916.6540356662777,-1107.6827287956062,2940.9908001281615,0.3442812861919223,368.52228525466535,,,,
51,40.0,5.0,0.2,S-learner,600,0.2,True,0.28192817974020346,169.1569078441221,0.6730521377180763,6766.2763137648835,3000.0,3766.2763137648835,6.277127189608139,1.2554254379216279,565.3107488770956,4331.587062641979,0.8694910801279626,2353.927348956322,485.9254759861944,4221.92922192645,0.31769323104993913,-1412.3489648085615,1.4907876314292974,600.0,634.0,True
51,40.0,5.0,0.2,T-learner,600,0.2,True,0.2735580984460109,164.13485906760658,0.6713781214592377,6565.394362704264,3000.0,3565.3943627042636,5.942323937840439,1.1884647875680878,766.1926999377156,4331.587062641979,0.8231150179236177,2953.8255963818137,1165.3347499034849,4742.316442860143,0.30417069915326966,-611.5687663224498,1.7337607001296629,600.0,632.0,True
51,40.0,5.0,0.2,DR-learner,600,0.2,True,0.2756306102423054,165.3783661453832,0.6717926238184966,6615.134645815328,3000.0,3615.1346458153284,6.025224409692214,1.2050448819384427,716.4524168266507,4331.587062641979,0.8345981723406334,2927.478523974343,1075.163629886198,4779.793418062487,0.31502532847524567,-687.6561218409856,5.359297157022771,600.0,609.0,True
51,40.0,5.0,0.2,Oracle,600,0.2,True,0.30548279427674907,183.28967656604948,0.6777630606253853,7331.587062641979,3000.0,4331.587062641979,7.2193117710699655,1.443862354213993,0.0,4331.587062641979,1.0,,,,,,,,,
51,40.0,5.0,0.3,Treat nobody,0,0.0,True,0.0,0.0,0.6166665017700356,0.0,0.0,0.0,0.0,0.0,5646.68208257526,5646.68208257526,0.0,0.0,0.0,0.0,0.0,0.0,,,,
51,40.0,5.0,0.3,Random,900,0.3,True,0.15783110135234155,142.04799121710735,0.6640158321757379,5681.919648684294,4500.0,1181.9196486842939,1.3132440540936599,0.39397321622809794,4464.762433890966,5646.68208257526,0.20931223529150067,-3.0037867639806564,-2393.9542730832663,2387.946699555305,0.40663170432021517,-1184.9234354482746,,,,
51,40.0,5.0,0.3,S-learner,900,0.3,True,0.263013043661025,236.7117392949225,0.695570414868343,9468.4695717969,4500.0,4968.469571796901,5.520521746441001,1.6561565239323002,678.2125107783595,5646.68208257526,0.8798918549228736,3619.472986848261,1332.9911876615251,5905.954786034997,0.3888645943194557,-1348.9965849486398,0.3093185847394615,900.0,941.0,True
51,40.0,5.0,0.3,T-learner,900,0.3,True,0.2546595604177143,229.1936043759429,0.6930643698953497,9167.744175037717,4500.0,4667.744175037717,5.186382416708574,1.5559147250125722,978.9379075375437,5646.68208257526,0.8266348462297202,4038.811154145665,1877.3896755113603,6200.232632779969,0.3675954414950687,-628.9330208920514,0.4931118589012691,900.0,932.0,True
51,40.0,5.0,0.3,DR-learner,900,0.3,True,0.25857852050087193,232.72066845078473,0.6942400579202971,9308.826738031388,4500.0,4808.826738031388,5.343140820034876,1.6029422460104628,837.855344543872,5646.68208257526,0.8516198836252253,3197.350224500548,912.96739248951,5481.733056511586,0.3885076205532277,-1611.4765135308403,3.705839101668335,900.0,911.0,True
51,40.0,5.0,0.3,Oracle,900,0.3,True,0.281852280071535,253.6670520643815,0.701222185791496,10146.68208257526,4500.0,5646.68208257526,6.2740912028614,1.8822273608584201,0.0,5646.68208257526,1.0,,,,,,,,,
51,40.0,10.0,0.1,Treat nobody,0,0.0,True,0.0,0.0,0.6166665017700356,0.0,0.0,0.0,0.0,0.0,999.7255006958276,999.7255006958276,0.0,0.0,0.0,0.0,0.0,0.0,,,,
51,40.0,10.0,0.1,Random,300,0.1,True,0.15639510132012313,46.918530396036935,0.6323060119020478,1876.7412158414775,3000.0,-1123.2587841585225,-3.744195947195075,-0.37441959471950753,2122.9842848543503,999.7255006958276,-1.12356720257382,-1699.4479915280249,-3339.8231879689074,-59.07279508714236,0.2789804998765204,-576.1892073695024,,,,
51,40.0,10.0,0.1,S-learner,99,0.033,True,0.3262926921977702,32.30297652757925,0.6274341606125619,1292.1190611031698,990.0,302.11906110316977,3.0517076879108056,0.10070635370105659,697.6064395926578,999.7255006958276,0.3022020153461018,70.5664945071316,-682.6671095840405,823.8000985983037,0.12810330700505773,-231.55256659603816,0.02610780649227351,97.0,99.0,False
51,40.0,10.0,0.1,T-learner,148,0.04933333333333333,True,0.3154444269440162,46.6857751877144,0.6322284268326069,1867.431007508576,1480.0,387.43100750857593,2.6177770777606484,0.1291436691695253,612.2944931872516,999.7255006958276,0.38753738625144274,92.63139179348187,-782.5516202247288,967.8144038116927,0.14884338333451413,-294.7996157150941,0.0005207427860440816,153.0,148.0,False
51,40.0,10.0,0.1,DR-learner,300,0.1,True,0.301309933725559,90.39298011766769,0.6467974951425914,3615.7192047067074,3000.0,615.7192047067074,2.052397349022358,0.2052397349022358,384.0062959891202,999.7255006958276,0.6158882656070644,631.0217242909285,-659.6939624008046,1921.7374109826617,0.21951350413795595,15.302519584221159,2.6601770208556115,300.0,312.0,True
51,40.0,10.0,0.1,Oracle,300,0.1,True,0.333310458391319,99.9931375173957,0.6499975476091674,3999.7255006958276,3000.0,999.7255006958276,3.3324183356527586,0.33324183356527587,0.0,999.7255006958276,1.0,,,,,,,,,
51,40.0,10.0,0.2,Treat nobody,0,0.0,True,0.0,0.0,0.6166665017700356,0.0,0.0,0.0,0.0,0.0,1331.5870626419792,1331.5870626419792,0.0,0.0,0.0,0.0,0.0,0.0,,,,
51,40.0,10.0,0.2,Random,600,0.2,True,0.14783882293381717,88.70329376029031,0.6462342663567989,3548.1317504116123,6000.0,-2451.8682495883877,-4.086447082647313,-0.8172894165294625,3783.455312230367,1331.5870626419792,-1.8413127600711874,-2083.3459643337223,-4112.107288314005,-54.58464035343902,0.3450337761276728,368.52228525466535,,,,
51,40.0,10.0,0.2,S-learner,99,0.033,True,0.3262926921977702,32.30297652757925,0.6274341606125619,1292.1190611031698,990.0,302.11906110316977,3.0517076879108056,0.10070635370105659,1029.4680015388094,1331.5870626419792,0.2268864496954037,70.5664945071316,-682.6671095840405,823.8000985983037,0.12810330700505773,-231.55256659603816,0.02610780649227351,97.0,99.0,False
51,40.0,10.0,0.2,T-learner,148,0.04933333333333333,True,0.3154444269440162,46.6857751877144,0.6322284268326069,1867.431007508576,1480.0,387.43100750857593,2.6177770777606484,0.1291436691695253,944.1560551334032,1331.5870626419792,0.2909543193817764,92.63139179348187,-782.5516202247288,967.8144038116927,0.14884338333451413,-294.7996157150941,0.0005207427860440816,153.0,148.0,False
51,40.0,10.0,0.2,DR-learner,600,0.2,True,0.2756306102423054,165.3783661453832,0.6717926238184966,6615.134645815328,6000.0,615.1346458153284,1.025224409692214,0.2050448819384428,716.4524168266507,1331.5870626419792,0.4619560095416144,-72.52147602565724,-1912.9526861808788,1767.9097341295646,0.3130042566551067,-687.6561218409856,0.35929715702277143,600.0,609.0,True
51,40.0,10.0,0.2,Oracle,600,0.2,True,0.30548279427674907,183.28967656604948,0.6777630606253853,7331.587062641979,6000.0,1331.5870626419792,2.2193117710699655,0.44386235421399306,0.0,1331.5870626419792,1.0,,,,,,,,,
51,40.0,10.0,0.3,Treat nobody,0,0.0,True,0.0,0.0,0.6166665017700356,0.0,0.0,0.0,0.0,0.0,1336.3205019361167,1336.3205019361167,0.0,0.0,0.0,0.0,0.0,0.0,,,,
51,40.0,10.0,0.3,Random,900,0.3,True,0.15783110135234155,142.04799121710735,0.6640158321757379,5681.919648684294,9000.0,-3318.080351315706,-3.68675594590634,-1.106026783771902,4654.400853251823,1336.3205019361167,-2.4829974145486307,-4503.00378676398,-6906.594471184938,-2099.4131023430214,0.4087814373767709,-1184.9234354482742,,,,
51,40.0,10.0,0.3,S-learner,99,0.033,True,0.3262926921977702,32.30297652757925,0.6274341606125619,1292.1190611031698,990.0,302.11906110316977,3.0517076879108056,0.10070635370105659,1034.201440832947,1336.3205019361167,0.22608278527901587,70.5664945071316,-682.6671095840405,823.8000985983037,0.12810330700505773,-231.55256659603816,0.02610780649227351,97.0,99.0,False
51,40.0,10.0,0.3,T-learner,148,0.04933333333333333,True,0.3154444269440162,46.6857751877144,0.6322284268326069,1867.431007508576,1480.0,387.43100750857593,2.6177770777606484,0.1291436691695253,948.8894944275407,1336.3205019361167,0.2899237173621521,92.63139179348187,-782.5516202247288,967.8144038116927,0.14884338333451413,-294.7996157150941,0.0005207427860440816,153.0,148.0,False
51,40.0,10.0,0.3,DR-learner,667,0.22233333333333333,True,0.27092597949800906,180.70762832517204,0.6769023778784262,7228.305133006881,6670.0,558.3051330068811,0.8370391799203615,0.1861017110022937,778.0153689292356,1336.3205019361167,0.41779283652236526,129.2806414605334,-1821.8293569834232,2080.3906399044895,0.33182752571544916,-429.0244915463477,0.00874769472824255,666.0,667.0,False
51,40.0,10.0,0.3,Oracle,638,0.21266666666666667,True,0.3023636560319795,192.90801254840292,0.6809691726195032,7716.320501936117,6380.0,1336.3205019361167,2.0945462412791795,0.4454401673120389,0.0,1336.3205019361167,1.0,,,,,,,,,
51,40.0,20.0,0.1,Treat nobody,0,0.0,True,0.0,0.0,0.6166665017700356,0.0,0.0,0.0,0.0,0.0,0.0,0.0,,0.0,0.0,0.0,0.0,0.0,,,,
51,40.0,20.0,0.1,Random,300,0.1,True,0.15639510132012313,46.918530396036935,0.6323060119020478,1876.7412158414775,6000.0,-4123.258784158523,-13.744195947195076,-1.3744195947195075,4123.258784158523,0.0,,-4699.447991528024,-6405.945694932672,-2992.9502881233757,0.2902260308293563,-576.1892073695017,,,,
51,40.0,20.0,0.1,S-learner,0,0.0,True,0.0,0.0,0.6166665017700356,0.0,0.0,0.0,0.0,0.0,0.0,0.0,,0.0,0.0,0.0,0.0,0.0,,0.0,0.0,False
51,40.0,20.0,0.1,T-learner,0,0.0,True,0.0,0.0,0.6166665017700356,0.0,0.0,0.0,0.0,0.0,0.0,0.0,,0.0,0.0,0.0,0.0,0.0,,0.0,0.0,False
51,40.0,20.0,0.1,DR-learner,6,0.002,True,0.3457775914856434,2.0746655489138606,0.6173580569530068,82.98662195655442,120.0,-37.013378043445584,-6.168896340574264,-0.012337792681148528,37.013378043445584,0.0,,-15.122260357489132,-177.22593440009678,146.98141368511853,0.027569158637822055,21.891117685956452,0.12395658810481791,6.0,6.0,False
51,40.0,20.0,0.1,Oracle,0,0.0,True,0.0,0.0,0.6166665017700356,0.0,0.0,0.0,0.0,0.0,0.0,0.0,,,,,,,,,,
51,40.0,20.0,0.2,Treat nobody,0,0.0,True,0.0,0.0,0.6166665017700356,0.0,0.0,0.0,0.0,0.0,0.0,0.0,,0.0,0.0,0.0,0.0,0.0,,,,
51,40.0,20.0,0.2,Random,600,0.2,True,0.14783882293381717,88.70329376029031,0.6462342663567989,3548.1317504116123,12000.0,-8451.868249588388,-14.086447082647313,-2.8172894165294626,8451.868249588388,0.0,,-8083.345964333722,-10187.726186150652,-5978.9657425167925,0.35789436921902873,368.5222852546658,,,,
51,40.0,20.0,0.2,S-learner,0,0.0,True,0.0,0.0,0.6166665017700356,0.0,0.0,0.0,0.0,0.0,0.0,0.0,,0.0,0.0,0.0,0.0,0.0,,0.0,0.0,False
51,40.0,20.0,0.2,T-learner,0,0.0,True,0.0,0.0,0.6166665017700356,0.0,0.0,0.0,0.0,0.0,0.0,0.0,,0.0,0.0,0.0,0.0,0.0,,0.0,0.0,False
51,40.0,20.0,0.2,DR-learner,6,0.002,True,0.3457775914856434,2.0746655489138606,0.6173580569530068,82.98662195655442,120.0,-37.013378043445584,-6.168896340574264,-0.012337792681148528,37.013378043445584,0.0,,-15.122260357489132,-177.22593440009678,146.98141368511853,0.027569158637822055,21.891117685956452,0.12395658810481791,6.0,6.0,False
51,40.0,20.0,0.2,Oracle,0,0.0,True,0.0,0.0,0.6166665017700356,0.0,0.0,0.0,0.0,0.0,0.0,0.0,,,,,,,,,,
51,40.0,20.0,0.3,Treat nobody,0,0.0,True,0.0,0.0,0.6166665017700356,0.0,0.0,0.0,0.0,0.0,0.0,0.0,,0.0,0.0,0.0,0.0,0.0,,,,
51,40.0,20.0,0.3,Random,900,0.3,True,0.15783110135234155,142.04799121710735,0.6640158321757379,5681.919648684294,18000.0,-12318.080351315706,-13.68675594590634,-4.1060267837719024,12318.080351315706,0.0,,-13503.00378676398,-16005.321708911764,-11000.685864616196,0.42557209246117944,-1184.9234354482742,,,,
51,40.0,20.0,0.3,S-learner,0,0.0,True,0.0,0.0,0.6166665017700356,0.0,0.0,0.0,0.0,0.0,0.0,0.0,,0.0,0.0,0.0,0.0,0.0,,0.0,0.0,False
51,40.0,20.0,0.3,T-learner,0,0.0,True,0.0,0.0,0.6166665017700356,0.0,0.0,0.0,0.0,0.0,0.0,0.0,,0.0,0.0,0.0,0.0,0.0,,0.0,0.0,False
51,40.0,20.0,0.3,DR-learner,6,0.002,True,0.3457775914856434,2.0746655489138606,0.6173580569530068,82.98662195655442,120.0,-37.013378043445584,-6.168896340574264,-0.012337792681148528,37.013378043445584,0.0,,-15.122260357489132,-177.22593440009678,146.98141368511853,0.027569158637822055,21.891117685956452,0.12395658810481791,6.0,6.0,False
51,40.0,20.0,0.3,Oracle,0,0.0,True,0.0,0.0,0.6166665017700356,0.0,0.0,0.0,0.0,0.0,0.0,0.0,,,,,,,,,,
51,80.0,5.0,0.1,Treat nobody,0,0.0,True,0.0,0.0,0.6166665017700356,0.0,0.0,0.0,0.0,0.0,6499.451001391655,6499.451001391655,0.0,0.0,0.0,0.0,0.0,0.0,,,,
51,80.0,5.0,0.1,Random,300,0.1,True,0.15639510132012313,46.918530396036935,0.6323060119020478,3753.482431682955,1500.0,2253.482431682955,7.51160810560985,0.7511608105609849,4245.968569708701,6499.451001391655,0.3467188892108644,1101.1040169439505,-2161.4288361931713,4363.636870081073,0.5548627217764486,-1152.3784147390045,,,,
51,80.0,5.0,0.1,S-learner,300,0.1,True,0.30645848318343594,91.9375449550308,0.6473123500883792,7355.003596402465,1500.0,5855.003596402465,19.51667865467488,1.9516678654674882,644.4474049891905,6499.451001391655,0.9008458706972017,3758.0224270690537,1081.859711008481,6434.185143129626,0.4551380768847121,-2096.981169333411,11.082154435431068,300.0,328.0,True
51,80.0,5.0,0.1,T-learner,300,0.1,True,0.29557085894184854,88.67125768255454,0.6462235876642205,7093.700614604363,1500.0,5593.700614604363,18.645668715347878,1.8645668715347876,905.750386787292,6499.451001391655,0.8606420162882444,5821.259444183426,3246.188434912977,8396.330453453875,0.4379452938221113,227.55882957906306,11.921488567975189,300.0,329.0,True
51,80.0,5.0,0.1,DR-learner,300,0.1,True,0.301309933725559,90.39298011766769,0.6467974951425914,7231.438409413415,1500.0,5731.438409413415,19.104794698044717,1.9104794698044716,768.0125919782404,6499.451001391655,0.8818342361818261,5762.043448581857,3110.972646814684,8413.114250349028,0.4508706661072144,30.60503916844209,20.320354041711223,300.0,312.0,True
51,80.0,5.0,0.1,Oracle,300,0.1,True,0.333310458391319,99.9931375173957,0.6499975476091674,7999.451001391655,1500.0,6499.451001391655,21.66483667130552,2.1664836671305516,0.0,6499.451001391655,1.0,,,,,,,,,
51,80.0,5.0,0.2,Treat nobody,0,0.0,True,0.0,0.0,0.6166665017700356,0.0,0.0,0.0,0.0,0.0,11663.174125283958,11663.174125283958,0.0,0.0,0.0,0.0,0.0,0.0,,,,
51,80.0,5.0,0.2,Random,600,0.2,True,0.14783882293381717,88.70329376029031,0.6462342663567989,7096.263500823225,3000.0,4096.263500823225,6.827105834705375,1.365421166941075,7566.910624460734,11663.174125283958,0.3512134395681497,4833.308071332555,771.9992149689607,8894.616927696152,0.6907114770813277,737.0445705093307,,,,
51,80.0,5.0,0.2,S-learner,600,0.2,True,0.28192817974020346,169.1569078441221,0.6730521377180763,13532.552627529767,3000.0,10532.552627529767,17.554254379216278,3.5108508758432557,1130.6214977541913,11663.174125283958,0.9030605660509536,7707.854697912643,3946.3968224392097,11469.312573386076,0.6397154752405885,-2824.697929617124,7.981575262858595,600.0,634.0,True
51,80.0,5.0,0.2,T-learner,600,0.2,True,0.2735580984460109,164.13485906760658,0.6713781214592377,13130.788725408527,3000.0,10130.788725408527,16.88464787568088,3.3769295751361756,1532.3853998754312,11663.174125283958,0.8686133480118884,8907.651192763627,5298.977830385728,12516.324555141526,0.613731237043581,-1223.1375326448997,8.467521400259326,600.0,632.0,True
51,80.0,5.0,0.2,DR-learner,600,0.2,True,0.2756306102423054,165.3783661453832,0.6717926238184966,13230.269291630657,3000.0,10230.269291630657,17.050448819384428,3.4100897638768854,1432.9048336533015,11663.174125283958,0.8771428070728203,8854.957047948687,5119.935314014649,12589.978781882724,0.6352194501864004,-1375.3122436819704,15.718594314045543,600.0,609.0,True
51,80.0,5.0,0.2,Oracle,600,0.2,True,0.30548279427674907,183.28967656604948,0.6777630606253853,14663.174125283958,3000.0,11663.174125283958,19.43862354213993,3.887724708427986,0.0,11663.174125283958,1.0,,,,,,,,,
51,80.0,5.0,0.3,Treat nobody,0,0.0,True,0.0,0.0,0.6166665017700356,0.0,0.0,0.0,0.0,0.0,15793.36416515052,15793.36416515052,0.0,0.0,0.0,0.0,0.0,0.0,,,,
51,80.0,5.0,0.3,Random,900,0.3,True,0.15783110135234155,142.04799121710735,0.6640158321757379,11363.839297368588,4500.0,6863.839297368588,7.62648810818732,2.287946432456196,8929.524867781933,15793.36416515052,0.4346027373011677,4493.9924264720385,-294.2158463729041,9282.200699316982,0.8143360984544818,-2369.8468708965493,,,,
51,80.0,5.0,0.3,S-learner,900,0.3,True,0.263013043661025,236.7117392949225,0.695570414868343,18936.9391435938,4500.0,14436.939143593801,16.041043492882,4.812313047864601,1356.425021556719,15793.36416515052,0.9141142439715414,11738.945973696522,7138.158984481188,16339.732962911856,0.782461144780509,-2697.9931698972796,5.618637169478923,900.0,941.0,True
51,80.0,5.0,0.3,T-learner,900,0.3,True,0.2546595604177143,229.1936043759429,0.6930643698953497,18335.488350075433,4500.0,13835.488350075433,15.372764833417149,4.611829450025144,1957.8758150750873,15793.36416515052,0.8760317438006453,12577.62230829133,8222.765733682343,16932.478882900316,0.7406354757807694,-1257.8660417841038,5.986223717802538,900.0,932.0,True
51,80.0,5.0,0.3,DR-learner,900,0.3,True,0.25857852050087193,232.72066845078473,0.6942400579202971,18617.653476062776,4500.0,14117.653476062776,15.686281640069751,4.7058844920209255,1675.710689087744,15793.36416515052,0.8938977996350296,10894.700449001099,6300.5568911580585,15488.84400684414,0.7813312887517422,-3222.953027061678,12.41167820333667,900.0,911.0,True
51,80.0,5.0,0.3,Oracle,900,0.3,True,0.281852280071535,253.6670520643815,0.701222185791496,20293.36416515052,4500.0,15793.36416515052,17.5481824057228,5.26445472171684,0.0,15793.36416515052,1.0,,,,,,,,,
51,80.0,10.0,0.1,Treat nobody,0,0.0,True,0.0,0.0,0.6166665017700356,0.0,0.0,0.0,0.0,0.0,4999.451001391655,4999.451001391655,0.0,0.0,0.0,0.0,0.0,0.0,,,,
51,80.0,10.0,0.1,Random,300,0.1,True,0.15639510132012313,46.918530396036935,0.6323060119020478,3753.482431682955,3000.0,753.4824316829549,2.5116081056098496,0.251160810560985,4245.968569708701,4999.451001391655,0.1507130345858404,-398.89598305604966,-3659.567356498818,2861.7753903867183,0.5545461377798314,-1152.3784147390047,,,,
51,80.0,10.0,0.1,S-learner,300,0.1,True,0.30645848318343594,91.9375449550308,0.6473123500883792,7355.003596402465,3000.0,4355.003596402465,14.516678654674882,1.4516678654674882,644.4474049891905,4999.451001391655,0.8710963654189627,2258.0224270690537,-398.6325104648003,4914.677364602908,0.45182036651169954,-2096.981169333411,6.082154435431068,300.0,328.0,True
51,80.0,10.0,0.1,T-learner,300,0.1,True,0.29557085894184854,88.67125768255454,0.6462235876642205,7093.700614604363,3000.0,4093.700614604363,13.645668715347878,1.3645668715347876,905.750386787292,4999.451001391655,0.8188300302302861,4321.259444183426,1780.4715877735985,6862.047300593254,0.43211471851034655,227.55882957906306,6.921488567975189,300.0,329.0,True
51,80.0,10.0,0.1,DR-learner,300,0.1,True,0.301309933725559,90.39298011766769,0.6467974951425914,7231.438409413415,3000.0,4231.438409413415,14.104794698044715,1.4104794698044716,768.0125919782404,4999.451001391655,0.8463806142385524,4262.043448581857,1643.869163052033,6880.217734111681,0.44527591768380254,30.60503916844209,15.320354041711223,300.0,312.0,True
51,80.0,10.0,0.1,Oracle,300,0.1,True,0.333310458391319,99.9931375173957,0.6499975476091674,7999.451001391655,3000.0,4999.451001391655,16.66483667130552,1.6664836671305516,0.0,4999.451001391655,1.0,,,,,,,,,
51,80.0,10.0,0.2,Treat nobody,0,0.0,True,0.0,0.0,0.6166665017700356,0.0,0.0,0.0,0.0,0.0,8663.174125283958,8663.174125283958,0.0,0.0,0.0,0.0,0.0,0.0,,,,
51,80.0,10.0,0.2,Random,600,0.2,True,0.14783882293381717,88.70329376029031,0.6462342663567989,7096.263500823225,6000.0,1096.2635008232246,1.8271058347053744,0.36542116694107485,7566.910624460734,8663.174125283958,0.12654293737715813,1833.3080713325553,-2215.3654575912124,5881.981600256323,0.6885625723838446,737.0445705093307,,,,
51,80.0,10.0,0.2,S-learner,600,0.2,True,0.28192817974020346,169.1569078441221,0.6730521377180763,13532.552627529767,6000.0,7532.552627529767,12.554254379216278,2.5108508758432557,1130.6214977541913,8663.174125283958,0.8694910801279626,4707.854697912644,971.8509519723888,8443.8584438529,0.6353864620998783,-2824.697929617123,2.9815752628585948,600.0,634.0,True
51,80.0,10.0,0.2,T-learner,600,0.2,True,0.2735580984460109,164.13485906760658,0.6713781214592377,13130.788725408527,6000.0,7130.788725408527,11.884647875680878,2.3769295751361756,1532.3853998754312,8663.174125283958,0.8231150179236177,5907.6511927636275,2330.6694998069697,9484.632885720286,0.6083413983065393,-1223.1375326448997,3.4675214002593258,600.0,632.0,True
51,80.0,10.0,0.2,DR-learner,600,0.2,True,0.2756306102423054,165.3783661453832,0.6717926238184966,13230.269291630657,6000.0,7230.269291630657,12.050448819384428,2.4100897638768854,1432.9048336533015,8663.174125283958,0.8345981723406334,5854.957047948686,2150.327259772396,9559.586836124974,0.6300506569504913,-1375.3122436819713,10.718594314045543,600.0,609.0,True
51,80.0,10.0,0.2,Oracle,600,0.2,True,0.30548279427674907,183.28967656604948,0.6777630606253853,14663.174125283958,6000.0,8663.174125283958,14.438623542139931,2.887724708427986,0.0,8663.174125283958,1.0,,,,,,,,,
51,80.0,10.0,0.3,Treat nobody,0,0.0,True,0.0,0.0,0.6166665017700356,0.0,0.0,0.0,0.0,0.0,11293.36416515052,11293.36416515052,0.0,0.0,0.0,0.0,0.0,0.0,,,,
51,80.0,10.0,0.3,Random,900,0.3,True,0.15783110135234155,142.04799121710735,0.6640158321757379,11363.839297368588,9000.0,2363.8392973685877,2.6264881081873197,0.7879464324561959,8929.524867781933,11293.36416515052,0.20931223529150067,-6.007573527961313,-4787.908546166533,4775.89339911061,0.8132634086404303,-2369.8468708965493,,,,
51,80.0,10.0,0.3,S-learner,900,0.3,True,0.263013043661025,236.7117392949225,0.695570414868343,18936.9391435938,9000.0,9936.939143593801,11.041043492882002,3.3123130478646003,1356.425021556719,11293.36416515052,0.8798918549228736,7238.945973696522,2665.9823753230503,11811.909572069993,0.7777291886389114,-2697.9931698972796,0.618637169478923,900.0,941.0,True
51,80.0,10.0,0.3,T-learner,900,0.3,True,0.2546595604177143,229.1936043759429,0.6930643698953497,18335.488350075433,9000.0,9335.488350075433,10.372764833417149,3.1118294500251444,1957.8758150750873,11293.36416515052,0.8266348462297202,8077.62230829133,3754.7793510227207,12400.465265559938,0.7351908829901374,-1257.866041784103,0.9862237178025381,900.0,932.0,True
51,80.0,10.0,0.3,DR-learner,900,0.3,True,0.25857852050087193,232.72066845078473,0.6942400579202971,18617.653476062776,9000.0,9617.653476062776,10.686281640069751,3.2058844920209255,1675.710689087744,11293.36416515052,0.8516198836252253,6394.700449001096,1825.93478497902,10963.466113023173,0.7770152411064554,-3222.9530270616806,7.41167820333667,900.0,911.0,True
51,80.0,10.0,0.3,Oracle,900,0.3,True,0.281852280071535,253.6670520643815,0.701222185791496,20293.36416515052,9000.0,11293.36416515052,12.5481824057228,3.7644547217168403,0.0,11293.36416515052,1.0,,,,,,,,,
51,80.0,20.0,0.1,Treat nobody,0,0.0,True,0.0,0.0,0.6166665017700356,0.0,0.0,0.0,0.0,0.0,1999.4510013916552,1999.4510013916552,0.0,0.0,0.0,0.0,0.0,0.0,,,,
51,80.0,20.0,0.1,Random,300,0.1,True,0.15639510132012313,46.918530396036935,0.6323060119020478,3753.482431682955,6000.0,-2246.517568317045,-7.48839189439015,-0.7488391894390151,4245.968569708701,1999.4510013916552,-1.12356720257382,-3398.8959830560498,-6679.646375937815,-118.14559017428472,0.5579609997530408,-1152.3784147390047,,,,
51,80.0,20.0,0.1,S-learner,99,0.033,True,0.3262926921977702,32.30297652757925,0.6274341606125619,2584.2381222063395,1980.0,604.2381222063395,6.103415375821611,0.20141270740211317,1395.2128791853156,1999.4510013916552,0.3022020153461018,141.1329890142632,-1365.334219168081,1647.6001971966075,0.25620661401011546,-463.1051331920763,0.05221561298454702,97.0,99.0,False
51,80.0,20.0,0.1,T-learner,148,0.04933333333333333,True,0.3154444269440162,46.6857751877144,0.6322284268326069,3734.862015017152,2960.0,774.8620150171519,5.235554155521297,0.2582873383390506,1224.5889863745033,1999.4510013916552,0.38753738625144274,185.26278358696374,-1565.1032404494576,1935.6288076233855,0.29768676666902827,-589.5992314301882,0.0010414855720881633,153.0,148.0,False
51,80.0,20.0,0.1,DR-learner,300,0.1,True,0.301309933725559,90.39298011766769,0.6467974951425914,7231.438409413415,6000.0,1231.4384094134148,4.104794698044716,0.4104794698044716,768.0125919782404,1999.4510013916552,0.6158882656070644,1262.043448581857,-1319.3879248016092,3843.4748219653234,0.4390270082759119,30.605039168442318,5.320354041711223,300.0,312.0,True
51,80.0,20.0,0.1,Oracle,300,0.1,True,0.333310458391319,99.9931375173957,0.6499975476091674,7999.451001391655,6000.0,1999.4510013916552,6.664836671305517,0.6664836671305517,0.0,1999.4510013916552,1.0,,,,,,,,,
51,80.0,20.0,0.2,Treat nobody,0,0.0,True,0.0,0.0,0.6166665017700356,0.0,0.0,0.0,0.0,0.0,2663.1741252839583,2663.1741252839583,0.0,0.0,0.0,0.0,0.0,0.0,,,,
51,80.0,20.0,0.2,Random,600,0.2,True,0.14783882293381717,88.70329376029031,0.6462342663567989,7096.263500823225,12000.0,-4903.736499176775,-8.172894165294625,-1.634578833058925,7566.910624460734,2663.1741252839583,-1.8413127600711874,-4166.691928667445,-8224.21457662801,-109.16928070687804,0.6900675522553456,737.0445705093307,,,,
51,80.0,20.0,0.2,S-learner,99,0.033,True,0.3262926921977702,32.30297652757925,0.6274341606125619,2584.2381222063395,1980.0,604.2381222063395,6.103415375821611,0.20141270740211317,2058.936003077619,2663.1741252839583,0.2268864496954037,141.1329890142632,-1365.334219168081,1647.6001971966075,0.25620661401011546,-463.1051331920763,0.05221561298454702,97.0,99.0,False
51,80.0,20.0,0.2,T-learner,148,0.04933333333333333,True,0.3154444269440162,46.6857751877144,0.6322284268326069,3734.862015017152,2960.0,774.8620150171519,5.235554155521297,0.2582873383390506,1888.3121102668065,2663.1741252839583,0.2909543193817764,185.26278358696374,-1565.1032404494576,1935.6288076233855,0.29768676666902827,-589.5992314301882,0.0010414855720881633,153.0,148.0,False
51,80.0,20.0,0.2,DR-learner,600,0.2,True,0.2756306102423054,165.3783661453832,0.6717926238184966,13230.269291630657,12000.0,1230.2692916306569,2.050448819384428,0.4100897638768856,1432.9048336533015,2663.1741252839583,0.4619560095416144,-145.04295205131447,-3825.9053723617576,3535.8194682591293,0.6260085133102135,-1375.3122436819713,0.7185943140455429,600.0,609.0,True
51,80.0,20.0,0.2,Oracle,600,0.2,True,0.30548279427674907,183.28967656604948,0.6777630606253853,14663.174125283958,12000.0,2663.1741252839583,4.438623542139931,0.8877247084279861,0.0,2663.1741252839583,1.0,,,,,,,,,
51,80.0,20.0,0.3,Treat nobody,0,0.0,True,0.0,0.0,0.6166665017700356,0.0,0.0,0.0,0.0,0.0,2672.6410038722333,2672.6410038722333,0.0,0.0,0.0,0.0,0.0,0.0,,,,
51,80.0,20.0,0.3,Random,900,0.3,True,0.15783110135234155,142.04799121710735,0.6640158321757379,11363.839297368588,18000.0,-6636.160702631412,-7.37351189181268,-2.212053567543804,9308.801706503646,2672.6410038722333,-2.4829974145486307,-9006.00757352796,-13813.188942369876,-4198.826204686043,0.8175628747535418,-2369.8468708965484,,,,
51,80.0,20.0,0.3,S-learner,99,0.033,True,0.3262926921977702,32.30297652757925,0.6274341606125619,2584.2381222063395,1980.0,604.2381222063395,6.103415375821611,0.20141270740211317,2068.402881665894,2672.6410038722333,0.22608278527901587,141.1329890142632,-1365.334219168081,1647.6001971966075,0.25620661401011546,-463.1051331920763,0.05221561298454702,97.0,99.0,False
51,80.0,20.0,0.3,T-learner,148,0.04933333333333333,True,0.3154444269440162,46.6857751877144,0.6322284268326069,3734.862015017152,2960.0,774.8620150171519,5.235554155521297,0.2582873383390506,1897.7789888550815,2672.6410038722333,0.2899237173621521,185.26278358696374,-1565.1032404494576,1935.6288076233855,0.29768676666902827,-589.5992314301882,0.0010414855720881633,153.0,148.0,False
51,80.0,20.0,0.3,DR-learner,667,0.22233333333333333,True,0.27092597949800906,180.70762832517204,0.6769023778784262,14456.610266013762,13340.0,1116.6102660137622,1.674078359840723,0.3722034220045874,1556.0307378584712,2672.6410038722333,0.41779283652236526,258.5612829210668,-3643.6587139668463,4160.781279808979,0.6636550514308983,-858.0489830926954,0.0174953894564851,666.0,667.0,False
51,80.0,20.0,0.3,Oracle,638,0.21266666666666667,True,0.3023636560319795,192.90801254840292,0.6809691726195032,15432.641003872233,12760.0,2672.6410038722333,4.189092482558359,0.8908803346240778,0.0,2672.6410038722333,1.0,,,,,,,,,
51,120.0,5.0,0.1,Treat nobody,0,0.0,True,0.0,0.0,0.6166665017700356,0.0,0.0,0.0,0.0,0.0,10499.176502087483,10499.176502087483,0.0,0.0,0.0,0.0,0.0,0.0,,,,
51,120.0,5.0,0.1,Random,300,0.1,True,0.15639510132012313,46.918530396036935,0.6323060119020478,5630.223647524433,1500.0,4130.223647524433,13.767412158414775,1.3767412158414776,6368.95285456305,10499.176502087483,0.39338548568101955,2401.6560254159253,-2495.7225583173536,7299.034609149205,0.8329028190251075,-1728.5676221085073,,,,
51,120.0,5.0,0.1,S-learner,300,0.1,True,0.30645848318343594,91.9375449550308,0.6473123500883792,11032.505394603697,1500.0,9532.505394603697,31.775017982012322,3.177501798201232,966.6711074837858,10499.176502087483,0.9079288640121833,6387.033640603583,2359.861239419356,10414.20604178781,0.6849058508132547,-3145.471754000114,19.123231653146604,300.0,328.0,True
51,120.0,5.0,0.1,T-learner,300,0.1,True,0.29557085894184854,88.67125768255454,0.6462235876642205,10640.550921906544,1500.0,9140.550921906544,30.468503073021814,3.0468503073021815,1358.6255801809384,10499.176502087483,0.8705969387303079,9481.889166275141,5598.951051509502,13364.82728104078,0.660375759519692,341.33824436859686,20.38223285196278,300.0,329.0,True
51,120.0,5.0,0.1,DR-learner,300,0.1,True,0.301309933725559,90.39298011766769,0.6467974951425914,10847.157614120122,1500.0,9347.157614120122,31.157192047067074,3.1157192047067075,1152.0188879673606,10499.176502087483,0.8902753099027993,9393.065172872786,5396.8994807256,13389.23086501997,0.6796325040780395,45.907558752664045,32.98053106256683,300.0,312.0,True
51,120.0,5.0,0.1,Oracle,300,0.1,True,0.333310458391319,99.9931375173957,0.6499975476091674,11999.176502087483,1500.0,10499.176502087483,34.99725500695828,3.4997255006958277,0.0,10499.176502087483,1.0,,,,,,,,,
51,120.0,5.0,0.2,Treat nobody,0,0.0,True,0.0,0.0,0.6166665017700356,0.0,0.0,0.0,0.0,0.0,18994.76118792594,18994.76118792594,0.0,0.0,0.0,0.0,0.0,0.0,,,,
51,120.0,5.0,0.2,Random,600,0.2,True,0.14783882293381717,88.70329376029031,0.6462342663567989,10644.395251234837,3000.0,7644.395251234837,12.740658752058062,2.548131750411612,11350.365936691102,18994.76118792594,0.4024475578084137,8749.962106998833,2647.9146023260478,14852.00961167162,1.037782250559187,1105.5668557639965,,,,
51,120.0,5.0,0.2,S-learner,600,0.2,True,0.28192817974020346,169.1569078441221,0.6730521377180763,20298.82894129465,3000.0,17298.82894129465,28.83138156882442,5.766276313764884,1695.9322466312879,18994.76118792594,0.9107157900090205,13061.782046868964,7402.849644778363,18720.714448959563,0.9624211544578606,-4237.046894425686,14.472362894287894,600.0,634.0,True
51,120.0,5.0,0.2,T-learner,600,0.2,True,0.2735580984460109,164.13485906760658,0.6713781214592377,19696.18308811279,3000.0,16696.18308811279,27.826971813521315,5.5653943627042635,2298.5780998131486,18994.76118792594,0.8789888392345652,14861.47678914544,9428.467985360525,20294.485592930356,0.9239980677603938,-1834.7062989673504,15.201282100388987,600.0,632.0,True
51,120.0,5.0,0.2,DR-learner,600,0.2,True,0.2756306102423054,165.3783661453832,0.6717926238184966,19845.403937445986,3000.0,16845.403937445986,28.075673229076642,5.615134645815329,2149.357250479952,18994.76118792594,0.8868447342288148,14782.435571923028,9160.686419292344,20404.184724553714,0.956097356375649,-2062.9683655229583,26.077891471068313,600.0,609.0,True
51,120.0,5.0,0.2,Oracle,600,0.2,True,0.30548279427674907,183.28967656604948,0.6777630606253853,21994.76118792594,3000.0,18994.76118792594,31.657935313209897,6.3315870626419795,0.0,18994.76118792594,1.0,,,,,,,,,
51,120.0,5.0,0.3,Treat nobody,0,0.0,True,0.0,0.0,0.6166665017700356,0.0,0.0,0.0,0.0,0.0,25940.04624772578,25940.04624772578,0.0,0.0,0.0,0.0,0.0,0.0,,,,
51,120.0,5.0,0.3,Random,900,0.3,True,0.15783110135234155,142.04799121710735,0.6640158321757379,17045.758946052883,4500.0,12545.758946052883,13.93973216228098,4.181919648684294,13394.287301672895,25940.04624772578,0.4836444324825673,8990.988639708057,1801.3150825053042,16180.662196910813,1.2227560665933972,-3554.770306344826,,,,
51,120.0,5.0,0.3,S-learner,900,0.3,True,0.263013043661025,236.7117392949225,0.695570414868343,28405.4087153907,4500.0,23905.4087153907,26.561565239323,7.968469571796899,2034.6375323350803,25940.04624772578,0.9215638432983341,19858.418960544783,12939.0079410163,26777.829980073268,1.1767922053853908,-4046.9897548459157,10.927955754218386,900.0,941.0,True
51,120.0,5.0,0.3,T-learner,900,0.3,True,0.2546595604177143,229.1936043759429,0.6930643698953497,27503.232525113148,4500.0,23003.232525113148,25.55914725012572,7.667744175037716,2936.813722612631,25940.04624772578,0.8867845610387025,21116.433462436995,14563.600328429251,27669.266596444737,1.1144478819841686,-1886.799062676153,11.479335576703807,900.0,932.0,True
51,120.0,5.0,0.3,DR-learner,900,0.3,True,0.25857852050087193,232.72066845078473,0.6942400579202971,27926.48021409417,4500.0,23426.48021409417,26.02942246010463,7.80882673803139,2513.5660336316105,25940.04624772578,0.9031009424722217,18592.050673501646,11683.811138608453,25500.29020839484,1.1748922581204735,-4834.429540592522,21.117517305005002,900.0,911.0,True
51,120.0,5.0,0.3,Oracle,900,0.3,True,0.281852280071535,253.6670520643815,0.701222185791496,30440.04624772578,4500.0,25940.04624772578,28.822273608584197,8.646682082575259,0.0,25940.04624772578,1.0,,,,,,,,,
51,120.0,10.0,0.1,Treat nobody,0,0.0,True,0.0,0.0,0.6166665017700356,0.0,0.0,0.0,0.0,0.0,8999.176502087483,8999.176502087483,0.0,0.0,0.0,0.0,0.0,0.0,,,,
51,120.0,10.0,0.1,Random,300,0.1,True,0.15639510132012313,46.918530396036935,0.6323060119020478,5630.223647524433,3000.0,2630.2236475244326,8.767412158414775,0.8767412158414776,6368.95285456305,8999.176502087483,0.29227381493343485,901.6560254159255,-3989.887190614,5793.199241445851,0.831910391315656,-1728.5676221085073,,,,
51,120.0,10.0,0.1,S-learner,300,0.1,True,0.30645848318343594,91.9375449550308,0.6473123500883792,11032.505394603697,3000.0,8032.505394603697,26.775017982012322,2.677501798201232,966.6711074837858,8999.176502087483,0.8925822704711311,4887.033640603582,884.1393539043612,8889.927927302802,0.680776843906919,-3145.4717540001147,14.123231653146604,300.0,328.0,True
51,120.0,10.0,0.1,T-learner,300,0.1,True,0.29557085894184854,88.67125768255454,0.6462235876642205,10640.550921906544,3000.0,7640.550921906544,25.468503073021814,2.5468503073021815,1358.6255801809384,8999.176502087483,0.8490277882797624,7981.889166275139,4138.03445959912,11825.743872951158,0.653728799269758,341.33824436859504,15.38223285196278,300.0,329.0,True
51,120.0,10.0,0.1,DR-learner,300,0.1,True,0.301309933725559,90.39298011766769,0.6467974951425914,10847.157614120122,3000.0,7847.157614120122,26.157192047067074,2.6157192047067075,1152.0188879673606,8999.176502087483,0.8719861881028632,7893.065172872786,3934.4766883964294,11851.653657349143,0.6732417050689363,45.907558752664045,27.980531062566833,300.0,312.0,True
51,120.0,10.0,0.1,Oracle,300,0.1,True,0.333310458391319,99.9931375173957,0.6499975476091674,11999.176502087483,3000.0,8999.176502087483,29.997255006958277,2.9997255006958277,0.0,8999.176502087483,1.0,,,,,,,,,
51,120.0,10.0,0.2,Treat nobody,0,0.0,True,0.0,0.0,0.6166665017700356,0.0,0.0,0.0,0.0,0.0,15994.761187925938,15994.761187925938,0.0,0.0,0.0,0.0,0.0,0.0,,,,
51,120.0,10.0,0.2,Random,600,0.2,True,0.14783882293381717,88.70329376029031,0.6462342663567989,10644.395251234837,6000.0,4644.395251234837,7.740658752058062,1.5481317504116123,11350.365936691102,15994.761187925938,0.2903697777457771,5749.962106998834,-333.7954497762914,11833.719663773958,1.0346716580445747,1105.5668557639974,,,,
51,120.0,10.0,0.2,S-learner,600,0.2,True,0.28192817974020346,169.1569078441221,0.6730521377180763,20298.82894129465,6000.0,14298.82894129465,23.83138156882442,4.766276313764884,1695.9322466312879,15994.761187925938,0.89396951747479,10061.782046868964,4434.341724902168,15689.22236883576,0.9570652601026224,-4237.046894425686,9.472362894287894,600.0,634.0,True
51,120.0,10.0,0.2,T-learner,600,0.2,True,0.2735580984460109,164.13485906760658,0.6713781214592377,19696.18308811279,6000.0,13696.18308811279,22.826971813521315,4.5653943627042635,2298.5780998131486,15994.761187925938,0.8562918150007585,11861.47678914544,6466.402439341684,17256.551138949195,0.9175465114596347,-1834.7062989673504,10.201282100388987,600.0,632.0,True
51,120.0,10.0,0.2,DR-learner,600,0.2,True,0.2756306102423054,165.3783661453832,0.6717926238184966,19845.403937445986,6000.0,13845.403937445986,23.075673229076642,4.615134645815329,2149.357250479952,15994.761187925938,0.8656211727560865,11782.43557192303,6197.121257435602,17367.749886410456,0.9499008414684614,-2062.9683655229564,21.077891471068313,600.0,609.0,True
51,120.0,10.0,0.2,Oracle,600,0.2,True,0.30548279427674907,183.28967656604948,0.6777630606253853,21994.76118792594,6000.0,15994.761187925938,26.657935313209897,5.3315870626419795,0.0,15994.761187925938,1.0,,,,,,,,,
51,120.0,10.0,0.3,Treat nobody,0,0.0,True,0.0,0.0,0.6166665017700356,0.0,0.0,0.0,0.0,0.0,21440.04624772578,21440.04624772578,0.0,0.0,0.0,0.0,0.0,0.0,,,,
51,120.0,10.0,0.3,Random,900,0.3,True,0.15783110135234155,142.04799121710735,0.6640158321757379,17045.758946052883,9000.0,8045.758946052883,8.93973216228098,2.6819196486842944,13394.287301672895,21440.04624772578,0.37526779807698996,4490.988639708058,-2686.0635967534845,11668.0408761696,1.2206095440312879,-3554.7703063448253,,,,
51,120.0,10.0,0.3,S-learner,900,0.3,True,0.263013043661025,236.7117392949225,0.695570414868343,28405.4087153907,9000.0,19405.4087153907,21.561565239323,6.468469571796899,2034.6375323350803,21440.04624772578,0.9051010660692534,15358.418960544783,8473.319334625668,22243.518586463895,1.1709568271369446,-4046.9897548459157,5.927955754218386,900.0,941.0,True
51,120.0,10.0,0.3,T-learner,900,0.3,True,0.2546595604177143,229.1936043759429,0.6930643698953497,27503.232525113148,9000.0,18503.232525113148,20.55914725012572,6.167744175037716,2936.813722612631,21440.04624772578,0.8630220434844375,16616.433462436995,10102.438487951445,23130.428436922546,1.1078426314406986,-1886.799062676153,6.479335576703807,900.0,932.0,True
51,120.0,10.0,0.3,DR-learner,900,0.3,True,0.25857852050087193,232.72066845078473,0.6942400579202971,27926.48021409417,9000.0,18926.48021409417,21.02942246010463,6.30882673803139,2513.5660336316105,21440.04624772578,0.8827630311712489,14092.050673501646,7215.700934049647,20968.400412953644,1.1694687238629164,-4834.429540592522,16.117517305005002,900.0,911.0,True
51,120.0,10.0,0.3,Oracle,900,0.3,True,0.281852280071535,253.6670520643815,0.701222185791496,30440.04624772578,9000.0,21440.04624772578,23.822273608584197,7.14668208257526,0.0,21440.04624772578,1.0,,,,,,,,,
51,120.0,20.0,0.1,Treat nobody,0,0.0,True,0.0,0.0,0.6166665017700356,0.0,0.0,0.0,0.0,0.0,5999.176502087483,5999.176502087483,0.0,0.0,0.0,0.0,0.0,0.0,,,,
51,120.0,20.0,0.1,Random,300,0.1,True,0.15639510132012313,46.918530396036935,0.6323060119020478,5630.223647524433,6000.0,-369.77635247556736,-1.2325878415852245,-0.12325878415852246,6368.95285456305,5999.176502087483,-0.06163785185298339,-2098.343974584074,-6994.11583173499,2797.4278825668425,0.8326295611838009,-1728.5676221085068,,,,
51,120.0,20.0,0.1,S-learner,300,0.1,True,0.30645848318343594,91.9375449550308,0.6473123500883792,11032.505394603697,6000.0,5032.505394603697,16.775017982012322,1.6775017982012324,966.6711074837858,5999.176502087483,0.838866033171816,1887.0336406035808,-2086.489213611862,5860.556494819024,0.6757816105394597,-3145.471754000116,4.123231653146604,300.0,328.0,True
51,120.0,20.0,0.1,T-learner,300,0.1,True,0.29557085894184854,88.67125768255454,0.6462235876642205,10640.550921906544,6000.0,4640.550921906544,15.468503073021814,1.5468503073021815,1358.6255801809384,5999.176502087483,0.7735313205557148,4981.88916627514,1196.8038077751246,8766.974524775156,0.6437338285050622,341.33824436859595,5.38223285196278,300.0,329.0,True
51,120.0,20.0,0.1,DR-learner,300,0.1,True,0.301309933725559,90.39298011766769,0.6467974951425914,10847.157614120122,6000.0,4847.157614120122,16.157192047067074,1.6157192047067075,1152.0188879673606,5999.176502087483,0.8079704960228288,4893.065172872784,990.7301219933031,8795.400223752265,0.663674618795822,45.907558752662226,17.980531062566833,300.0,312.0,True
51,120.0,20.0,0.1,Oracle,300,0.1,True,0.333310458391319,99.9931375173957,0.6499975476091674,11999.176502087483,6000.0,5999.176502087483,19.997255006958277,1.9997255006958277,0.0,5999.176502087483,1.0,,,,,,,,,
51,120.0,20.0,0.2,Treat nobody,0,0.0,True,0.0,0.0,0.6166665017700356,0.0,0.0,0.0,0.0,0.0,9994.761187925938,9994.761187925938,0.0,0.0,0.0,0.0,0.0,0.0,,,,
51,120.0,20.0,0.2,Random,600,0.2,True,0.14783882293381717,88.70329376029031,0.6462342663567989,10644.395251234837,12000.0,-1355.604748765163,-2.2593412479419386,-0.45186824958838767,11350.365936691102,9994.761187925938,-0.13563152968605058,-250.0378930011659,-6319.883672848639,5819.807886846309,1.0323056661118342,1105.5668557639972,,,,
51,120.0,20.0,0.2,S-learner,578,0.19266666666666668,True,0.28301745393503597,163.5840883744508,0.6711945312281858,19630.090604934096,11560.0,8070.090604934096,13.962094472204317,2.6900302016446984,1924.6705829918428,9994.761187925938,0.807432058975364,3775.567020572255,-1722.5149184556403,9273.64895960015,0.9350651308554759,-4294.523584361841,0.005567620160334741,546.0,578.0,False
51,120.0,20.0,0.2,T-learner,600,0.2,True,0.2735580984460109,164.13485906760658,0.6713781214592377,19696.18308811279,12000.0,7696.18308811279,12.826971813521316,2.5653943627042635,2298.5780998131486,9994.761187925938,0.770021708713769,5861.47678914544,517.1349534685719,11205.81862482231,0.9089183743225822,-1834.7062989673495,0.20128210038898686,600.0,632.0,True
51,120.0,20.0,0.2,DR-learner,600,0.2,True,0.2756306102423054,165.3783661453832,0.6717926238184966,19845.403937445986,12000.0,7845.403937445986,13.075673229076644,2.6151346458153286,2149.357250479952,9994.761187925938,0.784951615144496,5782.435571923027,245.67133949535602,11319.199804350697,0.9416438730679003,-2062.968365522959,11.077891471068313,600.0,609.0,True
51,120.0,20.0,0.2,Oracle,600,0.2,True,0.30548279427674907,183.28967656604948,0.6777630606253853,21994.76118792594,12000.0,9994.761187925938,16.657935313209897,3.3315870626419795,0.0,9994.761187925938,1.0,,,,,,,,,
51,120.0,20.0,0.3,Treat nobody,0,0.0,True,0.0,0.0,0.6166665017700356,0.0,0.0,0.0,0.0,0.0,12440.046247725779,12440.046247725779,0.0,0.0,0.0,0.0,0.0,0.0,,,,
51,120.0,20.0,0.3,Random,900,0.3,True,0.15783110135234155,142.04799121710735,0.6640158321757379,17045.758946052883,18000.0,-954.2410539471166,-1.0602678377190184,-0.31808035131570556,13394.287301672895,12440.046247725779,-0.07670719504934041,-4509.011360291942,-11686.097370733027,2668.0746501491426,1.2206152880109067,-3554.7703063448253,,,,
51,120.0,20.0,0.3,S-learner,578,0.19266666666666668,True,0.28301745393503597,163.5840883744508,0.6711945312281858,19630.090604934096,11560.0,8070.090604934096,13.962094472204317,2.6900302016446984,4369.955642791683,12440.046247725779,0.6487186980039906,3775.567020572255,-1722.5149184556403,9273.64895960015,0.9350651308554759,-4294.523584361841,0.005567620160334741,546.0,578.0,False
51,120.0,20.0,0.3,T-learner,648,0.216,True,0.27035285595101977,175.1886506562608,0.6750627186554559,21022.638078751294,12960.0,8062.6380787512935,12.442342714122367,2.6875460262504314,4377.408168974485,12440.046247725779,0.6481196225637232,5550.69847850231,-42.94544620869756,11144.342403213317,0.9513174678774642,-2511.939600248984,0.0005379242361485126,614.0,648.0,False
51,120.0,20.0,0.3,DR-learner,900,0.3,True,0.25857852050087193,232.72066845078473,0.6942400579202971,27926.48021409417,18000.0,9926.480214094168,11.029422460104632,3.3088267380313896,2513.5660336316105,12440.046247725779,0.7979456037720819,5092.050673501646,-1746.6735627663531,11930.774909769645,1.1630697111802368,-4834.429540592522,6.117517305005002,900.0,911.0,True
51,120.0,20.0,0.3,Oracle,900,0.3,True,0.281852280071535,253.6670520643815,0.701222185791496,30440.04624772578,18000.0,12440.046247725779,13.822273608584199,4.14668208257526,0.0,12440.046247725779,1.0,,,,,,,,,
